"tree_id_num","lon_tr","lat_tr"
"tree_4349687",30.15375741,-17.91551298
"tree_4138163",30.93505826,-19.03126511
"tree_3474025",25.91721055,-14.14097278
"tree_270671",30.31688121,-27.21058045
"tree_4488065",32.79298031,-18.35471023
"tree_154233",25.23125904,-32.9602602
"tree_1044489",31.42907723,-7.081918671
"tree_637640",35.23597078,-1.759266295
"tree_121667",31.5320578,-29.11899707
"tree_5018475",24.42194114,-21.04181503
"tree_4091799",28.01564455,-13.1938861
"tree_3187772",30.65928557,-9.972565389
"tree_3532906",31.7106661,-12.22994189
"tree_21960",22.92557867,-33.78159151
"tree_60265",30.53891237,-27.57865154
"tree_2908826",26.01096308,-14.8256409
"tree_2754626",22.56835219,-14.81419221
"tree_4528149",29.07794752,-18.47009867
"tree_237755",28.92817237,-30.61931723
"tree_2398694",26.81939834,-13.25834136
"tree_2468597",28.12300923,-12.88215702
"tree_4025685",29.48097855,-11.0546926
"tree_1685607",37.24200446,-9.540774205
"tree_5018216",25.49450613,-20.62812944
"tree_2130175",28.48089148,-12.62424582
"tree_3396136",25.80596957,-16.3636426
"tree_2148603",30.42165897,-8.568973195
"tree_395531",36.31989425,-7.513813995
"tree_80544",32.38917196,-26.96547016
"tree_6461",30.34365476,-23.72314515
"tree_4508359",31.02313151,-17.68140066
"tree_98653",25.53442216,-27.16694919
"tree_3908465",27.89007025,-12.27285197
"tree_272151",28.63411406,-32.19941767
"tree_4693022",34.64651802,-16.24762138
"tree_4669615",34.21678903,-12.92236093
"tree_1943910",38.93297555,-8.043609199
"tree_198973",31.07014646,-27.77868822
"tree_1451583",31.01007554,-4.269866333
"tree_1097366",37.91990736,-7.066142907
"tree_59033",30.30687494,-30.80781506
"tree_4340816",30.92892828,-17.51327609
"tree_4793223",33.33497469,-11.37417259
"tree_1265596",33.25914462,-8.352092981
"tree_4681654",35.38175394,-14.16125415
"tree_5022947",29.04457184,-21.80328858
"tree_3845991",28.45339675,-14.27240742
"tree_1815518",35.55734363,-3.261569693
"tree_4192142",30.95552154,-18.09589757
"tree_562508",38.98958765,-7.696632554
"tree_607569",37.02709481,-11.39618426
"tree_1502900",30.74883051,-6.954630798
"tree_4131515",30.18017037,-19.55366824
"tree_4267151",30.7961423,-17.16729107
"tree_3549923",24.84725981,-13.20064714
"tree_2819463",25.28843758,-15.9713219
"tree_4210230",30.92640418,-17.36858981
"tree_1993484",30.00566143,-5.918658962
"tree_616068",31.56637059,-2.551930788
"tree_17536",30.10774103,-31.07266759
"tree_46192",29.06798979,-28.58235067
"tree_534616",38.49774746,-9.101216367
"tree_2085200",27.8888082,-12.98618691
"tree_845483",31.19235209,-3.471793007
"tree_4294844",31.46439927,-20.12430013
"tree_4766231",34.86458272,-14.41772299
"tree_267908",31.04147983,-27.98395344
"tree_4699848",33.71692597,-10.59818534
"tree_380133",38.98652267,-9.391851
"tree_2877585",28.35910334,-13.48190646
"tree_4359303",31.51073464,-17.21606071
"tree_177803",26.49439363,-32.54720564
"tree_2702239",28.34323752,-14.53671907
"tree_4266497",30.44664381,-17.94066406
"tree_3203605",27.6618189,-13.770648
"tree_240872",28.04094923,-26.29198029
"tree_4054876",29.44960751,-12.20578244
"tree_3940334",31.21621165,-10.48793704
"tree_3980018",30.0548522,-12.39310836
"tree_922520",34.31232807,-2.061079183
"tree_224430",30.03814783,-28.17858128
"tree_4147752",30.17620392,-17.8808063
"tree_3550231",23.37949185,-14.50192224
"tree_1443805",39.00283921,-9.125465969
"tree_4984547",32.9522121,-13.31260824
"tree_4939957",34.80211111,-16.15540077
"tree_200721",26.06691831,-33.26937501
"tree_4633808",34.82401674,-15.52455054
"tree_3522354",28.00311417,-13.96437438
"tree_2616063",28.19242216,-12.85619462
"tree_4594194",31.54003229,-17.40753341
"tree_283226",26.47077521,-25.78066527
"tree_2315991",29.26318421,-15.67257402
"tree_1885989",37.15086618,-9.556369674
"tree_2565250",28.73708829,-13.08228384
"tree_111497",29.19518669,-30.70207237
"tree_3881588",32.79927719,-11.7515306
"tree_3500934",25.71239733,-16.84358639
"tree_1933377",32.70654558,-7.056407008
"tree_3583739",24.99176491,-12.41627619
"tree_239491",30.98171262,-28.56314932
"tree_1210590",39.2893253,-10.99944635
"tree_1267042",37.19711142,-3.067572879
"tree_1158945",35.67453429,-11.52924155
"tree_1867937",38.74042228,-8.757124434
"tree_2322188",27.68183146,-15.1335838
"tree_278277",28.14624049,-31.58154864
"tree_2642479",29.92549174,-10.14339437
"tree_2150566",23.13321117,-15.25266828
"tree_1861202",38.50550008,-8.348667387
"tree_352209",38.68344959,-6.036301082
"tree_28807",31.02543373,-27.23924726
"tree_4443647",30.90756353,-16.81364353
"tree_4178905",27.12185578,-19.14845649
"tree_4019005",27.19684242,-13.56835764
"tree_229055",22.30068223,-32.78095738
"tree_4346139",29.04531444,-16.61189405
"tree_73013",30.46886843,-24.99620417
"tree_1471767",38.48233238,-9.945895806
"tree_4789196",34.15702182,-13.5212089
"tree_3421967",31.16699158,-10.5004675
"tree_4957384",34.79183439,-15.49705564
"tree_143824",29.58930776,-25.18443156
"tree_15378",30.151372,-29.68485116
"tree_2634712",28.39408024,-12.51273371
"tree_449430",33.19496019,-5.55960259
"tree_2770396",27.41409588,-12.25256884
"tree_249805",28.02120712,-32.58777189
"tree_3269273",28.29582038,-14.43494286
"tree_5039617",25.57284358,-23.74614144
"tree_204854",25.99191631,-32.63518933
"tree_4508011",31.95831266,-17.93967244
"tree_4879160",34.01810586,-12.46702733
"tree_4226866",31.47945376,-18.25563844
"tree_41039",28.31021721,-31.44659825
"tree_2886891",24.22759165,-13.03144081
"tree_4348170",30.88232248,-16.69924671
"tree_946407",39.02510544,-10.2523062
"tree_1998756",35.14293942,-11.55971131
"tree_4825306",35.36174139,-14.03414657
"tree_3593185",32.9476586,-11.93813534
"tree_3229009",26.55418686,-17.12628807
"tree_3488956",27.38858437,-12.62848274
"tree_1087837",38.27535565,-8.203890953
"tree_3713057",28.90521182,-14.29196937
"tree_3613808",33.04835242,-10.60675107
"tree_1158402",38.66100307,-6.079842189
"tree_2789732",28.66199612,-11.85069254
"tree_441122",39.45113856,-9.027115354
"tree_162362",30.91004604,-27.41638655
"tree_2437090",33.04096039,-10.9834763
"tree_779692",30.71430434,-3.766664559
"tree_4531232",31.12689029,-19.35182862
"tree_4204895",28.8977444,-16.89531691
"tree_1682592",38.05332442,-8.189377251
"tree_2318136",27.2244273,-12.18081166
"tree_2450055",26.00690648,-14.24301943
"tree_2129519",32.92989971,-12.8973919
"tree_3818269",30.59618291,-9.192882095
"tree_217345",29.260543,-29.80429622
"tree_234154",30.40459389,-27.70575912
"tree_81661",29.37899567,-28.33642906
"tree_3236887",30.88023504,-10.98536939
"tree_2352234",26.61476542,-15.32703973
"tree_3685756",29.72780011,-9.012227069
"tree_2057254",31.86238293,-9.797589638
"tree_510472",34.27735117,-6.80742039
"tree_633938",39.50441524,-10.46883982
"tree_4912258",33.90947917,-12.31521941
"tree_386562",34.57402384,-9.663374423
"tree_2945072",29.82678115,-13.52048947
"tree_1342981",38.95650383,-7.438180479
"tree_82297",26.22602711,-27.75371744
"tree_5049609",25.63450389,-20.4237657
"tree_3572801",26.55265437,-14.81572471
"tree_141119",31.03805426,-28.91499391
"tree_26408",31.20194083,-24.87883249
"tree_2901792",28.76404214,-13.54690261
"tree_2790105",27.31610645,-16.27791259
"tree_2385992",23.75017493,-14.16432091
"tree_4513557",25.50101936,-18.11149304
"tree_1019545",36.36911432,-3.205858712
"tree_385356",37.20369212,-5.421316757
"tree_879810",31.61937683,-1.106870874
"tree_2907939",32.79026253,-11.74936707
"tree_1328160",35.1367193,-10.52310845
"tree_233245",23.19809193,-29.96322577
"tree_3795309",26.6788597,-14.84466197
"tree_4834009",34.0303658,-10.13870496
"tree_564010",31.34974816,-4.954354164
"tree_3326612",25.17359073,-12.45585082
"tree_2551698",26.51939025,-12.14655571
"tree_3854657",25.27464514,-13.94057551
"tree_1670160",39.41273609,-11.06155778
"tree_185257",29.47410036,-29.84991071
"tree_4180710",30.34225401,-18.84195595
"tree_4786529",33.63994074,-10.72700571
"tree_4488682",31.38831551,-21.0053089
"tree_4762820",34.85385527,-16.13872354
"tree_4849675",34.07922527,-11.14898484
"tree_541996",38.55553147,-8.274295931
"tree_1161934",31.56763265,-7.03332932
"tree_4595736",28.92244458,-16.73043765
"tree_5041390",25.71329208,-20.78940281
"tree_4170865",29.79605558,-20.81113179
"tree_2095813",25.69130301,-15.42466917
"tree_1287882",36.3427915,-4.156911869
"tree_4609833",28.80318059,-18.74558857
"tree_2400499",30.64945959,-8.700678282
"tree_3978925",25.24525733,-11.28312565
"tree_4389571",32.72771415,-20.35228245
"tree_1005167",35.98770379,-11.00269165
"tree_4404765",27.94651715,-19.35940098
"tree_4888499",35.43791529,-14.24563195
"tree_1169068",39.15825206,-4.761529264
"tree_210962",29.78627815,-30.04886563
"tree_3047826",22.74864551,-13.35741315
"tree_2784211",31.0300588,-11.88098201
"tree_3830731",30.2926591,-9.876468454
"tree_4318553",30.85446717,-20.73225298
"tree_3458417",28.16691065,-15.44107596
"tree_239669",28.09512735,-31.25016746
"tree_2168468",25.10354677,-16.70394835
"tree_3341299",27.65604952,-14.06921559
"tree_2505602",31.15419075,-11.23183189
"tree_3595599",29.59537466,-14.27682464
"tree_4170163",32.85689428,-20.19037804
"tree_4696618",35.08372918,-14.44197259
"tree_1096486",35.15619098,-8.427095467
"tree_3422602",31.42814646,-10.67192751
"tree_242426",30.65087448,-27.69187645
"tree_4700922",33.34552185,-13.37093349
"tree_4532691",28.89458927,-19.86395497
"tree_1478307",30.62695222,-1.05224166
"tree_2111504",29.04097269,-10.44610873
"tree_1122615",35.15132306,-11.55006556
"tree_1626857",35.39453876,-2.436001465
"tree_2811969",28.43284331,-12.54924334
"tree_2732183",26.38768598,-17.15811004
"tree_539579",31.99177269,-3.726729341
"tree_69421",25.31807025,-32.73642465
"tree_696703",32.3115229,-6.432588255
"tree_4187867",29.7178083,-19.54447322
"tree_145611",27.38432117,-25.86783763
"tree_4581553",31.2842863,-16.14069454
"tree_2512818",25.65190892,-14.1272704
"tree_156215",26.71696566,-25.84584171
"tree_5046891",22.40112341,-20.45053942
"tree_1385322",31.75441653,-1.205041195
"tree_1564640",31.03504616,-2.33116025
"tree_3791107",27.22406671,-16.01116697
"tree_5045991",22.4256433,-24.23753393
"tree_1661209",33.99050449,-9.082285452
"tree_42402",29.29894546,-31.58217967
"tree_4507079",31.1773724,-16.81193073
"tree_4289239",31.83391031,-17.79823145
"tree_790404",32.8910758,-7.7421569
"tree_884615",31.46720926,-4.194232817
"tree_52543",26.74112496,-31.85406368
"tree_4525965",31.32872859,-19.97519663
"tree_4394557",30.44231677,-19.1255591
"tree_2900378",30.03943712,-8.843561623
"tree_4633797",33.17730823,-12.70465539
"tree_2595539",22.76351971,-14.63254556
"tree_242285",24.17582229,-33.98027598
"tree_4486640",31.79100051,-18.64318133
"tree_237903",26.74130525,-33.42433808
"tree_4250696",31.76837371,-18.05632294
"tree_4345456",30.15601107,-17.32586003
"tree_63299",27.52152434,-32.45318209
"tree_222742",19.98382367,-34.62753301
"tree_1570824",35.42563936,-8.22570658
"tree_524515",37.76007732,-8.635696131
"tree_4144049",30.18729195,-17.00223151
"tree_3862218",27.32917772,-16.34137624
"tree_114625",31.79853124,-25.66834183
"tree_2618302",30.52442617,-12.1873924
"tree_1268395",36.29438274,-7.858807401
"tree_249483",30.67809876,-30.01677322
"tree_4170436",27.93741234,-19.33388932
"tree_945303",35.02268377,-7.475952163
"tree_2414092",26.38957906,-12.11734801
"tree_2904377",23.59350003,-16.23581384
"tree_2339023",25.34405807,-15.51301344
"tree_4787251",35.2892635,-15.33010299
"tree_242084",25.80459161,-33.57254011
"tree_5048224",28.83389909,-22.16775379
"tree_4177155",30.18098169,-17.28141745
"tree_699892",35.5878132,-7.177835311
"tree_142933",27.53432516,-32.72722964
"tree_2470435",27.30582973,-12.27267167
"tree_433658",33.14862481,-6.607473859
"tree_171868",29.44462242,-31.15839759
"tree_3819131",27.03971679,-16.57882401
"tree_4820652",33.40114232,-11.0011434
"tree_2525101",30.87266272,-14.72918338
"tree_4281894",31.94217641,-18.01278183
"tree_4460219",30.11499436,-17.95535805
"tree_2479427",25.65154833,-16.69286024
"tree_1784167",35.49721581,-10.89920264
"tree_899238",32.63803411,-6.877284484
"tree_456784",37.49234174,-4.297992266
"tree_218036",29.11089959,-25.96925325
"tree_4072051",26.18945347,-17.09644934
"tree_7126",25.17329476,-33.8529881
"tree_47474",27.02175142,-32.29533431
"tree_2693530",29.5890644,-14.16170664
"tree_2533341",25.50533045,-15.92354388
"tree_185269",30.6756648,-26.04488676
"tree_188910",19.80722642,-34.0652848
"tree_2033185",26.16331094,-15.46117879
"tree_50797",27.33122481,-25.83448316
"tree_1038860",35.84599324,-3.017901761
"tree_190748",31.43046254,-27.86540984
"tree_262242",31.05103537,-27.99666419
"tree_1044100",32.55672183,-7.281324318
"tree_4526882",31.3016846,-20.84962465
"tree_2442222",26.73844664,-15.42250564
"tree_3531393",23.3647078,-15.88757514
"tree_3058817",24.91009203,-12.11527463
"tree_2087997",29.09749465,-10.07993073
"tree_243255",27.26298381,-25.76470921
"tree_3493952",28.14978279,-14.02170801
"tree_3043450",26.18765053,-12.11491404
"tree_5021393",29.30563657,-22.12592548
"tree_2070366",30.54705298,-12.33766782
"tree_115648",31.76968431,-28.88921181
"tree_1926908",31.66111473,-1.123007226
"tree_4208826",30.4763922,-18.13673426
"tree_3020871",27.99301774,-15.89442633
"tree_3859226",28.22397349,-14.37310186
"tree_1800799",30.31747873,-4.492079227
"tree_3630031",29.04656178,-13.89712455
"tree_477159",36.35297807,-3.300152703
"tree_2309509",26.67318046,-13.80941131
"tree_2774393",25.03160974,-13.82590825
"tree_3785743",24.99537078,-11.47919585
"tree_3752187",24.79109844,-13.80228968
"tree_509586",35.51100824,-11.2651102
"tree_4871883",33.87369096,-11.99817164
"tree_108396",29.09656627,-30.95187031
"tree_4728215",35.38238497,-14.29133659
"tree_4924343",34.76271703,-15.89974326
"tree_3229693",27.70986707,-12.60441344
"tree_4455859",29.80263628,-20.9031721
"tree_100147",29.6709806,-31.44551648
"tree_4092134",29.00518447,-14.07597663
"tree_4668052",33.73161987,-10.4551217
"tree_4986022",34.15810358,-10.8165219
"tree_974297",38.30330111,-5.435109281
"tree_2046900",23.7659506,-13.12618554
"tree_4756745",34.16216017,-12.60513286
"tree_1634029",31.76063665,-1.119221043
"tree_60711",30.46336949,-25.66437535
"tree_2879697",26.83661636,-15.22075616
"tree_3255519",30.950279,-12.80571218
"tree_2210423",26.75521392,-15.1969573
"tree_1921408",37.03250361,-9.334877958
"tree_2043487",30.81316593,-12.93588476
"tree_4973594",35.13637481,-14.90983665
"tree_2097144",29.78423192,-9.291413005
"tree_272382",30.41946808,-26.03118439
"tree_395785",39.47827271,-9.810855272
"tree_2868485",23.90585822,-13.49786252
"tree_2564447",28.51289354,-13.6020727
"tree_3854892",31.4081339,-10.02575225
"tree_3862741",24.82814872,-14.72783117
"tree_3548511",30.00518139,-13.58386297
"tree_4439318",30.12427946,-17.59503962
"tree_1357873",37.05756438,-10.53636009
"tree_195414",29.16850329,-25.21210676
"tree_1883846",37.06757066,-9.152419988
"tree_4674301",34.15575976,-12.75558857
"tree_655463",33.30575044,-6.254908087
"tree_4380849",30.53453678,-17.57827224
"tree_4351347",29.20622617,-21.90119196
"tree_3784830",30.74420373,-14.4512595
"tree_2351965",26.57266693,-15.60640596
"tree_2530721",25.17323014,-16.99701696
"tree_4588111",31.21270988,-18.71520896
"tree_2227460",31.1907903,-13.00890401
"tree_4287814",30.76314863,-16.6509278
"tree_439541",31.44917993,-4.23173406
"tree_3327110",28.22893156,-12.95445509
"tree_413708",31.17666657,-3.960300785
"tree_3484509",31.57607713,-10.97148672
"tree_189405",30.41811588,-26.0308238
"tree_4029024",29.16645685,-8.973373618
"tree_4504422",28.59025424,-20.24068019
"tree_1879660",31.19289297,-4.428435291
"tree_2962906",29.80694888,-10.12996243
"tree_18152",22.2062987,-33.97973509
"tree_156510",24.51982183,-28.09267098
"tree_1130840",37.47214888,-8.010975906
"tree_760390",31.21993697,-2.522272354
"tree_545617",32.26996529,-8.76406577
"tree_276994",30.39783289,-28.21455002
"tree_159901",28.30309563,-32.67251028
"tree_133625",30.8724549,-26.88587017
"tree_978242",38.10407699,-9.291156557
"tree_2899165",29.60294698,-9.144563186
"tree_881390",32.14511216,-6.209924625
"tree_4109878",26.8341824,-15.14611426
"tree_1832484",35.55247571,-10.50498886
"tree_5000430",33.07237756,-13.10842479
"tree_4822346",33.41664754,-11.03612052
"tree_3194683",23.83500294,-13.42051621
"tree_4927321",33.69132432,-13.02603023
"tree_4732528",33.83005999,-10.24003044
"tree_3662747",26.07442633,-14.97032719
"tree_175763",19.18323144,-34.04824698
"tree_2204511",23.70023368,-15.70160143
"tree_86384",26.95432174,-27.01369892
"tree_2895854",28.51686,-13.01034636
"tree_4038059",30.89051176,-8.994828656
"tree_278139",23.05475879,-33.80656229
"tree_3266571",23.82806165,-13.01305078
"tree_509910",38.29762187,-8.725843349
"tree_4552506",25.51778663,-18.1484534
"tree_160019",29.38260153,-31.53972033
"tree_559801",38.64072007,-7.662016022
"tree_4521219",31.44456701,-18.81518222
"tree_1867071",37.25660821,-9.706645088
"tree_3510784",26.07974498,-14.42142077
"tree_2774543",31.89059884,-12.10517814
"tree_5025480",25.7923507,-20.76713645
"tree_176332",31.77392121,-27.66726626
"tree_78278",19.67849703,-34.63726891
"tree_1187722",31.57637687,-4.848972066
"tree_434439",31.80742277,-1.162401561
"tree_4641216",33.20272958,-12.90946987
"tree_2177356",25.7374581,-15.99863651
"tree_3800558",28.58609263,-15.55754617
"tree_4316856",31.3672212,-18.79498925
"tree_291384",26.53270595,-33.10197163
"tree_241266",28.83865676,-31.69675678
"tree_4596575",28.28745171,-18.80256161
"tree_3924285",26.15249334,-13.11059007
"tree_4545450",29.15862875,-16.27149816
"tree_583968",38.36144571,-5.097868536
"tree_4912786",35.06912543,-13.73792281
"tree_682307",39.80956169,-5.046755063
"tree_2123470",29.86292996,-13.33992459
"tree_1327608",31.41871036,-2.294290038
"tree_4218285",31.84481805,-16.54491467
"tree_269241",27.10035928,-32.80583801
"tree_4512168",32.31186775,-18.86981144
"tree_15515",21.05900253,-28.68565939
"tree_4378955",31.67552268,-18.20353335
"tree_3808782",25.81074734,-13.27619051
"tree_4458411",30.81137708,-16.83041091
"tree_605262",39.03114526,-8.791019788
"tree_2470422",32.69335486,-13.23445235
"tree_191579",27.5587549,-31.87425666
"tree_2572418",30.52235279,-10.64280996
"tree_4255417",31.77810955,-20.82258049
"tree_4733451",35.18072695,-17.08779346
"tree_389104",34.25860066,-2.054318142
"tree_857616",35.19071715,-6.732598199
"tree_4875526",33.32947575,-11.39301336
"tree_506909",38.49828834,-8.338030015
"tree_4232868",30.43258094,-18.34830978
"tree_3060601",28.73041744,-14.02910008
"tree_3335067",25.43267224,-13.51147475
"tree_4251019",30.73502288,-20.91714492
"tree_894126",39.69669807,-10.26519725
"tree_1595207",38.21892384,-9.798685398
"tree_127370",29.73967234,-27.76534643
"tree_3008769",26.24101736,-17.06336531
"tree_3682783",22.56871277,-14.81491338
"tree_4339261",31.03241662,-18.13231704
"tree_363715",33.18035644,-6.609547245
"tree_210742",30.82404616,-27.70693103
"tree_195066",26.78980414,-25.26294979
"tree_4266152",31.82246169,-17.8809866
"tree_2513369",26.39652035,-15.47839691
"tree_2853985",25.43817118,-16.02559053
"tree_1855121",37.20783887,-10.5359995
"tree_4907576",35.21705605,-16.6665355
"tree_2273996",23.39067004,-14.53879245
"tree_178761",24.30779696,-33.93952943
"tree_2132025",23.43601381,-13.94679567
"tree_1029572",34.32431758,-1.325297585
"tree_4370990",31.56338027,-18.76280669
"tree_4226385",31.45159845,-20.12610308
"tree_1459976",31.65264095,-1.150411981
"tree_2515088",27.59907683,-12.46522613
"tree_12569",31.47120882,-28.83359097
"tree_1214161",37.1733127,-9.929669306
"tree_129480",27.97973967,-32.25008041
"tree_3955820",30.85553486,-13.05532982
"tree_4886229",33.07165638,-13.4920012
"tree_4295213",28.82364387,-19.3117131
"tree_3794265",22.73115706,-16.99521401
"tree_3309362",27.51713351,-16.43999729
"tree_3242886",29.11263929,-15.32415502
"tree_29130",30.31003007,-30.66610363
"tree_382433",35.20288695,-4.538595192
"tree_1613869",39.77891183,-10.36634243
"tree_4506122",28.41086245,-19.76740729
"tree_4660312",34.76352835,-15.903259
"tree_4715792",33.91236386,-10.38949453
"tree_3696718",30.31708884,-8.458452705
"tree_4593387",32.84787961,-19.60090538
"tree_3067302",27.34982131,-13.5180555
"tree_4334422",30.68174622,-19.33884742
"tree_253404",24.1567112,-33.95341211
"tree_3536480",29.72302234,-8.913515865
"tree_199910",32.1300004,-27.9657437
"tree_3540526",24.85086568,-16.45306864
"tree_220802",29.96449803,-31.31471287
"tree_3588948",30.33619994,-12.15944676
"tree_4346041",30.5498617,-17.54744189
"tree_113968",31.52610812,-28.64103651
"tree_3768806",25.83625884,-12.3412737
"tree_4515139",31.1999992,-18.6929426
"tree_1329434",39.1409439,-7.928310906
"tree_1195005",30.29025444,-4.031787529
"tree_5006419",34.0398312,-10.28257992
"tree_150691",31.21762635,-27.84521687
"tree_3631434",26.2465163,-17.35481127
"tree_1126284",30.07723788,-5.550497721
"tree_140572",29.73237046,-25.5493475
"tree_3482497",27.89710169,-14.14764367
"tree_2253898",24.93488237,-14.07786972
"tree_3514800",25.83571796,-12.43088004
"tree_4317791",30.13347442,-18.02161626
"tree_3298858",31.37856579,-10.38805392
"tree_4590231",32.41129948,-21.05065295
"tree_1160693",37.63206906,-7.166837351
"tree_81151",19.02574528,-33.85929841
"tree_88598",27.05357318,-32.05482153
"tree_1495475",39.49116368,-9.642820857
"tree_2949481",32.45572826,-13.69717802
"tree_4273173",32.08397706,-18.47496662
"tree_2419702",28.59041967,-15.36228729
"tree_270438",25.38676198,-31.63924286
"tree_4010411",24.88791596,-15.30468322
"tree_4811610",33.25429346,-12.82806694
"tree_2462423",22.12374885,-15.00981167
"tree_1890915",34.73421445,-11.04920761
"tree_2982144",27.33900371,-13.15963016
"tree_82925",26.069803,-33.47445993
"tree_946831",37.71716751,-9.034597573
"tree_1227117",39.0532312,-9.313242626
"tree_996019",34.6831013,-3.332154966
"tree_132373",20.41039753,-34.06357201
"tree_2459872",31.06458497,-11.13699701
"tree_51319",31.3940433,-27.4972486
"tree_853917",34.46070948,-2.559683449
"tree_120406",30.28659195,-25.52113142
"tree_11063",30.93177138,-29.69197279
"tree_2922377",31.78981487,-13.10238667
"tree_4108758",26.34603822,-15.18686081
"tree_2710652",22.39184502,-13.20740818
"tree_4740838",34.0491163,-12.53337568
"tree_695245",37.84697871,-8.242203521
"tree_101609",29.09124762,-31.23484243
"tree_1153246",33.2529245,-6.552934792
"tree_3104574",30.63070908,-11.85114328
"tree_4440983",29.25084875,-16.07470678
"tree_3264196",24.22047007,-14.59396255
"tree_2367846",22.97806877,-13.92155445
"tree_3755352",25.76333019,-15.72161411
"tree_4688809",34.04289618,-10.35749226
"tree_798538",30.88260816,-2.560224333
"tree_4831597",34.88567703,-16.39627414
"tree_4518105",30.6637169,-17.19812142
"tree_3239830",23.86880794,-14.0073746
"tree_3467025",25.11048807,-16.96555558
"tree_119209",29.61346705,-29.0677033
"tree_4345994",30.59601678,-17.17955109
"tree_4399006",31.1143599,-17.95752159
"tree_48642",22.80910922,-33.81287259
"tree_16464",32.51096006,-27.65536682
"tree_3843063",26.30979926,-14.09698093
"tree_4144437",30.41581366,-17.35506772
"tree_4585660",30.48062909,-17.99998093
"tree_2667961",31.65134959,-9.77126665
"tree_1728631",36.07911251,-7.750180002
"tree_2899011",24.54725172,-13.19334522
"tree_4355575",31.83733588,-18.25149167
"tree_1636154",31.00006926,-3.760173959
"tree_2514765",28.46223112,-13.60685051
"tree_1289667",39.52262487,-10.73486426
"tree_47550",28.57308479,-30.90319082
"tree_223179",29.51818207,-30.72055255
"tree_51840",27.37674885,-32.4804967
"tree_2337259",25.44285881,-17.62507263
"tree_4474708",31.56752702,-17.42042446
"tree_3568038",28.68534411,-15.43260213
"tree_69974",30.62707577,-29.11277691
"tree_337252",31.16233325,-5.652544372
"tree_3411617",22.68734578,-16.84701199
"tree_1677196",38.79072411,-6.862860929
"tree_4179071",30.68508165,-19.72125192
"tree_4187326",30.20117454,-18.06750119
"tree_2564133",31.39650498,-13.34551372
"tree_120763",19.57942588,-34.44453415
"tree_294524",38.06819862,-9.446029479
"tree_3604662",26.55815332,-14.5843168
"tree_3545492",29.54263887,-9.223171561
"tree_4365397",29.4836975,-19.40285194
"tree_3820190",29.18619896,-11.39310526
"tree_240083",29.37728288,-31.55892168
"tree_1523757",33.75963889,-7.282856821
"tree_852832",39.73122424,-7.885581125
"tree_4281899",32.70670999,-19.44080392
"tree_16550",23.31699534,-30.58073422
"tree_4086110",29.53344391,-15.62641865
"tree_2904751",25.9225292,-15.0459607
"tree_326098",39.59131662,-9.756406352
"tree_4560736",28.06956731,-18.19551024
"tree_39228",28.99082428,-31.49617922
"tree_1714853",39.37217009,-9.615776691
"tree_3180822",29.00554505,-14.0106199
"tree_218449",28.23629698,-25.63057015
"tree_300001",34.93839664,-10.28746362
"tree_4553133",31.32566361,-18.80688868
"tree_237544",26.50647328,-33.33337954
"tree_3897232",28.50487049,-15.58044356
"tree_1545471",31.03738998,-4.762881472
"tree_578422",32.28916653,-3.540395041
"tree_880826",37.84742944,-8.242383816
"tree_209011",26.66441018,-25.71837354
"tree_2830873",25.76540357,-14.53212156
"tree_3302281",27.10741693,-12.05496614
"tree_1556929",37.34936913,-8.975641292
"tree_1645697",38.54498431,-8.314591738
"tree_1069462",36.90557711,-9.503903993
"tree_212268",26.60960103,-33.65628687
"tree_2335585",30.20079965,-8.501452929
"tree_1465850",30.77055586,-3.789111217
"tree_54408",30.29840115,-26.87270867
"tree_2408981",28.67506739,-15.43774052
"tree_3537417",30.91926855,-9.284020933
"tree_2694208",24.93758677,-16.67221653
"tree_956820",31.92542475,-6.040177412
"tree_4368495",31.51542226,-16.8517758
"tree_3167755",22.40599805,-14.88522821
"tree_4113013",29.90232405,-13.4046503
"tree_3550405",30.77494374,-13.0902168
"tree_4534455",32.74574348,-20.14250987
"tree_2907990",29.2959976,-10.65642219
"tree_2638747",25.5809635,-15.5971208
"tree_4198943",32.85968882,-19.83375565
"tree_274804",29.19626845,-26.28026115
"tree_221753",32.12098573,-28.09672761
"tree_1610898",31.02936692,-2.981572432
"tree_194957",28.4391269,-30.41964114
"tree_5046873",22.40905631,-19.8710731
"tree_3342024",32.53361498,-12.19027711
"tree_672341",38.27111875,-4.861322235
"tree_2875141",26.88799995,-16.76407654
"tree_4136486",31.06550043,-20.71819001
"tree_2601853",30.61439254,-10.69248108
"tree_1285655",32.7492751,-6.689507828
"tree_2774224",32.49277854,-10.14411555
"tree_2758571",23.3581271,-14.29692747
"tree_3496574",30.67533168,-11.33919722
"tree_507887",34.38129027,-9.407176027
"tree_4763696",34.90866442,-13.55961161
"tree_4971195",33.80121307,-10.43213416
"tree_4915974",33.20498325,-13.60585714
"tree_4961955",33.47271874,-10.89161453
"tree_1024121",38.86401335,-9.412584861
"tree_456322",34.0482885,-1.372174139
"tree_4525665",31.43392971,-16.1711643
"tree_4187002",31.17367639,-21.43404907
"tree_4766637",33.48389693,-10.94353933
"tree_3056730",29.81965956,-10.06478599
"tree_26222",27.54117631,-31.36456428
"tree_4666495",33.21580085,-13.53689452
"tree_3157634",29.9375714,-8.429605595
"tree_2432933",29.3000542,-14.4609954
"tree_3434015",26.59150758,-11.99168279
"tree_852097",38.34909562,-8.401583804
"tree_4266169",31.61359194,-18.85863318
"tree_194256",18.47954684,-33.74165629
"tree_4142375",31.31592777,-17.56069353
"tree_4954281",34.68059345,-16.29134278
"tree_93451",31.90760866,-28.45560368
"tree_1618628",37.69354909,-7.71394082
"tree_1197116",35.18684085,-9.542216561
"tree_5038466",22.38877332,-19.18514291
"tree_2105835",25.53453797,-16.84286521
"tree_3712464",24.98572508,-14.53572745
"tree_1735324",35.49297891,-3.062434487
"tree_3355123",32.63764423,-9.701943439
"tree_4423307",32.3490983,-21.30865429
"tree_262177",26.44643562,-33.18328442
"tree_1668470",38.35540588,-5.879715363
"tree_4878113",33.33199985,-13.04982909
"tree_158374",25.26785857,-33.3409519
"tree_1771703",34.44286044,-3.087044678
"tree_90719",28.02598489,-31.57370583
"tree_4400759",31.04197216,-20.30621722
"tree_4309958",28.21830925,-18.5633109
"tree_4597016",29.33937275,-16.4905559
"tree_830251",31.32603959,-2.597274839
"tree_235644",26.43183187,-27.96916929
"tree_173476",30.25891693,-29.45118957
"tree_4918477",33.9058733,-10.71889246
"tree_1491257",36.46070333,-3.193147954
"tree_3974520",31.95289018,-9.876738896
"tree_209325",30.91626616,-27.15586109
"tree_4223528",29.74728625,-16.64263426
"tree_2760308",22.99763059,-14.31946427
"tree_2523286",22.91893256,-14.00989872
"tree_1865506",40.08748385,-10.43377255
"tree_4354388",30.38200868,-19.47208501
"tree_230876",31.9451998,-28.60146188
"tree_3237959",28.78107986,-13.28259096
"tree_48892",18.96606821,-33.78564813
"tree_54814",30.51304028,-25.59451126
"tree_156438",31.71289194,-24.98520621
"tree_192713",23.05611099,-33.80665243
"tree_895249",37.35441734,-3.153032442
"tree_4974275",33.81040802,-11.99979429
"tree_2448799",31.43914435,-13.42105709
"tree_1020163",29.81941842,-5.255986758
"tree_3194330",28.42986847,-12.92128091
"tree_2547335",28.86013849,-15.68501434
"tree_209063",26.85993822,-32.44705208
"tree_146126",31.16245661,-28.61976177
"tree_454852",39.52280516,-10.73666721
"tree_1796567",35.74511913,-11.41069796
"tree_4519185",31.05846899,-17.46405571
"tree_4139528",32.8055107,-18.69032833
"tree_4402216",31.09587984,-19.62236042
"tree_3568282",25.00330368,-11.84897974
"tree_4803623",33.35688032,-13.3867994
"tree_4385520",30.84887808,-18.89081574
"tree_225635",25.4010953,-30.57442391
"tree_4284411",32.57239151,-18.84222639
"tree_3581008",32.06187749,-12.8469996
"tree_180778",28.62942643,-25.76714318
"tree_1673632",30.46216412,-5.982753634
"tree_217416",30.36691259,-26.12935471
"tree_3421686",27.42599524,-12.18847417
"tree_1711551",38.57320022,-9.950132725
"tree_4295600",31.31124015,-19.34687052
"tree_547879",36.09678126,-7.728634817
"tree_1070652",33.91424041,-7.623613307
"tree_2918344",29.70021523,-13.5161624
"tree_4269777",26.02008366,-18.27556097
"tree_4250776",30.25418075,-20.80950914
"tree_4522050",29.72565106,-20.21174294
"tree_1999535",34.28212894,-7.142948338
"tree_4279842",31.20063023,-19.51057787
"tree_1288828",36.12896361,-6.836988678
"tree_349036",31.7566702,-7.403924536
"tree_3983083",29.70418169,-14.11014243
"tree_3511039",28.84445297,-13.91569488
"tree_3839948",27.23073756,-12.89306483
"tree_1633575",38.95758559,-9.104912403
"tree_78613",26.91420649,-26.12619956
"tree_2323069",26.87015091,-12.78335566
"tree_699768",32.90991645,-7.165845731
"tree_1254119",31.22498518,-8.125823462
"tree_2589205",31.97416479,-10.11301476
"tree_562093",34.97941338,-9.44242359
"tree_3863701",29.88853161,-12.9394005
"tree_462140",36.90828151,-9.938233292
"tree_2857923",27.68913334,-13.09526504
"tree_4402924",30.76783626,-18.2973766
"tree_1228288",37.39949067,-9.034236984
"tree_630714",37.96759494,-4.836802191
"tree_1201989",36.8788937,-7.587193831
"tree_4010657",26.77793088,-12.22705718
"tree_4150128",31.27418988,-17.8290618
"tree_1741414",36.40778724,-3.176470719
"tree_2411503",22.9475992,-13.02558124
"tree_104445",30.28776385,-28.33408523
"tree_4665765",35.10518408,-14.36624893
"tree_2907479",32.54271979,-13.69672728
"tree_160696",32.1914804,-27.21634987
"tree_2965956",26.32287053,-15.16811019
"tree_3534895",32.73969025,-12.47847777
"tree_276341",31.98243036,-28.37140618
"tree_5028061",22.46188226,-20.24878994
"tree_356524",31.13222427,-2.671736442
"tree_45745",24.88680877,-30.57703818
"tree_3328921",26.14068412,-12.41429295
"tree_3492822",29.50910431,-10.97437143
"tree_5036695",24.64676691,-21.36625487
"tree_73513",28.18996161,-31.50609541
"tree_648379",35.51371264,-2.564371105
"tree_1044211",36.15177072,-11.449912
"tree_2782230",28.5680633,-15.51535727
"tree_2760417",27.42193864,-12.71448319
"tree_252256",31.09899338,-25.97376061
"tree_511084",39.46096455,-9.027836532
"tree_155964",30.4255079,-28.46533958
"tree_2700980",24.54175277,-14.28800289
"tree_2214984",27.45132645,-16.24627092
"tree_528145",34.96444903,-9.082105157
"tree_3186905",29.15996629,-11.06569056
"tree_148888",29.93655258,-30.4046767
"tree_3111508",24.02106565,-11.69131226
"tree_72098",31.12207092,-29.37005707
"tree_70589",28.33563856,-31.46841388
"tree_3665462",28.75601909,-14.15963325
"tree_955165",31.3042241,-7.76938136
"tree_3970563",26.7988449,-17.43621421
"tree_4413350",30.79433937,-16.83816357
"tree_3220833",25.9602105,-15.22787779
"tree_2840578",25.61548967,-16.708636
"tree_4375987",32.89818143,-19.80229427
"tree_4354057",29.67922554,-16.58656269
"tree_2387058",28.31105517,-13.57692163
"tree_2652710",26.21712849,-12.05253216
"tree_4507640",31.13265967,-20.78895558
"tree_1387434",39.00761698,-7.645158493
"tree_161730",31.94970714,-28.17470495
"tree_893074",32.99167947,-3.105975594
"tree_4578226",31.62386866,-18.09093947
"tree_4555901",31.50631745,-18.25311432
"tree_4921409",33.4057398,-11.01376401
"tree_1454241",30.89865426,-1.070361251
"tree_3537767",27.4742237,-13.98727177
"tree_4591813",30.43131888,-17.43574949
"tree_4342770",30.69869379,-16.92425417
"tree_3084662",25.27635792,-11.50687105
"tree_1776223",35.78144823,-8.216150975
"tree_39612",27.55019097,-31.83918939
"tree_945727",30.96878837,-7.817700269
"tree_77560",29.71127615,-27.83142434
"tree_4760907",33.46099968,-13.13357586
"tree_2693666",25.59664902,-16.80734721
"tree_47292",26.33672718,-26.21427339
"tree_1642404",37.80749447,-9.969965113
"tree_3727964",27.39219024,-13.80832954
"tree_4309678",29.79055663,-21.72892062
"tree_2944969",24.78902507,-13.80706748
"tree_2870212",24.0561327,-11.70384272
"tree_884179",35.07487869,-9.00259531
"tree_2922975",26.15041996,-17.2744901
"tree_1633112",36.86960859,-7.211370077
"tree_1567024",32.8964846,-7.810398344
"tree_3892111",23.68770329,-13.33893297
"tree_1290528",38.3144793,-8.99060573
"tree_3258329",24.16187474,-11.67120943
"tree_2491389",29.87365741,-9.384535082
"tree_1751379",38.47845608,-9.562139096
"tree_328773",36.03367859,-4.327650701
"tree_2415366",33.17221393,-11.92407238
"tree_1328727",29.76569101,-4.467469037
"tree_2354525",26.78324953,-13.89856691
"tree_5043610",22.40788441,-19.8676475
"tree_22970",30.13388355,-26.977009
"tree_1692223",31.2744757,-1.521277638
"tree_4834991",34.02423583,-11.29150759
"tree_240204",26.17879028,-26.89326224
"tree_132286",22.38316639,-33.87786874
"tree_86917",30.70189747,-24.93869024
"tree_4581242",31.13824876,-16.67508725
"tree_3742014",32.95550136,-11.05081627
"tree_3300509",26.28987685,-16.75569285
"tree_4404208",31.37875997,-19.4562191
"tree_153581",30.68819519,-26.80410664
"tree_421423",35.76531198,-8.250316771
"tree_2010576",36.67651444,-7.640290543
"tree_711082",37.51397694,-9.039195081
"tree_4501084",30.83400388,-16.29006848
"tree_1219953",38.54877047,-8.89694277
"tree_3472499",27.7307811,-12.54365421
"tree_1507487",30.96211751,-4.676700731
"tree_4724424",35.54951682,-16.02513804
"tree_142091",25.97244464,-33.56541848
"tree_4695455",34.59837972,-15.73594577
"tree_3533383",25.46918163,-11.91451677
"tree_3164208",29.03502301,-10.48541292
"tree_1485486",34.75494819,-7.167648676
"tree_2329184",23.68986681,-17.05164617
"tree_252042",30.25477019,-29.45236148
"tree_1883375",36.27500121,-11.15639266
"tree_1982956",34.35325466,-6.794439191
"tree_1921937",31.47883818,-4.835089394
"tree_286581",26.30806055,-33.34239426
"tree_281464",27.08305113,-33.50610161
"tree_3851506",23.53950218,-14.11122419
"tree_3670237",25.22542506,-16.17271079
"tree_2369154",32.87842596,-11.30467084
"tree_1626944",35.01222676,-9.390949528
"tree_3994742",30.59437998,-9.602420909
"tree_3866957",31.50864743,-9.228129658
"tree_4151095",28.98951367,-16.65363222
"tree_2223978",28.40679092,-15.3540839
"tree_3335240",25.81119807,-16.40132414
"tree_1309163",38.14437255,-4.166467474
"tree_2895283",27.76386493,-13.62253612
"tree_2848246",25.04558247,-13.03838215
"tree_1098586",31.04135643,-7.921099129
"tree_1349611",35.17674442,-6.62946978
"tree_86139",30.37574696,-25.70548249
"tree_333617",32.15809328,-5.532468277
"tree_2700287",29.19827862,-9.654435854
"tree_4318810",31.28410601,-19.99358667
"tree_4462623",31.31565733,-19.8838775
"tree_719290",39.88059726,-10.21516555
"tree_4693925",34.00251049,-12.22371998
"tree_3165008",24.79254079,-11.77154328
"tree_2396421",30.04277255,-12.62559803
"tree_231347",30.63924557,-26.24907021
"tree_67769",27.30363994,-27.1343159
"tree_3695181",28.08036986,-15.56106191
"tree_2278280",30.1386886,-12.82049632
"tree_4567820",32.83039117,-19.70809042
"tree_3299015",25.49938077,-12.30557541
"tree_268913",30.48797952,-27.44144748
"tree_4372042",32.87041627,-19.71521206
"tree_4705838",33.90803682,-10.59674298
"tree_769098",36.91837794,-11.20642436
"tree_2648126",30.48467149,-10.4779307
"tree_3059848",28.35306351,-13.2456306
"tree_3371314",30.78323724,-9.70708183
"tree_768201",39.20855389,-8.219396275
"tree_2920918",25.56383563,-16.48705414
"tree_1594721",34.46034889,-1.385155338
"tree_4164208",31.90485571,-18.51318904
"tree_3734276",26.6058409,-13.35002108
"tree_2547333",30.06639098,-10.47342334
"tree_108305",25.97532933,-33.67233308
"tree_509611",33.86366814,-6.984920263
"tree_265794",30.32301118,-25.31793959
"tree_1867026",38.19656746,-5.951742991
"tree_692589",38.44645401,-5.988523056
"tree_4037283",26.26734018,-15.92498623
"tree_252626",29.9052717,-27.51320466
"tree_4201302",31.44853346,-17.93877097
"tree_2689",28.20384419,-32.43416103
"tree_2209931",23.94651436,-13.77578639
"tree_2872210",29.34629944,-10.27654181
"tree_2038056",23.5430179,-13.65976692
"tree_1924669",35.59439391,-8.349388564
"tree_1163197",36.94614311,-3.822736129
"tree_74942",21.23298553,-34.41532645
"tree_990734",30.93462278,-3.777482225
"tree_1282597",38.31610194,-9.901543374
"tree_1884430",31.61586111,-1.385515927
"tree_4132971",29.71221921,-21.8625188
"tree_161902",28.91239671,-31.01839896
"tree_233458",30.00524431,-23.35958142
"tree_2244939",26.9649852,-12.15854529
"tree_2070",19.00041408,-34.08376498
"tree_1357800",30.65940502,-3.957956957
"tree_3916843",31.61664313,-11.77118269
"tree_539048",33.95426553,-2.193775889
"tree_2896299",28.29879522,-15.62200143
"tree_4041228",22.90189484,-13.76010078
"tree_608728",36.55400513,-7.372733598
"tree_220189",28.67927752,-30.2004031
"tree_1786880",30.47289158,-4.339459986
"tree_228557",26.1500335,-33.67693059
"tree_2006847",36.22442893,-4.243903935
"tree_1575418",38.40345405,-8.808237907
"tree_333626",35.97886942,-11.35868302
"tree_733397",39.53010704,-10.46586496
"tree_3799299",31.71030551,-13.18135564
"tree_4250851",31.08740606,-16.13853101
"tree_4411302",27.99077915,-19.36264628
"tree_1273943",33.3135932,-7.975638196
"tree_4389875",30.01772614,-17.4676616
"tree_35529",29.32256388,-28.7145065
"tree_4301512",31.97129378,-18.15097752
"tree_4143811",31.0650497,-17.36002582
"tree_1236353",37.23163759,-10.47812498
"tree_2307887",29.86040585,-12.45341684
"tree_1860570",32.72529608,-4.85402031
"tree_3761845",27.03647151,-14.41429914
"tree_5033132",26.56725141,-20.61875413
"tree_230870",27.71164359,-32.96918477
"tree_4808730",34.62118682,-16.24527755
"tree_94325",28.28939334,-31.34175704
"tree_1161396",36.61972204,-11.11104861
"tree_3532063",30.76097101,-9.259951626
"tree_132731",28.86416826,-32.07546525
"tree_4461594",32.63107697,-17.96175851
"tree_54517",30.52178451,-27.41449346
"tree_2071623",25.47909777,-16.46568925
"tree_25115",28.92195225,-32.07339186
"tree_3474044",22.2318347,-15.12934688
"tree_2059472",30.76872362,-11.21939157
"tree_1935587",31.39941897,-6.893601131
"tree_3274484",22.33649497,-15.26357609
"tree_1619786",38.22712718,-5.105981786
"tree_3057269",25.88647054,-15.67473755
"tree_4427764",29.47215873,-19.03460055
"tree_3320612",25.25553405,-16.61542378
"tree_1596596",37.66109629,-8.388963193
"tree_2266755",30.00878726,-13.44332345
"tree_3291880",26.38227718,-14.51012564
"tree_156025",29.84748771,-30.31660287
"tree_4551121",30.66876511,-18.75334123
"tree_1912495",38.35315222,-9.119155664
"tree_1301420",36.89719347,-9.947248014
"tree_4194839",32.91729252,-18.17324388
"tree_4421017",30.00321253,-17.05893411
"tree_549710",31.72052138,-4.329093056
"tree_1956657",35.34613,-10.88604115
"tree_10472",29.91149182,-31.07149567
"tree_4855956",33.79580427,-10.56474072
"tree_2592710",23.49713325,-14.14403778
"tree_2584150",27.74466369,-12.52679668
"tree_687266",32.59945134,-5.658764531
"tree_70020",28.65412661,-25.73018282
"tree_551664",34.94254339,-5.805884791
"tree_4305101",32.08623073,-17.77587494
"tree_3121470",28.35153102,-13.56015425
"tree_1232505",31.52796811,-4.183505298
"tree_4856024",34.09004287,-13.43277448
"tree_1286469",32.24210997,-6.396980104
"tree_4109321",32.75898163,-10.6999633
"tree_4167219",29.42681498,-16.8550211
"tree_844533",36.49441818,-11.56647235
"tree_78398",30.61274246,-26.37897236
"tree_2849277",25.4283452,-15.60649611
"tree_179804",30.89652405,-25.28440483
"tree_1788127",29.86377058,-5.993391006
"tree_4154733",30.44772557,-20.46956398
"tree_2585786",24.56717413,-15.41817857
"tree_3836791",25.82444963,-16.25167975
"tree_915863",39.00157716,-9.185323722
"tree_3858020",32.28823576,-12.54257244
"tree_124410",30.73290791,-30.04255532
"tree_1204773",36.15943319,-6.328738659
"tree_293994",35.34829352,-7.930023703
"tree_2480620",28.34143459,-15.05731925
"tree_2032088",32.32465501,-11.87151655
"tree_1645364",39.88402284,-10.7173757
"tree_2648757",31.03357452,-10.25815178
"tree_1727076",36.12815229,-3.431587348
"tree_1920376",39.21270064,-5.935967228
"tree_2229255",27.02502288,-14.69591905
"tree_281507",28.15561574,-31.40612215
"tree_3885256",26.20153312,-16.6343547
"tree_4455275",30.50478839,-16.15403633
"tree_328734",38.29473718,-7.295387284
"tree_2991730",22.43520557,-14.93616139
"tree_4496289",29.09128922,-19.74162519
"tree_1459023",37.50865828,-7.086426032
"tree_347660",33.8350015,-3.961923435
"tree_2466027",25.25923006,-14.65490207
"tree_4211184",32.86257351,-18.30792383
"tree_41588",30.98757215,-25.96582765
"tree_2205917",30.20503654,-10.41726162
"tree_3311465",28.74916795,-14.44756347
"tree_2934347",26.47900455,-12.09409003
"tree_2332973",25.01691583,-14.68762551
"tree_666030",31.03107971,-7.728003786
"tree_3993120",28.83102111,-13.82221221
"tree_4370580",32.77368894,-18.18460243
"tree_4401326",31.36758179,-18.82293489
"tree_2618843",30.70381803,-11.18847107
"tree_4293432",29.79894027,-17.40798414
"tree_4821192",34.16170944,-10.8197672
"tree_3574944",29.2689536,-15.2065129
"tree_1660679",31.61685272,-3.785595475
"tree_4679543",33.12682612,-13.17630564
"tree_2523498",23.81886669,-13.9149737
"tree_4615920",35.64236785,-15.93463024
"tree_180417",29.02805483,-30.6232837
"tree_3286806",26.82841301,-16.12673571
"tree_4100165",25.64172235,-14.03441876
"tree_1723435",35.56464551,-8.042707727
"tree_2042736",22.63857644,-16.10320728
"tree_3281825",27.55824039,-16.28485393
"tree_2030094",27.88186691,-15.89631942
"tree_2027482",30.55119973,-8.308447733
"tree_3450647",25.14871025,-11.44791477
"tree_86683",30.10647898,-25.13286735
"tree_1970826",38.39750437,-10.08796782
"tree_169483",29.1372224,-25.03199262
"tree_254631",31.76256273,-25.33984537
"tree_650749",38.57969078,-5.896302452
"tree_360941",39.2893253,-10.99593061
"tree_3791846",30.71833164,-11.16665545
"tree_221908",30.68936709,-24.53519129
"tree_1792400",38.8735689,-7.213263168
"tree_2377165",26.14131515,-15.00034621
"tree_191104",28.65304485,-32.34527587
"tree_4193152",32.89610806,-19.73774886
"tree_235494",25.77439249,-33.26892427
"tree_2766070",29.46880875,-14.05416101
"tree_2878479",31.10010275,-10.08146323
"tree_4294216",32.15420129,-20.94256644
"tree_4341575",30.44330839,-17.43088154
"tree_3785128",24.35992695,-13.52445595
"tree_195648",22.90944242,-33.78303386
"tree_1771919",31.63776675,-1.324125671
"tree_930571",31.95995092,-6.118785787
"tree_729277",39.6082642,-10.16288016
"tree_1847078",31.02089314,-1.177275852
"tree_2226103",31.80216496,-10.22948496
"tree_3052803",29.65883792,-10.67300928
"tree_4745141",33.71079599,-10.95390626
"tree_4599929",32.74628436,-18.07994151
"tree_4477735",30.60304821,-18.67049594
"tree_4557184",28.86682411,-21.1188944
"tree_3075286",31.61258653,-10.64190849
"tree_2576721",24.2655434,-11.70582596
"tree_58521",31.20500582,-27.96349002
"tree_1365423",34.99807374,-9.443865945
"tree_4437685",31.57338655,-19.13006646
"tree_2249409",26.61602747,-12.80273732
"tree_4630977",35.50660702,-15.91696138
"tree_4556959",32.17223062,-21.12204955
"tree_787733",34.5708687,-2.251199667
"tree_1678520",38.08027827,-9.343441944
"tree_4546283",30.96282342,-19.9275989
"tree_4263643",30.06000491,-18.16224592
"tree_2316579",30.13886889,-9.238496588
"tree_4019342",25.56041006,-17.52600084
"tree_203891",26.8550703,-24.998548
"tree_4814840",34.7609141,-16.16675932
"tree_65346",30.4162228,-26.75768082
"tree_199056",27.62113637,-31.68143175
"tree_4712308",33.49489481,-10.85789947
"tree_2416762",28.43915357,-11.43547445
"tree_2510404",30.67289772,-10.10174635
"tree_218500",28.65665072,-30.75841438
"tree_3840374",27.05837715,-16.96699793
"tree_2045710",31.09009647,-12.62118082
"tree_3625671",32.93783261,-12.92705033
"tree_2924747",30.27003229,-12.51426622
"tree_4548931",31.36577886,-18.82708166
"tree_2057544",28.19079952,-13.60216285
"tree_1367282",37.27707151,-3.669846446
"tree_1868463",40.16221544,-10.42818343
"tree_323423",37.77233727,-5.947866661
"tree_4666981",33.0378514,-13.3184678
"tree_978527",38.90187495,-8.022965486
"tree_4244924",30.34712193,-18.8565598
"tree_3044835",29.85400544,-9.32657042
"tree_2394",29.62473538,-29.53187133
"tree_4346502",30.99329298,-18.59053536
"tree_1341380",31.45350697,-2.50811924
"tree_66877",26.3305972,-25.59315905
"tree_279170",29.94232196,-29.3918727
"tree_123649",26.59355493,-33.44885812
"tree_2781571",28.00437622,-12.86638125
"tree_4322942",27.74098284,-18.47343412
"tree_3034071",26.72456406,-15.80545102
"tree_671542",31.66219649,-1.3701909
"tree_427092",38.45366574,-6.925603394
"tree_2730658",26.01051234,-12.04766421
"tree_2251951",28.45474895,-12.99024353
"tree_3741159",31.08513841,-12.20280758
"tree_773283",39.74068964,-10.19641493
"tree_3034145",28.90872754,-10.60918505
"tree_4977357",33.81455477,-12.01656167
"tree_2009696",35.43591607,-8.178739879
"tree_1120389",31.47946921,-4.976710675
"tree_2362143",27.35360747,-13.30458688
"tree_3724228",22.30827907,-15.33316974
"tree_4292555",28.95615942,-16.5764662
"tree_1561077",37.78252384,-8.210561848
"tree_4320143",31.41157335,-17.86295715
"tree_2144496",27.28004779,-14.08598297
"tree_2673142",31.28679649,-9.45007211
"tree_3892357",25.73195916,-15.76813007
"tree_21640",30.47022063,-27.09113538
"tree_1186904",39.26255175,-8.645071441
"tree_4031844",27.08839598,-13.91190869
"tree_4108478",24.66714678,-17.25943551
"tree_837",22.50810962,-33.77248664
"tree_227321",30.61057894,-26.16721654
"tree_2346164",28.96561008,-15.92192123
"tree_2434648",29.92170558,-8.97364406
"tree_3451531",22.74116334,-16.74172003
"tree_242436",30.19914971,-25.78535292
"tree_2517970",24.7139329,-14.78327171
"tree_1408720",31.38959299,-4.872139901
"tree_432260",36.04215238,-10.95482348
"tree_2684287",22.32874236,-15.21913351
"tree_4318678",31.70689371,-20.62651029
"tree_956459",31.48262434,-6.918932499
"tree_1483125",37.77846724,-11.50021415
"tree_3321604",22.79110459,-14.21291026
"tree_41956",29.78627815,-28.09411334
"tree_70634",24.66612981,-29.62652591
"tree_3784598",28.01897998,-15.80400867
"tree_327791",35.7187963,-11.39997044
"tree_683124",33.77739778,-4.255893515
"tree_2990694",27.27499958,-16.97420971
"tree_227931",27.64664787,-25.8525126
"tree_255276",27.51259983,-26.04542765
"tree_3771715",23.1635906,-14.10987199
"tree_4501039",30.78595573,-17.93336213
"tree_856339",39.5514718,-10.02306182
"tree_1069993",37.16465862,-4.029083113
"tree_1655486",35.82652156,-10.70421421
"tree_4947977",33.87819829,-12.56096073
"tree_666800",38.68335944,-6.979240989
"tree_4994326",33.51481722,-10.90684941
"tree_966370",39.62214678,-9.224087026
"tree_4930",27.87616119,-32.88823257
"tree_4643597",33.80076233,-13.7884954
"tree_2339240",30.04313314,-8.372993142
"tree_280292",18.38110672,-34.07889703
"tree_1435159",38.53687111,-7.840417368
"tree_3909632",25.19297226,-16.32740342
"tree_4682394",33.25014671,-13.14953192
"tree_1049113",31.3648928,-2.332061722
"tree_250460",29.85839545,-29.20932458
"tree_2316348",29.52839569,-11.77118269
"tree_963290",38.82119369,-7.497948085
"tree_88929",27.20294615,-32.61770077
"tree_4222130",33.02754185,-19.87955043
"tree_2120908",25.20315883,-16.9631216
"tree_4734553",33.06868154,-13.3138703
"tree_4848608",35.21507282,-17.10654408
"tree_1730555",38.47178522,-6.416001167
"tree_337996",31.7607268,-2.121207378
"tree_4400364",26.91938644,-18.75496388
"tree_1688696",31.8119301,-1.142839614
"tree_4900821",35.55014785,-15.99079195
"tree_3948612",23.75161728,-13.11518758
"tree_2067571",25.55599287,-16.12321997
"tree_125555",30.95800405,-25.82700094
"tree_2355914",31.71328035,-13.07534251
"tree_2370364",23.38940799,-13.60937463
"tree_4081334",28.76151804,-13.01611578
"tree_4996194",35.18784854,-14.94923099
"tree_1030037",32.62649534,-6.054150231
"tree_3713093",30.20269273,-10.3546093
"tree_4151936",30.72880276,-19.68519303
"tree_2728838",24.93055533,-11.29412361
"tree_4912132",33.44486343,-11.02205756
"tree_121719",29.60048594,-29.90607243
"tree_4631440",33.4952554,-12.57772811
"tree_4395863",32.84310184,-17.8355524
"tree_719373",34.26229668,-8.263568412
"tree_102243",28.57894432,-31.33427482
"tree_2296653",26.89512154,-13.96482511
"tree_4607509",31.9881512,-18.21263822
"tree_3433748",26.2546295,-11.97383364
"tree_4263713",30.44592264,-18.31387354
"tree_1260470",34.04639542,-5.243185853
"tree_4484344",32.71049615,-20.3539051
"tree_133107",27.71155344,-31.26585308
"tree_1454292",36.13193845,-6.723403182
"tree_74437",29.15236704,-30.94754325
"tree_2283252",25.91666967,-17.02523304
"tree_855633",35.35009645,-10.36643258
"tree_4118404",26.3303527,-14.54825791
"tree_3352446",31.12976101,-10.18224782
"tree_161002",24.42958506,-31.68098102
"tree_2800340",24.86321577,-16.69060656
"tree_4564838",31.67308872,-18.04568557
"tree_2247387",32.13669922,-10.36533682
"tree_2028481",24.11635067,-10.93786181
"tree_2710306",31.65297223,-9.551758172
"tree_3280450",24.10391043,-17.17316462
"tree_320132",33.09426637,-7.415102791
"tree_4660608",34.78777779,-16.00737904
"tree_4792421",34.58503802,-13.74946166
"tree_513458",34.51993584,-9.3983416
"tree_3820259",32.04195508,-13.24869561
"tree_586550",31.54230143,-5.025660614
"tree_1245587",35.99058849,-10.8519655
"tree_3240982",25.97535514,-12.8844107
"tree_2990396",31.26011308,-11.62252993
"tree_13824",30.27901963,-26.22599253
"tree_1431833",40.04502478,-10.22102512
"tree_4438663",31.15699926,-18.8095931
"tree_48777",30.46625418,-28.47390357
"tree_4297590",27.51750934,-17.88918999
"tree_4757350",33.39402073,-10.92433797
"tree_951437",35.07145312,-8.421866928
"tree_2631580",31.54560756,-11.6574169
"tree_4094278",32.40813082,-11.5539279
"tree_4946729",33.45072296,-14.20668835
"tree_2732969",27.78234499,-12.53481978
"tree_3783086",30.00355875,-8.622430496
"tree_4677893",34.07246428,-13.41853122
"tree_2743069",26.89908799,-16.39014588
"tree_4609521",30.51749906,-17.1679221
"tree_2482695",23.92136344,-13.19037036
"tree_1780192",33.88746686,-7.059381866
"tree_870444",34.6709315,-5.239129228
"tree_131016",31.65357545,-28.26413099
"tree_4741637",35.08372918,-16.65806167
"tree_1392481",38.90863595,-6.878456398
"tree_5003603",34.67680729,-16.14918062
"tree_2001805",33.20388471,-6.540855065
"tree_4256318",30.85257409,-20.78922602
"tree_2777425",28.74132519,-13.89802602
"tree_4226685",30.73439186,-18.06092045
"tree_1752524",37.61115504,-9.349842396
"tree_285740",27.6082454,-33.18932428
"tree_192976",31.52998442,-29.15154021
"tree_789151",30.78245522,-7.803637303
"tree_1108340",38.81127755,-6.574209535
"tree_171724",29.27514675,-24.15053311
"tree_3301805",22.5111992,-15.94544965
"tree_200282",32.02849529,-27.34282642
"tree_33909",31.05806681,-27.70368573
"tree_48727",26.69938707,-25.52626982
"tree_4920519",33.8857706,-10.00645899
"tree_95516",30.20158367,-29.24808788
"tree_2451996",29.47448799,-10.06532688
"tree_160601",23.35359487,-33.74724542
"tree_1555693",34.40175356,-9.319823373
"tree_123106",30.10152091,-28.85134997
"tree_438016",38.99815158,-6.810214954
"tree_712693",34.95561466,-10.04046024
"tree_131064",29.28362053,-30.79843975
"tree_253093",30.13550619,-29.24736671
"tree_140979",29.36736675,-30.82647553
"tree_1166500",38.40588801,-8.55501437
"tree_2693418",24.96445047,-13.29043377
"tree_3893862",25.64785232,-11.93011224
"tree_4121898",22.96896395,-14.53861216
"tree_2272197",31.04736696,-10.81426997
"tree_2510937",25.41148777,-14.11248626
"tree_3107746",30.0291604,-13.27024079
"tree_206338",28.3894561,-30.95538606
"tree_259487",24.25217649,-32.28758165
"tree_3098439",25.03891162,-14.27682464
"tree_2635930",29.846974,-10.2024408
"tree_340707",37.3960651,-9.074262349
"tree_2422852",24.72961842,-14.79913762
"tree_158947",31.48590272,-28.94465235
"tree_62485",30.28929634,-26.98476167
"tree_127643",31.5894812,-28.03055955
"tree_4680830",35.79678903,-15.58521962
"tree_811399",38.88627958,-8.57574823
"tree_3727804",23.31052966,-14.28097141
"tree_131461",28.82179934,-30.17849733
"tree_4850979",33.45036238,-10.07181573
"tree_153781",29.88291533,-29.65140654
"tree_263264",30.18968432,-30.72442888
"tree_2597081",30.09280395,-8.534627105
"tree_2648601",26.43122682,-14.58648033
"tree_4714621",32.98394371,-13.24806283
"tree_209890",31.89165271,-27.85909954
"tree_2643052",31.40840434,-12.1308701
"tree_316402",38.67398419,-8.556456725
"tree_2336868",23.22876663,-14.62857908
"tree_4579710",32.28455332,-19.35507392
"tree_4491968",29.62369522,-19.93598259
"tree_90877",26.75617945,-28.06247166
"tree_4654841",34.58278435,-13.66661636
"tree_3719416",30.04114991,-10.74188175
"tree_4107310",22.75080903,-16.51031212
"tree_4879759",34.3100908,-11.67598548
"tree_3586017",24.10517249,-11.43331092
"tree_2891804",31.9320663,-13.52220227
"tree_3857776",31.73419438,-11.38156642
"tree_4366802",30.96778148,-19.10383362
"tree_1353315",39.32168796,-7.040090361
"tree_1425985",34.56491902,-9.716110546
"tree_4263827",28.93109866,-18.6133426
"tree_1670919",35.25985964,-4.327109817
"tree_4668738",33.15053468,-13.10148345
"tree_789039",37.36262069,-9.22688159
"tree_1917447",30.54293553,-5.995644686
"tree_4417107",30.89449227,-18.27123391
"tree_4215517",31.86915764,-18.75965154
"tree_234281",26.25262037,-32.38620271
"tree_292064",27.72291192,-32.27360883
"tree_1348973",36.26968255,-4.258597931
"tree_1419533",38.128056,-6.743686306
"tree_2914202",25.24516718,-16.01711669
"tree_371545",30.65057065,-1.302580486
"tree_4509469",30.12878679,-16.27438287
"tree_3761934",32.11866989,-11.88954599
"tree_165323",27.99903105,-31.43100278
"tree_1981916",37.90890946,-7.413930877
"tree_87012",30.31174286,-25.49444785
"tree_1631655",34.97968382,-9.622086997
"tree_2760170",25.00754058,-16.98818253
"tree_376175",38.45141208,-5.296282565
"tree_2682044",25.07704365,-13.99583576
"tree_3576824",23.61774948,-14.42899314
"tree_867982",30.82824972,-4.742147612
"tree_2574794",28.19431524,-12.45089272
"tree_4857089",35.52986486,-15.93435979
"tree_4220887",29.78442666,-20.3101837
"tree_4830187",33.94670973,-10.42699577
"tree_2465582",26.7990252,-16.08923447
"tree_1823352",31.46973337,-4.90297025
"tree_195260",30.32823969,-28.35590086
"tree_492115",33.56654474,-4.692746936
"tree_1147225",35.37209224,-10.67735034
"tree_4347887",29.8972001,-17.5148086
"tree_1710707",31.94480628,-8.167471477
"tree_1635342",33.1433963,-6.12257197
"tree_4845505",33.34299774,-11.61955332
"tree_2215312",30.24443063,-9.893866867
"tree_2357279",27.05531216,-14.84403093
"tree_2665611",24.90260986,-13.10923786
"tree_4206960",32.20982176,-20.59090214
"tree_3003096",29.36703317,-11.19369961
"tree_4606108",29.00727256,-19.92552552
"tree_3388882",30.04331343,-8.606835027
"tree_4161938",30.80578799,-17.17134769
"tree_10085",29.52422189,-25.61551556
"tree_30224",28.94016187,-30.45732267
"tree_992031",38.6197159,-5.476667149
"tree_85924",30.47148269,-26.16252888
"tree_1136355",34.64839483,-5.761352065
"tree_1807623",31.25392226,-6.81291937
"tree_4984427",33.99683125,-13.43232374
"tree_4151518",25.85259122,-18.2780851
"tree_4829684",34.45216189,-16.24031945
"tree_4584866",31.2937517,-19.0396488
"tree_2820988",23.11977932,-17.09365478
"tree_4410199",26.21209598,-18.5503297
"tree_261846",26.67162191,-24.61010363
"tree_4281764",25.65291643,-17.992679
"tree_1589311",35.57960985,-2.943620453
"tree_5044710",29.26741439,-22.0831957
"tree_4154893",30.23624157,-18.31540604
"tree_3469718",27.71680837,-12.65038852
"tree_201225",27.01102397,-32.75481469
"tree_207470",26.75392578,-25.55024898
"tree_5043261",26.93559067,-23.8575634
"tree_1849230",37.81903324,-7.814545116
"tree_953203",39.30023305,-7.277447988
"tree_1617325",39.25930647,-7.591611045
"tree_1909297",39.22982851,-8.28826875
"tree_4779174",33.63615458,-14.50165005
"tree_194285",27.77672945,-31.90670965
"tree_2006625",38.99968408,-7.873140808
"tree_342599",35.92982964,-10.08210825
"tree_85803",30.91743807,-27.4147639
"tree_4565464",30.90026166,-16.79858894
"tree_4040248",26.69148023,-14.49624297
"tree_3166296",27.16799549,-13.31883014
"tree_4235280",31.77369236,-17.52508538
"tree_4009838",27.20838119,-13.3785076
"tree_162262",30.59471313,-26.10095833
"tree_53111",28.90293131,-30.91301686
"tree_2133948",31.10758493,-13.14277263
"tree_1397400",31.4554902,-4.996903652
"tree_5033670",22.23002504,-18.85132776
"tree_51196",28.90112838,-30.80249637
"tree_3271133",25.68129673,-13.84249534
"tree_1133955",38.38830941,-9.172973553
"tree_164623",28.95810105,-31.81827523
"tree_3430282",27.77702634,-12.53364787
"tree_945",30.27730684,-25.58784037
"tree_33245",26.57750883,-33.68297045
"tree_3793333",26.41364822,-12.69005329
"tree_3028048",24.92956371,-14.31928398
"tree_192946",24.89320918,-32.48707745
"tree_186693",30.08295071,-25.69006731
"tree_93027",30.39711172,-29.08744554
"tree_4183555",30.58898534,-17.44791936
"tree_4325501",30.97697644,-17.06885031
"tree_4549679",32.33737924,-18.47154103
"tree_1358658",37.20883048,-4.834368216
"tree_4637822",34.62434195,-16.23473033
"tree_1126626",37.41914265,-7.829689849
"tree_3076178",27.93550417,-13.67581313
"tree_3046415",29.06666449,-10.36299299
"tree_3937384",27.18268939,-14.30008262
"tree_1983801",36.13924033,-11.266823
"tree_3667821",31.5986138,-11.095349
"tree_156694",30.17066338,-29.10844984
"tree_4330415",29.98951025,-17.03937216
"tree_2131342",24.7475576,-12.22245967
"tree_1263073",35.82471863,-9.242747501
"tree_3310239",25.28951934,-15.3733754
"tree_2735055",24.82986151,-13.60603918
"tree_1834044",38.34206418,-8.489567489
"tree_1516972",35.10895413,-8.412131028
"tree_4531132",32.0842475,-17.77677641
"tree_972569",39.35918897,-9.015937099
"tree_1202268",39.06513056,-9.200738897
"tree_4834327",34.06642445,-10.29808525
"tree_4523142",29.1480816,-18.2893535
"tree_1055032",38.56752098,-5.921723967
"tree_3601935",32.28372843,-12.18486828
"tree_4613250",32.78874342,-18.29728645
"tree_361455",37.15447205,-4.593044112
"tree_963684",36.79298393,-9.523105351
"tree_3474238",22.95904782,-13.23977103
"tree_3038540",30.52731086,-14.32523369
"tree_598637",31.21822418,-6.122932559
"tree_4192509",25.8892809,-18.55880353
"tree_3413484",22.53076103,-14.26366314
"tree_4603576",29.31557403,-19.49480211
"tree_2606820",31.11353461,-11.37372361
"tree_1046980",35.40319284,-8.119152568
"tree_21235",29.37755332,-25.28873189
"tree_42033",18.76522152,-28.85125983
"tree_1798723",31.80237455,-1.433293953
"tree_408051",35.34018032,-8.063712029
"tree_1307588",33.64767673,-7.156290126
"tree_4473142",30.31088298,-17.65859341
"tree_3150959",30.99454101,-12.94444874
"tree_39818",21.46592442,-34.30877244
"tree_2566252",28.28779733,-12.52210903
"tree_2383750",26.10444516,-14.84898903
"tree_4811188",33.21859539,-12.92939241
"tree_1141072",38.27238081,-8.609192848
"tree_235984",27.53153062,-25.72928135
"tree_2107591",24.22660004,-14.63335689
"tree_4364052",29.37705404,-19.91101181
"tree_4344302",31.34179985,-20.34831597
"tree_237516",29.29488886,-31.73038169
"tree_2465078",25.91234263,-15.97790265
"tree_3642456",22.52174636,-14.25627107
"tree_1937219",38.19467438,-6.813099665
"tree_1344066",36.94758546,-4.253549687
"tree_4726512",34.69032928,-14.25563829
"tree_2421765",29.62160734,-9.569877763
"tree_2658714",28.61548045,-13.34326004
"tree_102430",29.0651051,-31.89679346
"tree_1826792",33.95471627,-1.36595398
"tree_3212297",24.10688527,-13.55925278
"tree_2385102",24.43501912,-17.37013629
"tree_1308702",37.57266241,-3.56212052
"tree_2163459",27.72996978,-15.88820617
"tree_4628310",33.79075606,-11.9898781
"tree_1717468",31.606576,-7.169992503
"tree_4552530",30.71176505,-20.86071276
"tree_215726",30.99929121,-25.71422677
"tree_210941",30.827021,-27.25628509
"tree_2540840",30.10803873,-12.39977925
"tree_3213903",22.84717581,-15.64030132
"tree_289992",29.48194312,-28.40512124
"tree_260030",19.36812218,-34.08692014
"tree_4694924",35.14232449,-16.65788137
"tree_1289879",38.8749211,-9.155214551
"tree_4270931",27.70104788,-19.84195904
"tree_2409234",28.24885397,-14.98484089
"tree_3783880",28.04530281,-14.86494509
"tree_5034734",22.84870159,-18.87629854
"tree_3096388",31.35116121,-9.777396661
"tree_175980",29.91617944,-31.1418105
"tree_1446877",39.40795831,-8.770736664
"tree_1322771",37.12517438,-9.214711716
"tree_3358465",25.50920675,-12.53373802
"tree_1169670",38.72816233,-7.308458631
"tree_87139",28.58101769,-30.16776981
"tree_4522145",31.00374999,-20.03541498
"tree_4294051",29.47855914,-17.20100613
"tree_2355225",24.85942961,-12.54518671
"tree_4308904",31.37452308,-17.11094906
"tree_1089005",32.21461524,-7.135015382
"tree_407849",31.6958212,-1.73934376
"tree_4498719",30.90377737,-18.90055164
"tree_4490170",31.0956094,-20.10185348
"tree_2936040",28.89069821,-13.75604415
"tree_4012667",26.5869101,-15.09734462
"tree_3917812",25.91630908,-16.18542155
"tree_821228",35.27184915,-3.842929106
"tree_191938",27.99876061,-31.85370309
"tree_2632016",32.18438681,-9.883049201
"tree_1409523",36.14041224,-6.758560598
"tree_3092029",25.00303324,-14.65210751
"tree_133101",31.42523404,-25.4783115
"tree_1152776",32.92542167,-6.112475482
"tree_273266",29.16787226,-25.23085738
"tree_4595472",31.34783968,-19.81455429
"tree_4157128",30.3812875,-18.16107401
"tree_279811",30.35140737,-28.0887045
"tree_3235397",26.38498158,-15.79066688
"tree_107502",24.51513421,-33.65223025
"tree_295958",35.95461997,-11.02504816
"tree_4565524",31.67759605,-16.82076516
"tree_261429",28.83360855,-31.95845416
"tree_1946856",30.45774694,-4.488022602
"tree_3656513",23.55158183,-17.5337535
"tree_3292672",26.17304677,-13.95725275
"tree_892749",36.15781055,-7.739182042
"tree_551818",33.0259352,-6.077588508
"tree_32597",30.58876345,-27.22058679
"tree_3067089",27.43645225,-12.42456973
"tree_190292",29.61878571,-29.49806612
"tree_171461",30.02228202,-29.72307358
"tree_293829",32.86637561,-2.724743007
"tree_4231942",32.68471421,-18.33776255
"tree_381148",35.16331257,-6.619914175
"tree_1737198",32.7019481,-6.874760362
"tree_1620054",37.55319073,-10.77506992
"tree_1667631",31.4325028,-5.318278486
"tree_4492678",29.93650403,-21.96871223
"tree_124896",26.38928266,-25.26466259
"tree_782617",37.50180714,-8.585123541
"tree_253924",27.82315497,-32.2132102
"tree_1875610",34.97724986,-9.225439235
"tree_3920262",31.08676105,-10.36082946
"tree_5034382",21.21091702,-18.77380115
"tree_2707041",22.79444002,-14.7884101
"tree_4458679",30.84599338,-18.12321217
"tree_4193195",31.1479846,-19.93147523
"tree_61449",24.60942758,-33.8077342
"tree_2533212",25.62207037,-17.67014624
"tree_2376555",30.68605913,-10.42618619
"tree_4846102",33.94265313,-10.4064422
"tree_4291780",30.47485971,-20.41340226
"tree_1245611",38.30645624,-6.864483579
"tree_206628",30.40324169,-28.49049066
"tree_265069",31.91067364,-25.75912008
"tree_4612693",32.4188718,-20.97015149
"tree_106913",27.77231227,-31.72488271
"tree_143694",28.0938653,-32.85929531
"tree_33068",18.86528428,-29.82421876
"tree_4342933",30.31484944,-17.53455084
"tree_1916250",35.66579006,-7.735305711
"tree_3699146",23.72457328,-17.57440989
"tree_1487548",31.83816278,-1.173219227
"tree_3262769",29.18367486,-11.8374409
"tree_366446",35.52624303,-2.213067394
"tree_4292206",32.1285095,-20.95762102
"tree_3801375",29.34296401,-11.75910297
"tree_109029",32.52655543,-27.51626967
"tree_936762",33.01755156,-7.04045095
"tree_1851515",38.00852153,-7.340551041
"tree_2293419",29.10335418,-15.37580938
"tree_4370140",29.79984174,-19.56809179
"tree_865494",36.80055625,-10.24626634
"tree_505781",36.78883718,-9.6738315
"tree_702141",34.26887738,-6.11932667
"tree_3311194",32.01950856,-12.38806011
"tree_4204399",31.14311668,-16.08354121
"tree_1608108",36.61413295,-4.165566002
"tree_1358891",30.510032,-2.534802817
"tree_145746",18.96453572,-33.86218312
"tree_3347753",27.11931629,-12.27708889
"tree_3715394",22.96346501,-13.40690398
"tree_1435178",31.85718373,-7.098866348
"tree_243105",28.45075581,-30.19607603
"tree_2287252",30.46123336,-9.490728505
"tree_341570",37.13472993,-2.89575228
"tree_98552",30.24909095,-28.95844487
"tree_2443793",24.9907733,-14.57620355
"tree_4400578",32.80605158,-20.16234226
"tree_2253045",29.24984251,-14.36345611
"tree_1709907",35.38822849,-1.923244086
"tree_4927554",34.43503403,-13.7044782
"tree_3517796",31.46826172,-10.73737439
"tree_2384740",25.11697863,-17.11844526
"tree_4368210",31.74214104,-18.13069439
"tree_1328043",38.64694019,-5.606659438
"tree_4246075",31.33269504,-17.46991528
"tree_3205054",27.01059941,-17.27575216
"tree_6854",21.9601984,-33.8564137
"tree_233261",25.89257473,-27.86784382
"tree_2242632",29.15401661,-11.36579065
"tree_4480091",30.7559369,-19.81734885
"tree_2602667",26.06514122,-14.18884095
"tree_212440",30.2464767,-25.32632328
"tree_3977584",32.72770074,-10.68581018
"tree_1343857",38.36523187,-8.284302272
"tree_309364",37.92621762,-7.54734876
"tree_164929",30.45787054,-26.22896738
"tree_4863640",33.33623674,-13.23670428
"tree_2328448",26.0104222,-15.19461347
"tree_3510298",27.2663455,-13.67355945
"tree_762118",31.42691371,-1.080007003
"tree_2277096",26.10129003,-14.19920788
"tree_2561582",30.19286674,-10.63911392
"tree_2555196",25.9806738,-13.17928225
"tree_4121458",28.20945988,-13.49506796
"tree_4873974",34.59125814,-13.67139417
"tree_3083689",28.9287401,-10.59476149
"tree_101631",30.24827963,-25.40303857
"tree_3389177",24.92658887,-14.6215476
"tree_688105",34.20532399,-9.277003444
"tree_2236435",24.99960767,-14.9943965
"tree_3034932",24.10913894,-11.39220379
"tree_4343319",31.47052924,-17.98979429
"tree_751269",35.20342783,-10.27880948
"tree_4937777",34.95292642,-16.66987095
"tree_2502956",25.78712891,-16.44738936
"tree_4848579",32.79914312,-13.59422815
"tree_124114",28.03526999,-31.87218327
"tree_1619439",37.96894714,-7.888015099
"tree_2204207",31.18069387,-10.41807294
"tree_1565315",37.81930368,-7.655795864
"tree_41516",27.58282405,-26.45298322
"tree_4225300",29.75999692,-19.40294209
"tree_4136500",32.71383157,-20.13764192
"tree_1843880",31.45404785,-3.532101496
"tree_1261606",37.85157619,-8.295119939
"tree_4451928",30.05270303,-21.85647894
"tree_300842",37.96912743,-7.678242522
"tree_3521837",26.10570722,-15.57368252
"tree_4353669",30.49505255,-17.69564392
"tree_243158",31.11206464,-28.1518977
"tree_4541051",31.56590438,-18.89838811
"tree_3642346",32.03492364,-11.85727329
"tree_2470116",28.75304425,-14.61947421
"tree_3838679",22.91163068,-14.4837125
"tree_4186976",31.25733246,-20.43368539
"tree_152017",28.67675341,-30.18210322
"tree_2575810",31.92413339,-13.09165915
"tree_1128636",31.39040431,-6.994566016
"tree_3183345",22.46892042,-16.39248971
"tree_1874909",35.09083465,-4.549593153
"tree_56952",25.66098803,-33.60904973
"tree_2355268",24.53327899,-17.19479995
"tree_2225539",31.15581339,-10.02872711
"tree_2472955",31.92359251,-10.44556784
"tree_1729123",34.44637616,-9.228053504
"tree_1173730",37.22244263,-8.680679593
"tree_1678619",37.3500903,-3.569963328
"tree_2319997",24.26103607,-11.47027128
"tree_67516",29.96206408,-26.35769761
"tree_2763129",25.33134739,-13.40221632
"tree_465664",33.25238362,-6.460173304
"tree_1138412",29.76641218,-4.473869489
"tree_4063517",27.74033665,-13.85421447
"tree_2182709",26.30682442,-16.48281722
"tree_2323306",28.74898765,-13.78849715
"tree_831734",37.15384102,-8.257979285
"tree_297064",35.18458718,-9.283854632
"tree_4717414",33.59946491,-10.67435974
"tree_2409639",24.14213262,-17.27313789
"tree_4299021",31.10832008,-19.253478
"tree_4592858",29.21659303,-15.83130929
"tree_4347763",31.62675335,-17.57971459
"tree_4804331",34.14449143,-10.7159176
"tree_3407699",25.36425092,-14.73242868
"tree_4590643",31.20567844,-19.48777062
"tree_2721726",27.08154484,-12.08534575
"tree_2220318",31.46844202,-9.023134883
"tree_2047695",23.82175138,-14.12663937
"tree_4202357",31.13067644,-20.09103581
"tree_344463",33.42203964,-5.314852892
"tree_26268",30.01002208,-28.2202293
"tree_4087250",33.05114697,-12.39482115
"tree_232782",22.97768342,-34.0767335
"tree_1809269",34.53156476,-5.375341675
"tree_4547605",31.20730108,-20.25735743
"tree_331815",35.22127687,-10.43160902
"tree_2399442",22.63785526,-14.88459718
"tree_4433327",30.96129093,-19.85989834
"tree_3204299",27.81416676,-12.51093077
"tree_1206630",34.2996174,-9.295844212
"tree_1889519",34.04224867,-7.462159639
"tree_1369249",36.81182458,-5.592866914
"tree_4349036",29.95705746,-17.18982787
"tree_1216865",38.81235931,-6.839602947
"tree_77823",27.36638199,-32.94006722
"tree_1039537",38.49747702,-11.37130363
"tree_3942296",25.91567805,-13.18604329
"tree_4293257",31.98914281,-17.47856941
"tree_548613",32.36317694,-8.211283025
"tree_4132072",31.2844666,-17.23850737
"tree_1292506",35.02313451,-9.942560359
"tree_510761",37.6122368,-3.304840358
"tree_4609252",31.34107868,-19.9440057
"tree_3424945",26.56049713,-12.78587979
"tree_817902",38.33151702,-9.074803232
"tree_4974165",34.28043255,-13.00709931
"tree_3639849",29.3311548,-11.20424684
"tree_3158689",22.84438127,-13.16071192
"tree_3096205",26.69932299,-17.3844697
"tree_4655800",33.3386707,-11.88512703
"tree_710411",33.45954065,-6.684820173
"tree_2329576",25.50217531,-14.2521243
"tree_4181323",32.75944577,-18.11518907
"tree_4244667",31.39669915,-22.17785377
"tree_2848882",30.14175359,-12.97113232
"tree_4487296",28.92046135,-18.62668439
"tree_2676311",25.7038334,-15.83204445
"tree_2076105",32.51116846,-11.88071157
"tree_2601489",28.19332363,-16.05876471
"tree_4668157",33.91407665,-10.66318148
"tree_3619389",30.28616854,-8.375787706
"tree_286592",28.55676825,-30.54927284
"tree_2062015",30.67533168,-11.03513065
"tree_1537596",31.47748598,-3.999965561
"tree_4505032",30.97751732,-20.78192409
"tree_776578",30.49687059,-3.599351321
"tree_3021837",25.9671518,-12.25896929
"tree_86126",28.42353153,-31.60588839
"tree_420538",36.11517118,-10.63083437
"tree_5004495",33.71954022,-10.59521048
"tree_1712831",38.13166187,-8.387881427
"tree_197482",26.20141708,-31.86623355
"tree_4162826",31.66966315,-18.1742355
"tree_1026750",39.52343619,-10.62317186
"tree_2269065",24.90684676,-14.37742893
"tree_4305297",31.82678873,-20.78895558
"tree_420587",35.32368348,-8.253562071
"tree_1421480",31.61640199,-1.491979792
"tree_4664519",33.58981922,-13.31819736
"tree_4718552",34.46442183,-16.10455774
"tree_212458",29.05419736,-31.81737376
"tree_53193",31.3393243,-27.83710362
"tree_1826583",30.93300014,-1.959212826
"tree_539",27.52332728,-32.41784438
"tree_1523113",38.75538662,-6.779384605
"tree_135058",30.33292731,-30.35789029
"tree_1800223",35.30898957,-8.185320626
"tree_4494591",25.63669004,-18.20930277
"tree_2134193",26.72095819,-13.55564689
"tree_3056203",23.51660493,-14.21876983
"tree_4794251",33.98339941,-10.72204761
"tree_120903",27.34168181,-31.41126054
"tree_4881340",33.52112748,-14.39996399
"tree_3473826",26.23804252,-14.83402459
"tree_3739730",25.09912959,-16.80680633
"tree_2592993",29.44627209,-10.09723899
"tree_2436088",26.13924178,-14.5549288
"tree_140379",28.6811706,-27.62967487
"tree_2824852",25.59628843,-17.7216203
"tree_3020087",30.03240568,-12.6833824
"tree_4477320",31.95281372,-18.20578703
"tree_1852925",35.0868682,-9.424935029
"tree_3492525",25.18567038,-17.62462189
"tree_719839",39.26146999,-7.265368261
"tree_2464950",26.06360873,-14.76361962
"tree_1757194",35.30853884,-8.262126057
"tree_4041009",31.42048399,-10.28762992
"tree_4700500",35.36904327,-14.14818281
"tree_2086348",31.70011894,-9.514978107
"tree_227720",29.05618058,-32.08195585
"tree_3098033",24.49469621,-14.94751994
"tree_4125318",27.00311724,-15.14115617
"tree_4878145",35.10915053,-16.43530789
"tree_2814631",22.80138131,-16.5223017
"tree_191873",20.5474204,-33.9877582
"tree_146174",31.24268711,-28.69458396
"tree_4099799",24.11247437,-13.72052615
"tree_4637404",34.95815492,-15.34028962
"tree_4934383",35.66012674,-15.94905379
"tree_2138785",22.72304386,-15.39203588
"tree_2249055",26.49126449,-14.28899451
"tree_1439190",30.55050785,-5.520298403
"tree_7540",18.54436227,-33.56866378
"tree_2701740",27.02439185,-16.46352572
"tree_572227",34.67201326,-10.97447557
"tree_107911",28.70235506,-31.39007594
"tree_2607212",27.2000877,-13.61469331
"tree_67063",22.96866876,-33.81070906
"tree_115878",29.04473196,-28.7370433
"tree_2266936",25.52660506,-11.82175528
"tree_320954",37.0813631,-11.01981962
"tree_820420",35.36109434,-8.379407588
"tree_223018",30.27901963,-24.90046782
"tree_3205617",29.36541053,-11.48514557
"tree_565468",36.03160522,-10.95662642
"tree_1012053",38.91323343,-5.496589684
"tree_49126",29.51637913,-27.91616273
"tree_2390843",23.83996101,-14.17054106
"tree_1321880",31.74576245,-5.254364108
"tree_1861388",35.96805182,-7.595577522
"tree_1981097",38.45826322,-10.04695084
"tree_3120820",30.38190429,-12.22867983
"tree_3684254",30.82254118,-11.08011412
"tree_4941281",34.08679759,-13.74991239
"tree_4332296",29.82481235,-20.97069237
"tree_232725",30.34626902,-30.74381053
"tree_702386",31.58755506,-7.12924596
"tree_2388891",28.10236564,-13.5713325
"tree_119628",30.13884162,-28.74380434
"tree_4898611",33.9487831,-11.16304781
"tree_3596486",31.92782941,-12.21155186
"tree_3497189",28.61836514,-15.28403951
"tree_2783514",32.16933232,-11.8049879
"tree_198502",30.29470514,-26.8330439
"tree_4449953",31.25327586,-21.58567669
"tree_4361951",29.3139514,-15.97229954
"tree_1022274",37.14581797,-9.44566889
"tree_3520369",25.30502456,-14.17567946
"tree_4131184",29.8689842,-17.26410918
"tree_4614111",30.49946974,-20.91561242
"tree_25690",31.22745233,-27.65212152
"tree_3084",29.48663075,-27.02370526
"tree_4405809",30.72510675,-20.89902533
"tree_898601",37.22190175,-8.089313839
"tree_71339",30.29425441,-30.17579291
"tree_48415",29.70721955,-25.63291398
"tree_70217",28.5595628,-32.52223486
"tree_2983516",25.64118147,-14.00106429
"tree_4214306",32.07180727,-18.80589706
"tree_2022277",22.98131405,-14.12366451
"tree_52225",29.84694683,-31.11476634
"tree_4264954",28.20226315,-19.64192237
"tree_957881",35.86176891,-8.136821423
"tree_2104972",28.35044926,-14.83763048
"tree_2305930",22.32594781,-16.50264961
"tree_3934474",27.48089455,-13.0705647
"tree_129653",31.29767656,-27.77986013
"tree_3027775",25.78920229,-13.43629197
"tree_4570625",31.12364501,-22.32019623
"tree_2904007",30.0496237,-10.19414725
"tree_4233425",31.5988079,-18.70511247
"tree_4006510",25.42753388,-13.01827932
"tree_181647",30.30579318,-26.95519338
"tree_224783",29.83576865,-30.79086738
"tree_210744",19.12202188,-33.99812513
"tree_373930",39.56742776,-10.04514789
"tree_203679",30.14560262,-29.55350666
"tree_4053015",28.75845305,-14.76217726
"tree_383726",32.09120446,-5.788666673
"tree_1690432",30.94769405,-3.714198878
"tree_4191150",31.15681897,-20.7508233
"tree_2578774",24.4059919,-13.31396219
"tree_170629",31.04562658,-29.57775626
"tree_903955",38.59366351,-6.187297673
"tree_3671025",33.43733527,-10.52480725
"tree_4909721",33.05542999,-13.29151379
"tree_3401596",30.85733779,-8.677600594
"tree_604441",35.3069162,-8.714665094
"tree_1842602",36.2765337,-9.278355652
"tree_326202",33.6041359,-7.210558752
"tree_2127860",28.52280968,-15.47515161
"tree_16075",30.78483237,-29.1681273
"tree_4276903",32.81515639,-18.11158318
"tree_936705",38.2103599,-9.003767224
"tree_3430750",30.90998344,-9.217852875
"tree_939373",31.76090709,-3.56924215
"tree_2756789",28.11678911,-14.14052204
"tree_4369504",29.9331686,-17.17810873
"tree_2919974",26.09705314,-12.12329773
"tree_4327111",31.10949199,-18.23905135
"tree_3044933",22.4099645,-15.03847849
"tree_4546436",30.22010533,-18.59378066
"tree_3724505",28.97597695,-15.08526489
"tree_2477946",31.90177702,-13.49119163
"tree_2380",28.41397599,-24.65526739
"tree_4426367",30.92243773,-19.00422094
"tree_469972",35.4635911,-7.279160785
"tree_1332523",36.32223806,-4.290780488
"tree_627841",31.41420303,-2.448441782
"tree_3151204",25.85600096,-12.05081937
"tree_270950",22.64486206,-31.99559481
"tree_3404683",27.95722952,-13.85141991
"tree_1164604",29.90532819,-5.540220938
"tree_782979",30.01801152,-5.049098891
"tree_1710520",32.22678504,-6.031883868
"tree_3349237",26.11075543,-14.10211933
"tree_5045235",24.40562459,-18.23219666
"tree_3349755",28.92188895,-11.96635142
"tree_4451756",31.50162983,-18.06164162
"tree_3316226",23.73223574,-14.67491475
"tree_3467604",29.00049684,-12.23318719
"tree_3873549",30.5086505,-10.73575174
"tree_3856761",30.14851459,-10.6283864
"tree_3367432",23.57177469,-17.5238373
"tree_2069835",27.71112913,-12.40500779
"tree_4730688",34.93814237,-16.64922724
"tree_4612860",32.30600822,-21.03686043
"tree_882286",40.27228451,-10.39140336
"tree_1471874",33.19685327,-6.294663011
"tree_857591",37.69427026,-9.102027692
"tree_2537919",30.46646186,-13.9407558
"tree_4187838",30.88439585,-19.85250627
"tree_3498400",27.05747568,-13.19992596
"tree_546940",37.25579689,-9.341999588
"tree_269702",18.88115008,-34.19311356
"tree_4773806",34.58900447,-13.73071104
"tree_2994925",33.04023922,-12.59080121
"tree_2403948",29.64008741,-15.12276613
"tree_3742809",24.47892055,-11.82085381
"tree_972766",35.76675433,-8.14241055
"tree_2273990",24.50407147,-14.83204135
"tree_14934",25.55254163,-32.72010801
"tree_1115677",31.17747789,-8.053345098
"tree_3942076",31.20530391,-10.38886524
"tree_134164",27.3540319,-25.84800524
"tree_3303641",30.30545992,-13.56628426
"tree_4803503",33.33416337,-11.67878005
"tree_134121",26.22656799,-32.53269194
"tree_4497262",32.33115913,-20.01116537
"tree_3348336",31.02492044,-9.772258269
"tree_7791",27.58706094,-32.63798389
"tree_3654055",30.44500696,-8.603770022
"tree_1305874",38.86446408,-9.043251706
"tree_253036",18.85221301,-33.8254932
"tree_513510",34.09083773,-6.954540651
"tree_1258241",40.02636442,-10.21498525
"tree_4704955",33.78859254,-13.13438718
"tree_893645",39.22306751,-8.529051971
"tree_3564715",28.54985367,-14.03604141
"tree_35085",18.96390469,-33.61572062
"tree_4325922",30.89323022,-20.84899362
"tree_83980",30.11612467,-31.0740198
"tree_3279283",25.55409979,-16.75812683
"tree_1594379",39.31339446,-9.517786665
"tree_3215173",28.41896072,-14.16170664
"tree_777388",39.67055554,-10.45892363
"tree_7839",28.91077407,-30.58100466
"tree_1569795",31.28980063,-1.529390888
"tree_223679",18.76711459,-28.85089924
"tree_1473349",35.75341262,-7.453505506
"tree_3297091",23.55563843,-16.60947406
"tree_4489120",32.03755155,-17.61838775
"tree_3459434",24.28140921,-14.86269141
"tree_44152",20.04485294,-33.96170565
"tree_4473993",30.41328956,-18.49317636
"tree_4875615",33.76208943,-10.35659079
"tree_3739436",30.12751041,-12.97600027
"tree_718658",35.44006282,-11.06534397
"tree_772754",34.43835311,-6.844831486
"tree_2454108",26.04972614,-12.91830605
"tree_3956978",24.90630588,-14.23039882
"tree_4589821",30.37714076,-18.1175329
"tree_1130821",35.88088,-7.662016022
"tree_865996",35.44511103,-8.05848349
"tree_1843009",31.71736625,-1.697695745
"tree_37511",28.89418709,-31.97702448
"tree_4331317",29.71708713,-19.59829111
"tree_267964",31.36357374,-27.9428463
"tree_3829027",31.19809218,-10.57438822
"tree_4394988",31.08262829,-22.03884676
"tree_679090",31.73088825,-7.448006525
"tree_4253743",29.88818543,-19.95716719
"tree_2973980",28.42166512,-15.17937859
"tree_154615",27.07385617,-25.46460912
"tree_3895174",29.19656583,-10.44980476
"tree_2035309",23.17666186,-13.77623713
"tree_4008768",28.82092469,-11.8649358
"tree_3485653",31.27093068,-9.065594223
"tree_1911579",32.16999264,-8.872693168
"tree_3257978",26.27121649,-12.01917769
"tree_4038264",31.75015034,-13.05289585
"tree_4413529",30.69680071,-17.07344781
"tree_4190981",32.75457785,-18.27357773
"tree_1161645",38.25723617,-9.859444623
"tree_599622",32.03540368,-6.087684997
"tree_2262320",22.95183609,-13.1761271
"tree_4554813",31.83463148,-18.62343909
"tree_122801",30.29389382,-27.34399833
"tree_4022348",31.13480922,-12.19839036
"tree_4547438",33.00320226,-19.8481792
"tree_2250393",25.16340416,-16.88325117
"tree_2075826",30.69931069,-11.16016485
"tree_2381899",33.05691635,-10.5182265
"tree_3730564",26.07181207,-15.68402272
"tree_1484623",30.16720425,-5.559151854
"tree_4395414",27.44476101,-18.48244884
"tree_364795",37.34783664,-11.46532718
"tree_3364832",25.15835594,-15.27385287
"tree_1035752",37.83976697,-7.78623889
"tree_4404222",30.2009041,-17.30115969
"tree_117084",29.88219416,-27.54015868
"tree_4485769",31.27193621,-20.15359798
"tree_5004605",33.6450791,-14.52229376
"tree_1228920",33.77757807,-4.612425764
"tree_4684125",34.94652601,-14.42772933
"tree_4122555",26.64721822,-12.07173352
"tree_4441011",32.8695148,-18.29773719
"tree_419353",33.47360353,-6.615136373
"tree_4355668",31.54508051,-18.05235646
"tree_68297",30.79168352,-29.55476872
"tree_2592062",25.35045848,-15.45820394
"tree_917361",32.19992134,-7.17594222
"tree_4587640",29.744672,-19.33740506
"tree_4478161",30.26806334,-17.62208379
"tree_1138028",33.61008557,-7.191988425
"tree_3284418",31.22378397,-9.902791442
"tree_1116483",39.63053042,-10.28746362
"tree_3253111",28.06243067,-14.47541896
"tree_232794",26.73229059,-24.45622233
"tree_1626586",36.51650412,-3.239123036
"tree_591547",37.25651807,-9.251131192
"tree_2627283",26.36541975,-14.83483592
"tree_1857888",31.40636027,-2.321875087
"tree_40983",31.80123564,-28.70549177
"tree_4823387",33.79138708,-14.49290577
"tree_4438153",25.85439415,-18.77019876
"tree_3632336",23.11013363,-13.79345525
"tree_3973884",24.93280899,-14.40086721
"tree_4032285",29.87077272,-8.928209861
"tree_4370358",31.5118164,-18.1581893
"tree_708398",37.00609064,-11.3622889
"tree_2703780",25.26869546,-14.27078477
"tree_1439516",37.41012798,-10.64255351
"tree_1281330",38.70418332,-6.131676839
"tree_4662539",33.06174025,-12.82446105
"tree_4312842",29.30033925,-20.80382987
"tree_4048351",24.82589505,-14.66590003
"tree_98529",29.53711286,-29.82701332
"tree_1612629",32.88242172,-8.222821869
"tree_238838",29.65448377,-30.83594099
"tree_3341546",25.82363831,-16.69989172
"tree_3059586",26.04954585,-16.74830078
"tree_96763",29.74273732,-31.039854
"tree_1098706",36.51046429,-11.03766877
"tree_4873664",34.7087192,-16.16062931
"tree_4276292",32.07793724,-20.5709796
"tree_1611111",34.81327308,-10.13331187
"tree_2507746",30.17709108,-12.76199077
"tree_1990576",30.9099226,-4.749629831
"tree_782772",37.54624944,-8.12717567
"tree_131105",21.01122482,-34.00335366
"tree_787513",31.68815873,-3.559776693
"tree_4201223",31.76044081,-17.99294944
"tree_3209084",32.91664815,-14.05461174
"tree_1825045",35.02971521,-9.476048502
"tree_4480255",29.86168232,-21.85963409
"tree_4819546",34.93967486,-16.08193079
"tree_3277329",25.2000037,-13.73927677
"tree_66796",26.80765317,-32.65303848
"tree_3151163",29.1988195,-10.25932369
"tree_3297190",25.14158866,-11.31188262
"tree_3228956",27.48287778,-13.79615967
"tree_4840280",34.60189544,-14.50092887
"tree_2613732",31.67154245,-12.5537507
"tree_114097",30.24395259,-29.63328695
"tree_4368010",30.66299572,-18.85448641
"tree_963337",30.26176809,-5.445295917
"tree_7840",18.41545259,-33.5192631
"tree_4322734",30.74286564,-17.90758003
"tree_3724409",30.3452146,-8.527956211
"tree_1046423",30.97996655,-7.733502767
"tree_236364",27.11929008,-32.81088626
"tree_1963345",31.2136267,-4.165205413
"tree_1746586",37.12706746,-8.550056273
"tree_1463684",32.36038239,-5.807056705
"tree_4922694",34.71034184,-16.16144064
"tree_4751981",33.26637311,-12.8827863
"tree_1234239",29.91659652,-5.185040897
"tree_3700727",25.64009971,-16.81284619
"tree_272022",27.59499385,-31.50140776
"tree_515258",31.66300781,-8.413843826
"tree_2511513",26.02637816,-15.75659123
"tree_4436811",31.76828356,-21.35480967
"tree_80506",27.72183016,-31.47932169
"tree_2780235",30.78359782,-12.73774117
"tree_3464682",28.20323976,-15.52788774
"tree_1745115",33.1731447,-5.75179646
"tree_1218426",38.54579563,-5.428798976
"tree_1331963",35.79740419,-10.43719815
"tree_2565833",31.13408805,-10.59584326
"tree_51992",30.04094238,-30.28451046
"tree_2003114",39.12733175,-8.802017749
"tree_3936537",26.26779092,-14.62704658
"tree_3822586",24.62802313,-16.75596329
"tree_12152",28.58264033,-30.46877137
"tree_1995733",38.80965491,-6.133119195
"tree_1159621",38.29041014,-4.604853398
"tree_100052",28.70857518,-24.26844567
"tree_83767",29.04590387,-30.81502684
"tree_181755",28.9566587,-30.23348713
"tree_2448050",24.68751993,-14.93390771
"tree_141912",31.17417567,-27.79653737
"tree_4223718",31.01619022,-16.24319193
"tree_5032777",25.00528019,-20.48903228
"tree_1258698",36.8139881,-8.979066886
"tree_52736",23.1641968,-33.5272862
"tree_1711659",35.06261875,-11.04515099
"tree_4309809",30.94885069,-17.10572052
"tree_3774793",27.25408555,-12.06722616
"tree_1983102",32.68274686,-7.323873805
"tree_662050",31.31134568,-5.323957761
"tree_3293982",32.00337231,-10.81381923
"tree_4341162",30.88520717,-16.86809245
"tree_1933187",38.2022467,-7.493080135
"tree_3049289",31.04439212,-12.51399578
"tree_4314887",29.91793382,-18.9195727
"tree_956247",31.28709623,-4.637666985
"tree_2563826",32.50053115,-13.78146567
"tree_1287417",38.65234899,-8.643538939
"tree_2429329",26.55202334,-14.46703527
"tree_51523",30.33995875,-30.16533583
"tree_3522146",30.13228819,-13.40104441
"tree_1716227",39.50432509,-9.795530245
"tree_4153619",30.19234017,-16.15710134
"tree_3860378",32.24974314,-10.24913706
"tree_4471666",30.85347555,-17.46099071
"tree_1079691",39.46502115,-9.306752026
"tree_3741697",32.50134247,-13.79958526
"tree_3517800",25.02683196,-14.13655556
"tree_596047",36.13906004,-4.029083113
"tree_3734171",22.64948418,-16.47046705
"tree_4576776",28.40247881,-20.50742581
"tree_587723",32.10652939,-6.0794816
"tree_4405044",30.71996839,-20.91759566
"tree_955886",32.10815203,-6.242557918
"tree_4342518",31.03602248,-19.67302316
"tree_4943798",34.53969426,-15.81861077
"tree_4674512",33.90866785,-12.32243119
"tree_4623256",33.30423469,-12.90748664
"tree_843397",34.87286002,-10.8097766
"tree_1587015",36.28834291,-7.865207853
"tree_3729149",22.33063544,-16.62074247
"tree_1992154",39.19683483,-9.159000735
"tree_5043269",21.45178891,-18.56844579
"tree_2297080",24.55085759,-14.61857274
"tree_1900282",38.85517898,-7.219663621
"tree_2809275",25.04161602,-16.85611685
"tree_194523",27.53441531,-31.71749064
"tree_4810565",33.02117427,-13.24680077
"tree_1194859",39.90502701,-10.2767361
"tree_2277565",22.72304386,-15.66995975
"tree_2311607",29.75493426,-8.475310235
"tree_1626095",37.62341498,-7.945438878
"tree_1923841",32.56375326,-7.228317754
"tree_1533160",38.35450442,-9.71241451
"tree_1070327",38.14464299,-9.653818818
"tree_4286461",30.89467257,-17.58133724
"tree_4866175",33.65769963,-10.64866778
"tree_4654135",33.94905354,-10.856998
"tree_4361976",31.13734729,-19.65607548
"tree_2763802",32.05872236,-12.06380057
"tree_2934838",27.31610645,-13.44566728
"tree_4158055",30.17187688,-19.30080529
"tree_49635",28.10342084,-31.78032325
"tree_4846581",33.86729055,-13.52896156
"tree_3272985",22.34650125,-15.326589
"tree_3164097",32.60564216,-9.849514435
"tree_4352059",31.75340937,-18.87738381
"tree_3784587",22.39130414,-16.09365168
"tree_1415568",36.26337229,-10.42601989
"tree_516328",38.40138068,-9.441882707
"tree_1898187",31.65056757,-7.856373426
"tree_3552878",29.96479569,-13.5066068
"tree_3910750",27.04647779,-12.01701416
"tree_3017984",27.85680613,-16.12132688
"tree_1670892",31.75847313,-5.746027038
"tree_229502",29.33004605,-30.98702773
"tree_1103690",37.37533137,-2.957052389
"tree_3758726",22.78353227,-13.21516084
"tree_766430",36.04602869,-4.261572789
"tree_1024202",36.32395085,-3.284106498
"tree_4128399",25.81291086,-14.31234264
"tree_136419",31.05554271,-27.64112356
"tree_3390074",31.18033328,-11.65579425
"tree_217542",30.16660678,-29.19949853
"tree_244490",20.75430692,-34.21195433
"tree_4361126",29.33702893,-20.45072321
"tree_1997882",37.19215335,-3.012673223
"tree_273854",31.10151749,-28.6980997
"tree_5020801",28.71977341,-22.02099411
"tree_3584214",27.19503949,-13.84574064
"tree_38929",26.56660108,-33.23034126
"tree_2077008",31.16302512,-11.89396321
"tree_23226",30.32283089,-24.22030706
"tree_4553096",31.56545364,-21.08031139
"tree_273869",29.11396457,-32.00767454
"tree_2101680",30.6031242,-8.673904558
"tree_4007398",28.75015956,-13.91794856
"tree_2231451",24.310166,-15.26889478
"tree_3046084",29.37199124,-9.095432952
"tree_3407182",23.54364893,-15.94355656
"tree_3548639",23.96535501,-13.17874137
"tree_4457434",29.92108895,-20.09355993
"tree_164994",30.24350186,-25.9660981
"tree_4342848",31.99599395,-18.24346856
"tree_3457180",32.03979156,-11.84582459
"tree_4601163",30.59962264,-19.59504581
"tree_1827731",36.82471556,-4.663719532
"tree_2207594",26.71843408,-14.93390771
"tree_4329530",30.18783283,-16.92434431
"tree_4132447",27.96986513,-17.0382904
"tree_4498123",30.76990963,-18.18712655
"tree_1964444",32.33775558,-6.432588255
"tree_2874455",31.36125763,-13.25581724
"tree_3925473",27.06612976,-15.19984201
"tree_1524951",38.04998899,-5.604405758
"tree_1623324",38.92765689,-5.55797994
"tree_128528",28.76266315,-31.0058685
"tree_799349",31.16638985,-4.613507531
"tree_4670843",33.25735844,-11.41527973
"tree_4521701",29.78857341,-20.99097549
"tree_2172851",29.52587159,-11.71411951
"tree_180652",27.13100914,-29.81340109
"tree_2946899",23.12942501,-17.07165885
"tree_4170892",30.19675735,-19.4592841
"tree_2660413",24.92442535,-14.56709868
"tree_1656451",39.49963747,-10.44251683
"tree_132424",30.23034045,-25.98106253
"tree_1671730",38.58266562,-4.86276459
"tree_197859",32.11728972,-27.77868822
"tree_53675",27.59814898,-25.45604513
"tree_2052007",30.74537564,-9.531925784
"tree_3058703",29.24416327,-11.11707448
"tree_4878158",35.23337259,-14.21489175
"tree_569067",31.57962215,-1.27715897
"tree_3359618",30.96398129,-9.189636795
"tree_3814875",24.50019516,-14.12510687
"tree_3420287",32.60149542,-10.08047161
"tree_2596794",24.50118677,-13.30512777
"tree_2184170",25.7077097,-15.50381843
"tree_4365560",31.54444948,-18.44666039
"tree_3382507",31.12263942,-9.882778759
"tree_2214385",25.23669339,-16.48912753
"tree_3077161",26.74142148,-16.12944012
"tree_7678",30.74706094,-27.49959243
"tree_4411143",31.31881246,-18.97762751
"tree_152495",32.47715507,-27.74623522
"tree_2055504",26.0183551,-15.28701437
"tree_3136716",31.26029337,-9.099128988
"tree_4501376",31.94812609,-17.40221472
"tree_234822",20.0846076,-34.49321365
"tree_198182",26.61365762,-32.51709647
"tree_3394649",32.90537981,-11.67373355
"tree_2620809",27.44483589,-13.67049444
"tree_4166934",31.9719248,-17.17224917
"tree_3149124",29.78594471,-10.38480862
"tree_2645447",31.8739217,-10.48333953
"tree_2750059",24.96408989,-13.23661588
"tree_2203388",32.31491918,-10.45791801
"tree_4847233",33.11835234,-13.26401888
"tree_2670607",29.26047981,-10.61720815
"tree_2529838",30.68101092,-14.24374061
"tree_4440643",31.34116883,-19.3103609
"tree_1579551",38.96957509,-8.822571315
"tree_4979851",33.65265142,-10.63658805
"tree_4510430",30.48198129,-18.83654712
"tree_4190216",30.93839368,-20.18244509
"tree_3496999",22.94597656,-15.81131059
"tree_1104933",31.51967462,-1.14265932
"tree_2929490",27.27256562,-16.31288971
"tree_4424862",32.90250847,-18.08102328
"tree_4233055",31.02781914,-19.76821862
"tree_1705815",36.04963455,-11.34813579
"tree_497933",38.35432412,-7.131048905
"tree_764594",34.07352957,-9.44467727
"tree_3859352",26.43221843,-13.10337829
"tree_3361221",27.2731065,-14.48344206
"tree_4247463",29.98365072,-18.25176211
"tree_4304105",29.83274526,-20.21273455
"tree_147713",30.1875208,-30.1921997
"tree_4451999",31.55211194,-17.41231121
"tree_731237",32.56303209,-5.886115816
"tree_3896099",22.99853206,-14.5241886
"tree_2508194",30.1966529,-12.27375344
"tree_666088",36.30781459,-10.63894762
"tree_4465509",31.38416877,-17.6671574
"tree_11728",30.81602311,-27.61912764
"tree_2872861",23.45629681,-14.29395261
"tree_2046487",22.56582808,-16.04722586
"tree_4801677",34.14241806,-10.91802767
"tree_21031",30.45074896,-25.47704943
"tree_4530786",32.10795607,-20.55295016
"tree_268533",19.6900358,-34.63835067
"tree_3265709",26.44168383,-15.14755662
"tree_2681666",28.04052503,-15.85052463
"tree_463652",31.44007512,-7.569524976
"tree_3396572",25.34351719,-16.63390396
"tree_929392",37.40219507,-9.634256871
"tree_956630",34.74674484,-10.92345224
"tree_2130713",29.83300127,-9.26274619
"tree_76684",29.89409352,-25.71179279
"tree_266849",30.94962041,-25.76173435
"tree_245047",28.25540806,-31.05247461
"tree_4984616",35.24806649,-13.9540057
"tree_4101597",27.33206241,-13.0043065
"tree_1770592",37.96245658,-8.014671942
"tree_1825110",32.88215128,-8.220478042
"tree_3345753",23.53292147,-14.2878226
"tree_4473691",29.47819856,-17.27105052
"tree_4370481",32.03403583,-18.44431657
"tree_3314039",23.71618964,-14.26970301
"tree_133257",28.28695938,-32.55387654
"tree_1990157",35.10643002,-10.52373948
"tree_4949669",35.00800601,-16.27971379
"tree_4738932",34.07994645,-13.2569874
"tree_647658",34.62937389,-9.445218154
"tree_3363074",29.44510018,-12.41825943
"tree_854170",39.34061876,-9.117713308
"tree_204050",25.95576751,-33.68702707
"tree_150021",30.32869042,-27.62390545
"tree_4430632",31.90152028,-18.55348485
"tree_4133711",31.11120477,-18.56628575
"tree_45337",26.13714253,-25.37527322
"tree_5011927",34.59828957,-16.20083497
"tree_2185118",27.05819685,-14.78877069
"tree_1203672",39.75177768,-10.87107671
"tree_3220563",30.58428355,-9.501005288
"tree_890789",36.85076794,-6.475137742
"tree_42816",30.01885645,-29.9638568
"tree_1603094",38.27923195,-7.688789746
"tree_4159714",28.81544053,-20.348947
"tree_2104958",27.47503502,-13.7561343
"tree_2179099",30.36775127,-8.490815557
"tree_3828876",25.92198832,-17.88307397
"tree_2856534",23.91081628,-13.19082109
"tree_828753",30.07227981,-5.49640939
"tree_101036",31.78275558,-28.77292189
"tree_4209127",31.39210167,-17.77903009
"tree_2218174",30.17609946,-8.681657218
"tree_2683172",25.43168062,-14.88387601
"tree_2868063",29.07964561,-11.39671115
"tree_1849210",35.37055974,-11.13583909
"tree_2434742",26.75521392,-12.18387666
"tree_4301879",32.21793496,-18.45315099
"tree_5003864",35.50922128,-15.91678109
"tree_3741530",31.45401855,-11.74801486
"tree_3163273",27.07000607,-13.30846321
"tree_591999",33.65092201,-6.949582554
"tree_64729",25.40316867,-33.69820533
"tree_2342221",27.19233509,-13.60504756
"tree_4490298",30.62711737,-18.88594779
"tree_2680295",26.77531663,-12.13700011
"tree_2073794",32.2021457,-10.16205484
"tree_111881",26.35322401,-32.71001152
"tree_4498096",27.00259178,-18.63353558
"tree_2809620",22.54031657,-15.31523045
"tree_2283509",29.71355694,-13.72395174
"tree_4409419",29.2416538,-16.18513712
"tree_4209271",28.9713942,-18.03351569
"tree_2471000",30.25569897,-12.25662547
"tree_1435281",31.52490313,-6.957245067
"tree_3559838",26.19648491,-14.47028057
"tree_2294573",29.11290973,-14.47902485
"tree_3689461",24.0507239,-13.00989563
"tree_3152284",26.00943058,-15.13349365
"tree_367796",38.93027115,-7.433853412
"tree_3541757",29.45023854,-10.6237889
"tree_458537",34.38705966,-5.975722151
"tree_170794",29.10359771,-30.56793331
"tree_670400",29.71124243,-4.65308216
"tree_4174375",31.9317194,-17.7546002
"tree_4355964",32.75025081,-17.95562849
"tree_4605880",30.66903555,-18.96744088
"tree_3126064",28.5018055,-14.28079111
"tree_973872",31.66715456,-7.897931294
"tree_486952",31.84068689,-8.102385185
"tree_3881137",32.0576406,-12.30007643
"tree_26984",24.69128072,-33.87868006
"tree_3481149",25.38489451,-16.60676965
"tree_643266",40.087574,-10.18812138
"tree_1537438",38.98517047,-6.910548808
"tree_4593209",31.81506966,-17.51030124
"tree_677553",38.83408466,-5.688332818
"tree_2271831",26.99906064,-11.97076864
"tree_2624293",29.08838984,-14.54050525
"tree_179030",30.65006316,-26.15784123
"tree_233684",30.35257928,-29.21094723
"tree_2138346",30.92332515,-10.20253094
"tree_334194",35.80353416,-11.3607564
"tree_4470537",32.70121104,-18.72584633
"tree_663786",34.30782074,-6.719616999
"tree_4350892",31.23975387,-19.77398804
"tree_109241",28.30471827,-32.30245594
"tree_4324736",30.37281372,-18.95824586
"tree_424693",37.61539193,-8.893967912
"tree_3944433",26.17493985,-12.45603111
"tree_395451",32.26518752,-6.289254177
"tree_4174880",30.64424522,-18.10914921
"tree_633966",37.24858516,-9.728731156
"tree_4414613",30.46818886,-18.84700419
"tree_4169820",30.41996041,-19.04695072
"tree_6108",30.30579318,-25.30045103
"tree_176623",28.01120084,-26.49363962
"tree_2544140",26.47720161,-12.09399988
"tree_2666540",30.23577655,-12.32540779
"tree_183893",24.55299579,-33.97549817
"tree_4796934",34.18631947,-12.89198131
"tree_1259723",38.49594453,-6.254096762
"tree_46090",26.27578805,-32.5257506
"tree_3637622",26.13906148,-15.73901252
"tree_1656289",31.30737923,-2.265262633
"tree_1938480",39.69426411,-9.56331101
"tree_3835919",23.68418757,-14.21534423
"tree_4154822",31.44213305,-18.31261148
"tree_4256100",32.11480721,-18.43881759
"tree_216109",28.69009512,-30.96674461
"tree_3150091",23.42636812,-14.90343795
"tree_4096348",25.22371227,-13.69961199
"tree_2186019",29.34458665,-10.94705682
"tree_244762",29.09737759,-30.0383184
"tree_4321298",31.01546905,-20.43521789
"tree_4272657",30.10796292,-19.45964469
"tree_4771600",33.24455762,-12.86493715
"tree_2970622",28.16240332,-13.52238256
"tree_2888142",25.20631397,-16.9001087
"tree_4334658",29.30682981,-16.62613731
"tree_4609702",32.23497267,-18.60414759
"tree_4488607",30.52065419,-19.30107573
"tree_254150",30.74652006,-26.11619321
"tree_1505480",38.93513907,-6.733048935
"tree_4566256",29.8943154,-19.65030606
"tree_1472844",36.91351002,-6.277444892
"tree_917700",31.4243896,-4.221096688
"tree_667597",38.85076179,-9.238690876
"tree_2221731",28.95262896,-14.51283005
"tree_1045555",33.02827902,-6.08335793
"tree_3898717",30.00220655,-8.463771391
"tree_325358",35.36226625,-7.935162095
"tree_3990076",30.63278246,-11.88828393
"tree_4287809",25.73900646,-18.35912745
"tree_2208677",29.94063638,-12.37985671
"tree_4580358",30.29934422,-21.2061569
"tree_4918350",33.08337544,-13.31143632
"tree_154227",32.05887471,-27.80122502
"tree_1408746",35.16791005,-10.86702009
"tree_1666466",38.09794701,-9.336680902
"tree_4378865",29.65344361,-16.77938759
"tree_4318565",29.67841422,-21.7540717
"tree_250776",25.38027142,-29.1583914
"tree_2144966",29.08532485,-14.16882827
"tree_469443",30.66950145,-3.884306679
"tree_4538908",31.43717499,-19.79688544
"tree_4797022",33.06660817,-13.41573665
"tree_1844688",34.06685871,-7.209296691
"tree_2921598",32.03907039,-12.19866081
"tree_3899114",25.60350016,-16.87667042
"tree_85752",28.39324226,-31.06284154
"tree_3107996",31.44166846,-9.076952772
"tree_168396",30.62581372,-30.07419699
"tree_280672",30.45543659,-27.55268914
"tree_3574925",32.49890851,-9.815438787
"tree_4817555",34.50850353,-16.21165264
"tree_4147976",28.34902186,-19.94220275
"tree_4401337",29.96688344,-19.44882702
"tree_1537840",38.69399675,-6.121580351
"tree_3324297",25.73240989,-15.38852014
"tree_19054",26.74085452,-32.4432659
"tree_2533351",27.73934503,-13.80562512
"tree_4610579",31.47855229,-17.97005205
"tree_1856097",36.44546855,-6.861959457
"tree_4391161",32.66929914,-18.56195869
"tree_2250127",24.89350505,-14.60072359
"tree_276847",31.29046483,-27.54484633
"tree_945275",35.23236491,-9.035859634
"tree_290059",29.14479472,-24.64760488
"tree_778308",38.33773714,-9.799767164
"tree_104236",30.1287452,-30.99901731
"tree_4158267",29.89386467,-19.73810945
"tree_3926182",22.61405654,-15.19867009
"tree_1137653",37.49333335,-8.403296601
"tree_1251696",39.0882081,-9.752169433
"tree_3921859",22.97996185,-16.57693092
"tree_198939",30.48067764,-26.76326995
"tree_103883",29.03003806,-24.7977
"tree_2907281",33.28886372,-11.8616905
"tree_3408796",25.91117072,-12.42348797
"tree_1231274",32.2454454,-6.58088043
"tree_4304366",31.9237865,-18.46018248
"tree_3637416",25.61116263,-16.55340249
"tree_198552",28.75932773,-31.00983498
"tree_2613573",32.37675979,-13.54140363
"tree_1123803",38.78008681,-9.499396632
"tree_3177569",31.6362951,-12.27970315
"tree_3074861",25.88385628,-17.24365975
"tree_137813",32.03336321,-28.61462338
"tree_2121369",24.94903539,-13.38283467
"tree_1199509",36.17737237,-11.32388619
"tree_247986",24.42588904,-32.52484913
"tree_1845811",34.08281467,-9.459461414
"tree_4306333",30.82859508,-17.95301423
"tree_935220",38.82516014,-8.402845865
"tree_4490108",30.08488538,-17.42421064
"tree_48287",29.84938079,-28.59704467
"tree_4886444",33.77083365,-11.75071753
"tree_3307424",25.55842683,-15.51842228
"tree_2714605",22.77776288,-14.08345885
"tree_4989091",35.14656138,-16.6697808
"tree_4152071",32.7840558,-19.63218647
"tree_4876441",34.8972158,-16.07580078
"tree_4706315",34.08048733,-12.49470252
"tree_3816290",30.36225232,-11.05685613
"tree_3069219",32.14841829,-14.17757255
"tree_2108261",27.1231926,-12.13195186
"tree_187791",29.83207263,-30.91292672
"tree_159323",30.35194825,-23.58206475
"tree_4648549",33.90533242,-10.71528657
"tree_540596",36.25075176,-11.60451448
"tree_474249",37.61989926,-3.760985284
"tree_79242",28.19528026,-30.9004864
"tree_2339417",23.7576571,-15.15639105
"tree_3528030",28.10786459,-16.27259391
"tree_3924846",31.21990767,-12.98375293
"tree_985043",35.83932239,-11.40907531
"tree_3157315",26.82850316,-17.46830662
"tree_4874762",35.46225488,-14.27826524
"tree_74159",25.34691717,-33.248551
"tree_4057751",25.5834876,-16.28999232
"tree_3555775",24.27645115,-13.3462349
"tree_1893273",33.63406459,-6.923169419
"tree_2924832",29.73104539,-9.851227233
"tree_2684141",26.72591626,-14.15963325
"tree_219480",32.45020123,-27.87685854
"tree_814957",32.04261541,-5.980139365
"tree_153895",29.68522377,-25.2446499
"tree_270635",27.67819919,-25.43684377
"tree_514144",37.50649476,-11.47524337
"tree_4664607",33.32019064,-12.80931631
"tree_5040384",27.3751458,-20.7445095
"tree_1837288",34.46125036,-9.536176697
"tree_3423847",25.49938077,-16.3021622
"tree_233904",23.04349046,-31.92059233
"tree_1061479",34.31683541,-6.729443046
"tree_4413588",31.17304536,-19.01594008
"tree_2433042",28.43969445,-11.32089734
"tree_430587",39.05746809,-9.212007299
"tree_1852225",35.031428,-9.407446469
"tree_2923705",32.14977049,-10.14871305
"tree_4658464",34.92507111,-15.73459356
"tree_1849378",35.319086,-8.042076696
"tree_4800900",33.46649863,-11.01151033
"tree_190813",28.18049621,-32.22565051
"tree_3006659",26.75890993,-16.75812683
"tree_3675516",24.13059385,-14.8176178
"tree_4951101",33.19596859,-13.89595089
"tree_1954881",39.60006085,-9.713406129
"tree_275709",24.85029938,-33.84126897
"tree_256037",30.60408838,-24.76948392
"tree_3757557",32.18222329,-9.119772701
"tree_4245842",32.77909773,-19.66067299
"tree_2913106",27.76368463,-12.83005192
"tree_4279034",31.4074266,-17.94535171
"tree_136996",26.84001581,-25.67348022
"tree_1783283",36.0711796,-10.89884205
"tree_2855205",26.56500446,-12.39292806
"tree_883560",39.5406542,-9.898207927
"tree_1945774",33.57321559,-6.915957641
"tree_1250094",38.70156907,-8.596031354
"tree_277448",28.06114207,-32.45543577
"tree_2814047",25.37182324,-13.90145162
"tree_5024641",21.03864675,-18.49759008
"tree_4451043",31.73114315,-18.88702956
"tree_1111969",34.21641203,-8.245719263
"tree_4289196",32.65577714,-17.92416712
"tree_4563098",31.3672212,-19.51905171
"tree_3878273",27.07983205,-11.95012492
"tree_2721326",25.88457746,-12.73674955
"tree_3506331",29.9321626,-8.699055632
"tree_4840035",33.70646896,-12.13465453
"tree_3633813",26.20018092,-14.43530345
"tree_3985782",29.37622813,-13.55717939
"tree_4539326",31.93514498,-17.88621514
"tree_4505678",31.28572865,-17.41447474
"tree_2072403",29.31537913,-11.38165656
"tree_2114095",23.44917522,-16.82240179
"tree_4641624",34.22778692,-12.74053399
"tree_39840",25.29598432,-33.9518796
"tree_4224948",30.53489736,-18.93147214
"tree_853112",34.71762747,-9.516254162
"tree_4337403",32.80433879,-18.38617161
"tree_2041833",30.94333771,-9.218934641
"tree_3641677",23.42492577,-14.30323777
"tree_5019309",28.940182,-22.06796082
"tree_4522790",31.47792127,-19.17144403
"tree_4819099",33.35832267,-9.968867603
"tree_34457",29.34906699,-28.39105828
"tree_3120673",26.60331679,-15.39735456
"tree_3989221",25.72600948,-16.54447792
"tree_2450436",30.83308834,-8.915589251
"tree_4267180",30.43438387,-16.8615117
"tree_2926734",26.67453266,-12.12564156
"tree_2261114",27.88186691,-12.84618828
"tree_254025",24.20340716,-33.98505378
"tree_4675002",33.2880083,-12.91469841
"tree_79049",29.03220158,-31.00649953
"tree_609495",34.39445168,-9.314053951
"tree_2581413",31.5499346,-10.62505096
"tree_3224326",25.15529096,-16.74397371
"tree_4396859",30.06451224,-19.4399926
"tree_25826",23.30653833,-34.07511085
"tree_89942",23.09911093,-34.07970836
"tree_4370787",31.87411571,-18.19839495
"tree_4506574",29.04585532,-18.16666313
"tree_4014594",25.69905562,-17.28269349
"tree_2345874",28.04377031,-12.87801024
"tree_3156858",23.84573039,-13.07786663
"tree_2440963",25.24724055,-11.55690276
"tree_4178395",29.72628208,-19.89370355
"tree_4947185",33.42007311,-10.99934046
"tree_224345",28.60761095,-30.75435776
"tree_4130057",30.52812218,-10.44088019
"tree_3429108",23.40887967,-15.17649388
"tree_4532865",30.4856773,-17.71484527
"tree_41696",24.82595979,-33.01227514
"tree_3360112",32.09640367,-9.293486391
"tree_3753202",30.23730905,-10.25707001
"tree_5036454",22.80461987,-20.06173447
"tree_139148",25.87039865,-28.0256916
"tree_3939731",29.32998289,-12.15448867
"tree_143878",30.0069571,-25.50418375
"tree_2745846",22.01503197,-14.29963188
"tree_3506651",27.21270823,-11.95571405
"tree_4240947",30.17449113,-19.13709794
"tree_29425",29.81296155,-29.65897891
"tree_3819726",29.25570204,-10.7742446
"tree_1760045",32.1306887,-6.523005915
"tree_2730118",25.81750834,-17.88794192
"tree_1529854",34.88728349,-9.034777867
"tree_3208906",25.89575564,-15.40979488
"tree_1287105",31.52328049,-1.722035494
"tree_186849",26.98001353,-25.62525146
"tree_535457",29.93210175,-6.167194843
"tree_123296",29.10332727,-26.50247405
"tree_5015231",33.40925551,-10.84014047
"tree_1509218",29.74351493,-4.941913848
"tree_4252709",27.04955818,-18.78579423
"tree_3171854",31.54524697,-10.58619751
"tree_164595",30.41288738,-22.74973548
"tree_464422",31.70790085,-8.369130805
"tree_101627",29.11711971,-25.66518668
"tree_1609792",32.15728196,-6.243549538
"tree_255452",24.13579719,-33.58164498
"tree_93773",27.40559578,-24.88036499
"tree_165801",26.19357433,-33.57335143
"tree_4237131",33.01663411,-19.86314364
"tree_217509",23.7783658,-26.92715759
"tree_2638024",23.77902186,-15.99124444
"tree_4969490",33.71674567,-12.12086201
"tree_2857",30.48906128,-29.34517644
"tree_55461",28.51430919,-30.51231248
"tree_4768281",34.66292471,-16.42764537
"tree_4184267",29.91937617,-19.52283789
"tree_3742066",27.83192566,-13.33595811
"tree_3420271",32.8908662,-10.73998866
"tree_3991028",22.32306312,-15.37734188
"tree_1452044",38.62557543,-6.758831039
"tree_1278782",36.17791325,-10.4258396
"tree_3187791",26.65091423,-14.50038974
"tree_391755",39.08388106,-7.711506845
"tree_2243957",25.47468058,-16.99494357
"tree_4571478",28.73160416,-20.24933433
"tree_4298090",31.150689,-17.85646655
"tree_3403828",31.31185726,-11.53048962
"tree_4569944",30.41238809,-19.03694438
"tree_4996036",34.46397109,-16.23049341
"tree_1995349",31.66426987,-8.304675544
"tree_1971178",32.71420804,-6.468647142
"tree_2935684",31.0623313,-9.19693872
"tree_8823",29.84316067,-29.08248744
"tree_1088746",30.14151245,-6.134922139
"tree_4459125",30.92622389,-16.75585916
"tree_53009",30.69270252,-30.30118769
"tree_1404106",30.60612834,-4.335583656
"tree_4608972",31.39363417,-22.05182796
"tree_3071053",26.23065049,-14.07237074
"tree_288117",24.52153462,-33.92140984
"tree_2698663",25.13572913,-11.67445473
"tree_755219",34.37182487,-9.418534577
"tree_237186",27.40451402,-32.80782125
"tree_4576675",30.38435249,-17.92110211
"tree_911501",36.58077869,-7.105176653
"tree_55388",30.42199219,-28.47958284
"tree_428338",35.66831417,-8.273214165
"tree_3127387",31.51396608,-10.43529106
"tree_2863197",28.13959621,-13.88838027
"tree_248498",26.18338776,-32.53323282
"tree_14598",26.01742781,-31.16849408
"tree_928062",31.56240414,-1.804520199
"tree_4664093",35.71277237,-14.52914495
"tree_4898323",34.64904213,-15.24338136
"tree_2755305",32.93711144,-11.06433835
"tree_1007015",31.06299163,-5.525166353
"tree_92342",25.54749342,-32.68810575
"tree_2210016",28.23560241,-12.44178785
"tree_2574357",26.58709039,-15.37040054
"tree_5047413",22.77162619,-19.70646428
"tree_4083036",30.73185364,-11.66769369
"tree_521477",32.23246428,-5.598095452
"tree_220700",29.83513762,-29.61345456
"tree_2170244",28.87961017,-13.33208178
"tree_1533363",31.73187986,-1.060354909
"tree_164886",28.74292104,-30.76679807
"tree_4070565",27.68183146,-12.43583814
"tree_1735595",31.44764744,-4.253549687
"tree_3195924",25.0164651,-12.43439578
"tree_3231166",25.84374102,-15.7492893
"tree_169928",32.16443641,-27.90642683
"tree_4523197",30.00835089,-17.14286117
"tree_3404210",27.91152516,-15.79914072
"tree_49641",30.89084481,-24.79247146
"tree_134245",29.14930205,-31.59416925
"tree_801922",34.59935505,-9.40059528
"tree_2798381",26.23885384,-12.24472603
"tree_618182",35.17665427,-9.319012048
"tree_2942692",26.47287457,-14.26240108
"tree_2972542",24.3128704,-17.08049328
"tree_4456350",29.95426291,-17.71538616
"tree_1037006",36.96741772,-11.25393195
"tree_261217",30.34924385,-29.15748993
"tree_4344214",31.6494703,-16.76983198
"tree_872467",34.35532803,-5.812375391
"tree_4355546",29.93343904,-18.29665542
"tree_207005",29.32959531,-28.75994069
"tree_1269668",34.87790823,-7.100579145
"tree_424496",36.7599001,-9.650934107
"tree_4452312",30.39769419,-19.58305623
"tree_186271",27.15552902,-29.21076693
"tree_1235089",35.6660605,-2.607551622
"tree_308148",37.18178648,-4.58664366
"tree_761816",37.47133756,-8.305937605
"tree_2902773",30.62719336,-10.43808563
"tree_211339",31.69089616,-28.01847982
"tree_4536718",32.65361362,-18.67869934
"tree_75801",22.78918682,-29.64320314
"tree_3647730",25.63369929,-16.98331458
"tree_198453",30.58542803,-25.25519713
"tree_684866",30.28412447,-5.965084779
"tree_3017599",27.03115285,-12.09796636
"tree_2825543",24.72826622,-13.24689266
"tree_2276926",26.38876774,-12.0999496
"tree_1915014",36.32737642,-2.591144829
"tree_4010913",29.92395925,-9.36190813
"tree_981128",29.7187246,-4.486309805
"tree_4586387",31.29952108,-19.77011171
"tree_4366772",32.02520146,-21.45838882
"tree_4457383",27.77370606,-18.65463003
"tree_1155480",31.41834977,-2.560224333
"tree_3995546",26.98625982,-12.36453169
"tree_1892290",34.61215587,-6.712405222
"tree_128951",31.19887585,-29.21229944
"tree_1699687",36.68859409,-3.428161753
"tree_3447766",25.7388103,-12.07687191
"tree_1755252",31.53517985,-7.715293029
"tree_4705966",33.04028536,-12.95129818
"tree_4651488",34.00079771,-10.27194255
"tree_537242",35.23020139,-6.642090391
"tree_4030578",26.69481566,-15.47992941
"tree_2009062",36.33972651,-7.201273588
"tree_236451",29.74390923,-25.43251671
"tree_78169",30.58101084,-27.19976278
"tree_463801",40.12804985,-10.30179702
"tree_851968",39.34485565,-9.212998919
"tree_3075518",27.77648546,-13.57295515
"tree_535582",35.86447331,-9.140069819
"tree_2574050",28.52235894,-11.8406862
"tree_4680457",34.69709028,-16.47614458
"tree_2044210",33.11776535,-12.43160122
"tree_1049376",31.11302303,-2.175295709
"tree_4937496",33.37175452,-9.946330799
"tree_290345",28.51142449,-31.1939156
"tree_2347377",29.42725114,-14.23842192
"tree_4423903",25.67608411,-18.12014717
"tree_1623623",37.87546505,-10.15774177
"tree_3094387",26.68589114,-14.46505203
"tree_2236613",30.9313482,-12.84790107
"tree_2210151",25.52750653,-14.27493154
"tree_4601532",31.79009905,-18.64525472
"tree_228694",30.33004262,-28.39520505
"tree_2314240",30.11552091,-10.2232648
"tree_1197025",30.69528339,-4.189094426
"tree_4387486",32.63864928,-19.89649811
"tree_3356824",23.42501592,-17.35751568
"tree_3498717",23.64470334,-15.96987955
"tree_5135",30.82530821,-27.8376445
"tree_3395688",25.92920005,-16.73991709
"tree_36222",22.62160423,-33.88354801
"tree_3592587",30.55083914,-9.782985788
"tree_1325797",38.22956114,-7.530401083
"tree_1962868",37.23930006,-10.50733268
"tree_1888972",39.59447176,-9.404561758
"tree_2269701",24.63433339,-13.15449176
"tree_3914283",30.85607574,-9.079116305
"tree_79285",26.59977504,-32.62815784
"tree_1705478",36.36992564,-11.10591021
"tree_123906",29.95359029,-25.72306119
"tree_183452",29.81467433,-27.88118561
"tree_2575185",31.34034361,-11.38084524
"tree_180859",29.61508969,-29.24691597
"tree_4297226",31.379391,-19.36435908
"tree_246000",31.01867273,-25.97096605
"tree_1257777",37.13491022,-9.51598372
"tree_753237",37.97796181,-4.985635249
"tree_288884",24.2210759,-33.91726307
"tree_1692764",39.52866469,-10.45234288
"tree_4174471",31.28996554,-18.51129595
"tree_3998195",25.33387149,-15.91182474
"tree_226595",30.15263405,-30.85739603
"tree_1190018",34.5600511,-5.709246973
"tree_276005",30.84631238,-30.02650912
"tree_1962367",40.11858445,-10.28484935
"tree_3415912",30.74654754,-11.16295941
"tree_3925267",24.73042974,-14.53680921
"tree_4452090",30.07569043,-16.98221883
"tree_3111492",30.90899183,-13.12465303
"tree_1939040",34.06920253,-6.941198862
"tree_3599693",27.39877094,-13.60099094
"tree_8248",28.21998044,-24.42232698
"tree_73921",27.49880739,-26.0356016
"tree_4888735",34.05245172,-10.36677743
"tree_119565",29.84983152,-30.43514646
"tree_300122",33.15123906,-6.500739552
"tree_1712582",30.23932158,-4.396793617
"tree_1912867",35.86780873,-10.5650269
"tree_1180610",32.1279843,-7.058300099
"tree_3804436",23.65038257,-14.89676706
"tree_2563054",27.69192789,-13.30359526
"tree_4395325",31.48693593,-17.14583603
"tree_4159026",30.84247767,-17.65318458
"tree_2505111",30.10398213,-13.21425937
"tree_3564807",27.24092414,-12.10184269
"tree_4045211",26.86951989,-14.9943965
"tree_3738381",28.08938452,-14.08580268
"tree_2987282",31.22333324,-9.051711551
"tree_159343",27.2069126,-25.07670564
"tree_4605428",29.67030103,-16.50200459
"tree_4052258",24.76306283,-16.69637598
"tree_4381270",29.29709398,-20.79039793
"tree_89603",26.55533275,-33.52620444
"tree_68623",30.49627301,-26.10438393
"tree_4103144",25.47999923,-11.97221099
"tree_3488587",22.12951823,-15.01377815
"tree_2979226",31.67028039,-12.22588527
"tree_1119871",34.18477055,-9.268169016
"tree_2351366",25.26328666,-16.47272073
"tree_3614711",23.91901963,-13.83735694
"tree_3765078",28.23488124,-13.56376014
"tree_2048653",30.23388347,-9.818413645
"tree_3983394",32.1358879,-12.86178375
"tree_2026054",29.74628018,-8.498207629
"tree_4171149",29.35424694,-16.54184967
"tree_1021427",38.83480583,-5.417710868
"tree_4562614",32.31754698,-21.33858317
"tree_4947161",33.06895198,-13.23219692
"tree_4233389",28.5754702,-20.64850621
"tree_4001595",26.78406085,-16.81978753
"tree_94209",22.46285601,-33.84739898
"tree_3019203",25.53877486,-14.05686542
"tree_3789771",23.76667177,-13.37111553
"tree_2590457",32.080628,-10.41077102
"tree_1254809",32.26861309,-7.104455475
"tree_2435727",25.30944175,-14.20182215
"tree_659992",30.01828196,-4.333059534
"tree_82830",20.00401651,-34.61671534
"tree_1456374",34.2575189,-8.416548242
"tree_4325404",30.73520318,-17.01241815
"tree_464590",38.48837221,-6.36696108
"tree_280485",25.27939734,-30.43081939
"tree_121779",29.7245277,-29.76291865
"tree_1718222",36.32223806,-4.289247985
"tree_240725",26.77267628,-33.44029414
"tree_1639830",34.47053547,-9.404742053
"tree_249963",30.78474223,-27.72009253
"tree_4604776",32.85959867,-20.1773067
"tree_170055",31.9239252,-25.02469069
"tree_4548885",30.66714247,-19.28971718
"tree_171193",19.16114552,-33.97603906
"tree_4918007",34.16116856,-10.81958691
"tree_924195",32.52372815,-6.312061424
"tree_169205",30.65799606,-27.01225657
"tree_4349766",31.67254784,-17.56547133
"tree_532567",39.26859157,-7.097063403
"tree_2481728",26.01168425,-12.74873913
"tree_3137004",29.00978195,-13.90226294
"tree_4374080",30.32539659,-19.55691354
"tree_4562954",30.37092064,-17.3023316
"tree_4310678",30.97634541,-21.0360491
"tree_2178910",25.5943052,-11.89792968
"tree_1012729",30.86791425,-4.122926367
"tree_997195",32.80426456,-6.154303791
"tree_235963",30.84189519,-27.94293645
"tree_2834353",25.90855647,-13.93561741
"tree_176846",30.8094424,-24.82708799
"tree_4040645",25.44258837,-15.05623749
"tree_68735",30.63518897,-27.0680577
"tree_3129197",24.70032075,-11.85682255
"tree_4979969",35.78020205,-14.58557711
"tree_5025832",22.24697262,-19.22372592
"tree_1955909",34.22109965,-7.121403152
"tree_4435934",30.1981997,-20.76362421
"tree_4484736",32.19548845,-18.7933666
"tree_1594726",38.82921674,-5.040895494
"tree_3445378",31.66315881,-11.86502595
"tree_1772262",34.45214555,-7.145742901
"tree_1679487",39.31880326,-9.105723728
"tree_1536139",38.97552477,-7.763611938
"tree_229646",26.93295699,-25.57332666
"tree_1046051",35.92108541,-11.02585948
"tree_212805",29.25693713,-28.42008568
"tree_2445727",31.532356,-9.02223341
"tree_2510801",29.09073365,-10.30196333
"tree_1059344",37.93874801,-10.48155058
"tree_1473223",34.24003045,-9.281150216
"tree_1979535",38.0645026,-5.452056958
"tree_57273",32.05166298,-28.22581842
"tree_688904",35.57636457,-7.735486006
"tree_872968",31.46639794,-1.607458379
"tree_4588299",32.63134741,-19.90605372
"tree_227212",25.39649782,-33.64141258
"tree_3719041",28.98436059,-15.30621572
"tree_3308978",25.85005128,-11.83978473
"tree_114111",29.55829732,-28.69368249
"tree_1815510",34.2602233,-9.087333696
"tree_72655",30.1405544,-25.14638944
"tree_4113494",23.72592548,-14.1694593
"tree_92877",29.83225293,-29.91427583
"tree_1081549",39.2191912,-10.07318368
"tree_2171731",28.82822657,-14.60748463
"tree_3522816",26.10832147,-15.5938755
"tree_1415422",38.97669668,-7.235799973
"tree_59744",27.5494698,-32.53097914
"tree_4299175",29.9385774,-17.17603535
"tree_4401025",31.2187497,-17.22642764
"tree_3913099",27.36361374,-13.81770485
"tree_540479",37.48756396,-3.052067557
"tree_1039174",30.70429806,-4.042965784
"tree_2957157",25.08407509,-13.21083378
"tree_1104410",38.85454795,-8.259962523
"tree_3913863",28.27986442,-16.17829992
"tree_4597902",30.10543881,-16.19938038
"tree_3171745",22.07335686,-14.48091794
"tree_3778356",25.25977094,-11.53986493
"tree_176319",30.38440104,-27.25808803
"tree_4346400",31.90566703,-17.54122173
"tree_957188",29.73206631,-4.749359389
"tree_4296267",29.18035409,-19.96879618
"tree_180594",31.39764917,-29.2882034
"tree_4268642",29.24399761,-22.0345197
"tree_1470634",31.77857584,-1.468992251
"tree_4591714",31.35514155,-20.06227885
"tree_4326695",31.11544166,-20.047675
"tree_4765471",33.92570556,-12.06470029
"tree_1978964",34.82832757,-9.549518486
"tree_1073810",33.42402286,-1.899625515
"tree_259290",28.22367645,-26.53195219
"tree_4146259",30.70329127,-17.44791936
"tree_266995",32.10088304,-26.84449259
"tree_4262078",30.42203378,-19.88586074
"tree_1486639",35.27788898,-8.565561595
"tree_574104",35.85681084,-7.969958921
"tree_3250826",29.94983134,-13.1501647
"tree_47211",30.31579945,-24.16513696
"tree_2853001",25.33747736,-15.03279921
"tree_285484",27.17581201,-25.91327183
"tree_4322597",25.85628723,-18.20740968
"tree_688925",35.30313004,-7.979965262
"tree_3210980",29.89574334,-13.26465167
"tree_101188",26.37233509,-27.88839738
"tree_1502791",39.26588717,-7.081918671
"tree_4426778",32.16826416,-17.19514656
"tree_463671",31.52039579,-6.961572134
"tree_4615722",35.14178361,-15.93174553
"tree_737137",37.31880941,-7.978342613
"tree_3596113",27.33305403,-13.98691118
"tree_2658313",26.11219778,-16.04632439
"tree_2480908",25.60440163,-17.33840447
"tree_484909",30.66544485,-6.037202554
"tree_3414694",25.08028893,-14.50651975
"tree_5011693",33.17866043,-13.22994324
"tree_2987544",25.20279825,-15.2842198
"tree_4296826",32.40075232,-18.08246563
"tree_248808",27.80710887,-25.36373438
"tree_302981",39.41724342,-11.00233106
"tree_85166",18.80759043,-33.91762366
"tree_80674",30.04680191,-31.17660733
"tree_4737600",33.47641475,-10.06938175
"tree_2804485",23.38832623,-14.92480284
"tree_1447884",34.43889399,-9.260506503
"tree_1956478",35.78198911,-4.684092803
"tree_4678890",33.20786794,-13.22074822
"tree_233414",31.03201444,-29.52411867
"tree_248014",28.32400965,-32.55946566
"tree_52385",27.92330788,-27.93112717
"tree_215758",31.0248027,-27.82349139
"tree_2488895",29.59979185,-12.12311744
"tree_456380",35.23290579,-11.36337067
"tree_1725214",35.01853703,-9.195059622
"tree_2642482",30.66072792,-13.18955903
"tree_243014",32.71234763,-26.94915351
"tree_2060122",25.65578523,-16.69150803
"tree_837864",38.37568888,-9.782008162
"tree_1213446",37.42572335,-7.184325911
"tree_3609183",22.36615322,-13.78245729
"tree_1847511",32.24075777,-7.226424662
"tree_1596702",37.02321851,-10.85115418
"tree_2787929",23.413387,-14.56502529
"tree_310630",33.63965368,-6.106615913
"tree_4218166",25.7259352,-18.29944999
"tree_3084498",26.52362714,-14.43945022
"tree_1240918",38.73771788,-6.036751818
"tree_4042714",26.13509503,-12.87764966
"tree_983622",37.48855558,-3.023761331
"tree_2021966",27.43131389,-13.67220724
"tree_4540068",31.29735756,-22.39718196
"tree_4886706",33.40240437,-12.64669073
"tree_1164079",36.88213898,-10.05028628
"tree_810204",37.44789943,-11.39032469
"tree_3368499",26.75359128,-14.6524681
"tree_230784",30.70243835,-24.71647735
"tree_4393034",31.26409346,-20.53068379
"tree_236515",31.1293728,-25.23842975
"tree_286741",30.94195795,-26.94509689
"tree_4184901",30.77892429,-17.95256349
"tree_1998469",36.17629061,-11.32019015
"tree_4286108",29.8102086,-16.69239552
"tree_4369024",32.65289245,-20.46451574
"tree_4353222",32.31601449,-20.24834271
"tree_46628",26.38288225,-33.15200333
"tree_196019",25.48574298,-33.85073442
"tree_351812",34.82391038,-1.55427152
"tree_3766625",26.60421826,-12.0352239
"tree_4016913",26.94578396,-16.62966704
"tree_69370",25.99416998,-25.07183769
"tree_185452",30.99216962,-28.29171604
"tree_1239752",37.4945954,-4.173228515
"tree_1613210",34.26382917,-6.040177412
"tree_3024974",25.65497391,-14.69718112
"tree_2624456",27.41373529,-12.41672693
"tree_4847132",33.60144813,-12.41474194
"tree_987242",33.73214416,-4.321250248
"tree_1053879",31.27375453,-7.872059042
"tree_2648100",30.98588693,-13.48001337
"tree_4389219",30.49550328,-17.22011734
"tree_24146",23.22820091,-33.79349094
"tree_2127861",22.83879217,-16.48588223
"tree_1083580",36.27626326,-2.693011186
"tree_3893225",25.57907042,-17.00630212
"tree_78647",18.32296215,-33.08529439
"tree_3170024",32.70651628,-10.38760318
"tree_85362",27.69379455,-32.3621334
"tree_5027404",21.02891091,-19.93931454
"tree_3614476",30.49630041,-10.1587194
"tree_3481809",27.89457759,-16.13602087
"tree_2368928",30.67154552,-9.667236759
"tree_4936724",35.34136825,-14.67058594
"tree_2922348",31.99057148,-12.09048414
"tree_196703",30.27018526,-28.5783842
"tree_209515",23.50062403,-33.09845588
"tree_2172951",31.67046069,-9.887736856
"tree_2299422",24.74647584,-14.70538451
"tree_2186865",23.9454326,-13.1064433
"tree_4829128",33.73892174,-10.72330968
"tree_207014",25.08639341,-33.21465565
"tree_3062645",28.98913836,-13.96888174
"tree_95652",28.66386245,-30.17651409
"tree_4552381",31.85590609,-18.1725227
"tree_1945672",38.80154171,-6.152050111
"tree_2891919",24.97634983,-14.6427322
"tree_2728357",28.1561832,-15.70610879
"tree_4851415",33.3065785,-12.90721619
"tree_395429",35.44267707,-8.139435692
"tree_4835066",33.09455363,-13.08480621
"tree_1439121",38.45150222,-7.171795448
"tree_3901049",31.04385124,-10.82932455
"tree_1693628",32.03017517,-5.666427044
"tree_4284256",28.67751618,-17.76677007
"tree_771551",32.19433224,-6.116081371
"tree_4690572",34.09545167,-12.59801123
"tree_744348",39.69543602,-7.957879194
"tree_4079411",30.41165269,-10.20766933
"tree_4216260",32.23145695,-17.37003216
"tree_4946363",33.91831354,-10.41888252
"tree_4168249",31.08794694,-18.8451111
"tree_174302",31.38944583,-28.95420795
"tree_3808090",26.01402806,-12.84402474
"tree_3076698",25.09624489,-14.79976865
"tree_4094603",32.60383923,-13.42168812
"tree_174430",29.31967919,-30.73326331
"tree_2187346",28.1521266,-14.37084818
"tree_4751195",33.60929089,-10.691668
"tree_4373648",31.850317,-17.74053723
"tree_3352722",28.92423276,-11.85826491
"tree_4667102",33.68321113,-10.64596336
"tree_3284370",28.45492924,-13.0075518
"tree_390838",37.22685982,-9.54807613
"tree_12482",19.67290794,-34.63104875
"tree_1732532",31.81959257,-7.310351723
"tree_4000712",28.56932535,-13.81509058
"tree_5036837",25.05621306,-24.94897577
"tree_4857058",34.14800715,-13.80499234
"tree_1114911",33.75495126,-5.054778166
"tree_2596590",25.16818193,-14.67356254
"tree_3591103",32.97145732,-9.709245363
"tree_125684",25.74293132,-33.53503886
"tree_3058447",25.97328177,-17.56954194
"tree_4462256",27.48523685,-19.48813121
"tree_758370",36.15925289,-10.70250141
"tree_3448323",26.06595254,-15.63777719
"tree_94129",18.96228205,-32.44335605
"tree_3938909",22.8811611,-14.1627884
"tree_910418",32.02197182,-5.723039497
"tree_2121961",26.06955841,-12.95265214
"tree_303973",37.38993513,-8.674820023
"tree_3258373",24.93452178,-13.15368044
"tree_2963452",31.29752394,-10.33297397
"tree_2465331",28.41832969,-15.09031314
"tree_3348837",27.35459908,-12.99493119
"tree_273222",20.01231,-34.51520957
"tree_4673521",33.07868782,-13.19974392
"tree_596759",38.31150446,-8.167471477
"tree_4362537",30.36983888,-18.17189167
"tree_1236899",31.4974084,-3.038094738
"tree_936679",37.77612343,-5.934434725
"tree_3775395",22.64786154,-16.91218842
"tree_2720800",26.20964632,-13.58620679
"tree_1060491",35.83679828,-7.255181625
"tree_289582",31.39873093,-27.36067557
"tree_3302191",25.04675438,-12.41753825
"tree_4390136",32.75565961,-17.82194017
"tree_164223",24.07837378,-33.91518968
"tree_4852297",33.0511931,-13.20794731
"tree_313797",32.4359253,-6.025393269
"tree_2993265",26.02421464,-15.55952941
"tree_4366854",30.85753215,-18.20641806
"tree_178626",29.97152947,-30.558558
"tree_4124348",25.58988802,-16.27520818
"tree_1330956",31.29484885,-3.993294667
"tree_2250204",31.73942288,-12.08498516
"tree_933705",38.32151074,-8.683293862
"tree_1259126",31.74783582,-3.652357886
"tree_1577",25.5468624,-30.26584998
"tree_575745",39.31745106,-9.138627463
"tree_5004392",32.82898165,-13.53220686
"tree_2465750",24.83481957,-14.58341533
"tree_2351419",22.49010488,-15.32568752
"tree_954472",38.76413085,-7.051719352
"tree_923979",34.4224873,-5.998258956
"tree_1511426",30.88089537,-7.183604733
"tree_2864458",28.96984697,-10.46116331
"tree_4102581",29.96254202,-12.2767283
"tree_4364662",31.03737468,-19.67464581
"tree_1324232",38.05260324,-8.113383146
"tree_1346808",34.10868676,-6.990329097
"tree_3862238",23.82544739,-14.63840513
"tree_2858839",25.33459267,-15.81852237
"tree_271441",21.07910523,-34.02345649
"tree_1311920",33.20974425,-6.336220878
"tree_586844",30.25708047,-4.407971872
"tree_3365889",25.60142679,-13.47929219
"tree_110608",30.22078491,-25.11132217
"tree_4364965",29.07839825,-21.8155521
"tree_17851",31.61670548,-27.93338085
"tree_4301004",30.49261859,-18.83645697
"tree_2213110",26.44276559,-15.03613466
"tree_1826455",38.37487756,-5.499474395
"tree_3378838",26.89557227,-13.2765511
"tree_34448",27.86218846,-28.31055681
"tree_3332115",29.07234373,-10.33495721
"tree_3910296",29.59402247,-9.572311738
"tree_4918863",34.14467173,-10.99564442
"tree_1940926",36.06883579,-4.375518874
"tree_185765",27.28912633,-33.32247172
"tree_3043462",26.35892919,-13.57737237
"tree_4211456",30.70572523,-18.01160992
"tree_82857",29.89977275,-29.87911841
"tree_1094671",36.33693197,-10.53807288
"tree_4620315",33.02009251,-13.17360122
"tree_205808",28.98911149,-30.62725018
"tree_965758",37.47241932,-9.503182815
"tree_4475442",32.01113859,-17.48415854
"tree_4024239",28.97309225,-9.590521476
"tree_63650",28.67612239,-30.80628256
"tree_3297560",25.29285476,-14.57881782
"tree_278337",18.56185072,-33.58335777
"tree_157225",32.62751965,-27.15820491
"tree_2611808",28.54264194,-11.1113952
"tree_1878369",38.57428198,-7.699427118
"tree_32933",30.30948919,-26.03668337
"tree_3860853",24.7274549,-11.75405472
"tree_2423416",23.27708525,-16.88667676
"tree_4356407",31.27148548,-20.53122468
"tree_1826851",31.06894131,-1.224422847
"tree_3162505",22.74819478,-13.17125915
"tree_1560268",32.26924412,-6.047028601
"tree_4500799",32.71320055,-19.94220275
"tree_4241369",27.17810727,-19.16197857
"tree_210038",23.30626789,-33.88435934
"tree_244873",30.56523518,-27.67105244
"tree_652334",30.94399804,-5.284653573
"tree_198531",30.22403018,-25.11591968
"tree_4578925",30.64469596,-19.28367732
"tree_996887",37.75584043,-7.388960097
"tree_252974",29.84784829,-29.82629214
"tree_4505471",25.79715104,-17.95643982
"tree_366284",31.48740212,-6.935068852
"tree_121587",27.24197964,-32.95331886
"tree_89507",30.0268795,-29.33904643
"tree_286311",31.27874576,-24.64156501
"tree_3287919",30.88897927,-12.09327871
"tree_174163",30.5326021,-28.5216816
"tree_4354699",30.98040201,-19.16891991
"tree_2596833",25.40283369,-15.27926171
"tree_151011",32.06897113,-28.33615862
"tree_1866630",35.14330001,-10.72314512
"tree_2776699",25.14501424,-11.55230525
"tree_220313",29.38260153,-28.45686575
"tree_2114143",32.89988087,-10.54788494
"tree_255486",29.35068963,-29.93564072
"tree_2193831",27.39291141,-13.07804692
"tree_300002",29.82798236,-4.68418295
"tree_430764",33.84491763,-7.310081281
"tree_484710",35.61368529,-8.026841816
"tree_1924907",31.34551127,-5.801918314
"tree_4247367",25.61433367,-17.89631163
"tree_1525752",38.25985042,-5.62054211
"tree_4909649",35.37931998,-14.16657284
"tree_1487694",36.47170123,-5.909554093
"tree_4981001",34.69014899,-16.39266825
"tree_277898",25.12587763,-33.87345152
"tree_1713532",37.85788645,-6.612071367
"tree_4214516",31.80416192,-18.16747446
"tree_2306253",24.66768766,-13.19604963
"tree_515292",31.03107971,-1.200263393
"tree_63728",26.342767,-33.07555849
"tree_272531",28.4777998,-32.35302853
"tree_3456760",23.45828004,-14.58675077
"tree_4064539",29.3811862,-15.16378312
"tree_2128608",31.09397278,-12.64525013
"tree_120770",28.95774046,-26.94563777
"tree_1612488",31.85447933,-5.740167469
"tree_4248129",31.41788361,-17.89324662
"tree_4387810",31.2160453,-19.36327731
"tree_2979575",24.39228961,-13.52463624
"tree_3080772",22.46062692,-15.24419444
"tree_508534",39.11705503,-7.385534503
"tree_223288",30.85676939,-25.95059277
"tree_2934778",31.22432485,-9.900087025
"tree_4200526",30.00050814,-20.19497555
"tree_3966030",26.25544082,-15.9537432
"tree_2760133",24.99942738,-14.69790229
"tree_152480",30.59047624,-26.51230009
"tree_2182734",26.45196055,-15.3865369
"tree_4399162",31.33612062,-20.86062261
"tree_106295",22.86563116,-33.12450843
"tree_2426194",23.51110598,-13.0333339
"tree_512638",30.71745947,-1.356398375
"tree_4201297",30.95191568,-17.01818757
"tree_3523964",29.7401502,-9.01186648
"tree_130227",25.49340544,-26.12448676
"tree_181249",28.17103082,-26.06345709
"tree_3775992",26.6355893,-16.99909034
"tree_4399349",30.19783911,-20.67392772
"tree_3594063",25.97823984,-15.13791087
"tree_3945443",22.88278374,-13.95761333
"tree_2322695",29.17168535,-11.82175528
"tree_1240136",33.10562485,-6.235436288
"tree_610349",38.52902835,-9.548256425
"tree_4783049",35.60026937,-14.53464393
"tree_372507",34.86032964,-7.425199279
"tree_3398161",27.88114573,-13.32396853
"tree_1167456",36.0118631,-7.065602024
"tree_332116",38.43139952,-6.159712624
"tree_4163578",29.69716472,-21.80725856
"tree_3184298",24.58114686,-13.61884009
"tree_4658397",33.64742291,-14.38950691
"tree_2772526",28.81876117,-14.24004457
"tree_3710932",28.69372775,-13.55844145
"tree_4310132",31.1290538,-22.0522787
"tree_1636168",38.53479774,-8.716287744
"tree_1322673",36.98175104,-10.56466631
"tree_4008861",27.66254008,-13.53617509
"tree_4446441",30.82796406,-17.34100476
"tree_110447",27.08449348,-33.21564727
"tree_496904",31.61973742,-1.381098713
"tree_293489",31.71430127,-1.218202689
"tree_2763872",29.01446957,-14.38536189
"tree_4493980",29.98500291,-18.23769914
"tree_286659",20.33458421,-28.60047026
"tree_64263",26.43913375,-25.80590649
"tree_19520",28.25694056,-28.20571559
"tree_152609",29.68864934,-29.00378892
"tree_3824895",29.88961337,-15.06200691
"tree_3067778",31.6942594,-9.781543433
"tree_1129640",39.33430849,-10.57746722
"tree_3028706",29.1744799,-11.18234106
"tree_3816608",24.96616326,-11.75603796
"tree_1762847",39.73158483,-10.87828849
"tree_5015337",34.8156331,-16.233919
"tree_3980105",24.6192789,-11.46441171
"tree_1890336",33.36155123,-6.477120981
"tree_257862",25.40388984,-33.23322598
"tree_2331423",30.92675072,-11.09309532
"tree_646781",38.70328185,-5.445295917
"tree_3815572",27.67543105,-15.51319374
"tree_4444397",31.40643499,-16.34604991
"tree_2127187",32.56976379,-11.74684295
"tree_4520738",30.22028562,-20.93760834
"tree_300996",34.4251917,-6.326845568
"tree_272780",28.4563449,-25.76443877
"tree_2655554",28.49179922,-13.18964918
"tree_126537",30.36835494,-30.1080022
"tree_51705",30.15371581,-31.0091138
"tree_486697",39.3300716,-7.16070734
"tree_4957118",33.96410803,-12.60909934
"tree_1050299",35.49568331,-8.110408288
"tree_1350422",37.48738367,-6.481988931
"tree_115482",29.57849016,-31.1647079
"tree_2760269",31.17672742,-11.57403073
"tree_1364858",30.03306601,-5.308813028
"tree_4332590",31.57014127,-19.41925874
"tree_3715713",23.61982286,-14.80175189
"tree_1341725",35.40337313,-8.044330377
"tree_869496",35.498568,-7.872059042
"tree_849923",36.33566991,-7.801654064
"tree_2688264",23.99888957,-11.98014395
"tree_4561428",32.6582111,-18.43665405
"tree_1548521",38.8275941,-4.996002179
"tree_3908608",25.77901571,-14.69005949
"tree_4160326",28.75314921,-19.12673101
"tree_1528575",37.26877801,-7.096071784
"tree_2228505",27.975349,-14.03441876
"tree_4869994",33.79445207,-13.62586982
"tree_5009388",33.09058718,-13.28403157
"tree_4356169",29.35289474,-16.00619489
"tree_1752031",34.93911782,-9.309456442
"tree_1705895",35.26013008,-10.4985884
"tree_236394",27.35340088,-33.26468736
"tree_2227940",29.08829969,-9.748549551
"tree_3576882",27.79541626,-16.2630383
"tree_3934278",30.72220794,-10.13717421
"tree_1434614",37.59042131,-8.562136
"tree_465551",36.69418319,-7.620999038
"tree_763515",35.31340676,-8.489116753
"tree_4067320",22.88900386,-13.18784623
"tree_129303",30.27352068,-29.37799003
"tree_1978119",38.26688186,-9.763167394
"tree_1721545",37.09200041,-9.720798201
"tree_262497",29.90364906,-23.81834061
"tree_1272925",33.44439601,-9.419526196
"tree_81811",31.31813984,-28.97989991
"tree_1410544",31.68329081,-1.15302625
"tree_4719076",33.8552109,-12.09138387
"tree_147044",28.09674999,-27.77391042
"tree_1966395",38.86103851,-9.235716018
"tree_2379162",26.85230188,-15.32622841
"tree_200028",26.55551305,-33.22781714
"tree_3722667",31.61105404,-9.220737586
"tree_3345325",28.57410313,-13.16179369
"tree_363055",39.2624616,-7.791287134
"tree_2853352",26.60818471,-12.34614165
"tree_2847926",27.16682358,-15.22923
"tree_1452307",37.84292211,-5.778029301
"tree_228531",30.91734792,-27.80573239
"tree_4894809",33.6464313,-14.53148878
"tree_4397523",32.18638364,-21.12583573
"tree_4545912",31.67209711,-17.65426634
"tree_797729",38.77224405,-7.932367531
"tree_12785",19.04422534,-33.14127581
"tree_1088378",37.81993471,-10.33379929
"tree_3689905",22.31107361,-14.53094964
"tree_2814084",32.046823,-9.412661014
"tree_4865247",34.10464662,-11.23759956
"tree_2237767",28.68597513,-13.59495107
"tree_4055075",24.28501508,-13.3557905
"tree_2406654",25.28032438,-13.9327327
"tree_179890",29.73110841,-30.66853761
"tree_4061499",26.04359617,-16.8804566
"tree_4689481",34.58756212,-16.16910315
"tree_585042",31.27609834,-4.980316563
"tree_4931577",35.5112045,-15.94256319
"tree_2221728",24.7125807,-14.81094691
"tree_169322",29.5066433,-30.93438175
"tree_4447150",30.87258664,-18.05208602
"tree_213695",30.00407241,-27.48066152
"tree_3623125",30.76196262,-11.4418749
"tree_487701",38.0849659,-5.701494312
"tree_4766909",35.63993389,-15.93012288
"tree_4611221",31.60277435,-19.09427801
"tree_2802911",24.249317,-13.33785121
"tree_3286078",25.21992611,-11.66516957
"tree_514059",31.65327197,-1.243804499
"tree_3321145",25.49027595,-16.84593022
"tree_4612516",31.64631517,-17.72980971
"tree_489940",31.21002084,-2.500456727
"tree_3468420",23.74088982,-14.27339904
"tree_4442018",29.12870007,-16.8517758
"tree_1238130",29.79471824,-4.770543986
"tree_1104648",38.28518163,-9.796431717
"tree_4538945",27.898469,-19.53617968
"tree_978626",36.76251436,-5.728628625
"tree_3841390",23.32891958,-16.66329195
"tree_3169190",22.37273393,-15.59207255
"tree_3768915",28.49837993,-13.43286637
"tree_461986",38.50982711,-9.504174435
"tree_2816742",32.44527125,-12.48740235
"tree_177501",32.2355621,-27.87081868
"tree_77635",29.92239956,-30.03056574
"tree_2788664",31.14679872,-11.36461874
"tree_3805463",32.47592111,-11.5361689
"tree_640775",34.99609051,-10.34200268
"tree_4543302",28.18125898,-17.77019567
"tree_694455",37.51577987,-4.348564855
"tree_4914902",35.00385927,-16.31469091
"tree_411227",33.40491177,-4.928031177
"tree_132502",27.6109498,-32.71983757
"tree_5019231",26.19197085,-19.57971729
"tree_3259785",30.26092747,-13.21759482
"tree_4449683",30.87790529,-18.45233967
"tree_1845061",36.25616056,-3.25291556
"tree_633247",32.71907596,-6.901894675
"tree_4391385",31.65866526,-18.80860148
"tree_586025",30.58656652,-1.280855006
"tree_2331590",24.88376921,-14.20849304
"tree_3256881",25.7361059,-16.08725123
"tree_3689807",31.80207481,-13.2181357
"tree_1271166",38.62449367,-7.328381166
"tree_4609752",31.35396965,-19.7414449
"tree_1377210",38.31763443,-9.195690653
"tree_3856857",31.60014629,-9.670391912
"tree_3618512",28.27950383,-12.58701502
"tree_203256",28.5526215,-30.16822054
"tree_337203",35.4568301,-8.305847458
"tree_4140858",29.93578285,-19.59856155
"tree_194115",29.53972711,-29.959079
"tree_1299969",33.20676941,-5.956881382
"tree_3506717",26.0197073,-12.86566008
"tree_41214",29.29497901,-31.12738695
"tree_1832300",37.79045675,-6.568169672
"tree_5013267",34.75829984,-16.165948
"tree_1032759",38.27427389,-6.640648036
"tree_2813075",30.21756693,-15.16441415
"tree_221398",29.88949604,-24.16099019
"tree_1777346",38.52605351,-8.361468292
"tree_2571530",23.45701798,-14.12690981
"tree_223094",30.52638198,-29.36401721
"tree_232658",28.37061546,-26.20147248
"tree_762664",35.86519448,-5.588810289
"tree_63258",31.73714138,-25.42404287
"tree_4780322",33.92804937,-10.51425828
"tree_827309",31.67048999,-1.30438343
"tree_516582",33.1611552,-6.257792798
"tree_4083579",30.98931251,-12.0272008
"tree_3708340",25.63306827,-11.98735572
"tree_1863042",36.80380153,-4.795965501
"tree_4424643",30.97977098,-19.54582543
"tree_4417765",31.91810726,-18.32748577
"tree_5022572",23.97427281,-21.64147432
"tree_3040479",22.78335198,-13.11284375
"tree_4197292",28.33522943,-19.7687595
"tree_7016",28.22971627,-24.17306992
"tree_13763",19.24876804,-34.33807029
"tree_2600154",25.10832455,-14.31026925
"tree_4378671",31.70536121,-17.77948083
"tree_40487",28.22818378,-26.53700043
"tree_3903170",29.47187374,-14.25771343
"tree_4819481",33.39834777,-10.83743605
"tree_3685838",26.195313,-14.87531202
"tree_3282798",27.41039986,-12.73116043
"tree_4055851",22.38679681,-16.66392298
"tree_2178492",23.41636184,-14.10202918
"tree_48140",29.83153175,-29.54845842
"tree_1813610",30.52697958,-6.085160875
"tree_3773927",25.73213945,-13.9327327
"tree_2401139",28.26499022,-15.33335004
"tree_3417267",30.74429388,-9.07830498
"tree_2306773",31.61817562,-11.55924658
"tree_2886702",23.13212941,-16.76741199
"tree_17059",29.23872751,-31.72271918
"tree_1547295",35.55761407,-11.19831111
"tree_3624209",28.19891272,-13.45702583
"tree_3054618",26.03674502,-15.77326846
"tree_1035506",33.42221993,-6.545182131
"tree_4386861",32.79730735,-18.29034512
"tree_337890",30.17955434,-4.535259745
"tree_2339756",27.08929745,-13.5795359
"tree_1806621",38.41652532,-7.673915455
"tree_243055",29.79421105,-29.82259611
"tree_423544",36.72798819,-6.53742947
"tree_4369368",25.68068159,-18.30936618
"tree_4201406",30.54292041,-20.91047403
"tree_759046",37.0394449,-9.989256618
"tree_194696",23.61186497,-33.78240283
"tree_127992",19.02412264,-33.71416139
"tree_3875670",25.10021135,-14.53320333
"tree_197135",28.35979786,-25.16991786
"tree_4668655",35.21651517,-17.09788994
"tree_213134",29.27974423,-31.51186484
"tree_4507872",31.39705974,-18.28096981
"tree_3745302",23.49406826,-14.32838884
"tree_4679230",32.81464834,-13.56303721
"tree_777091",35.0192582,-9.960229214
"tree_88077",26.01616576,-33.30786787
"tree_4133358",31.55084989,-17.43592978
"tree_2805330",26.09687284,-12.09805651
"tree_1602152",34.19459653,-6.619373292
"tree_1279514",34.71654571,-9.747031042
"tree_2573080",30.28652913,-14.13177776
"tree_4661239",33.47019464,-12.84032696
"tree_1619057",30.82933148,-1.828679654
"tree_92000",28.386932,-31.46976609
"tree_4140210",32.25137936,-18.33397637
"tree_3587318",24.16611163,-11.44557094
"tree_2592014",33.33781335,-10.25734045
"tree_4510111",30.48603789,-17.99168738
"tree_2385192",27.0366518,-12.84708975
"tree_2103323",31.38505635,-9.329004395
"tree_5017708",33.41556578,-11.0030365
"tree_160198",31.130725,-27.63580488
"tree_1226408",38.56652937,-5.227860826
"tree_739582",31.0192705,-5.53949976
"tree_2733776",23.52498857,-17.30622192
"tree_2626369",27.04395368,-11.6575972
"tree_4044814",25.14465365,-11.67517591
"tree_1849631",38.25624455,-7.767037532
"tree_1005855",39.1718642,-7.387067006
"tree_182546",30.32219987,-29.26088879
"tree_4060293",29.65315868,-9.435648555
"tree_164837",29.07448035,-27.97160327
"tree_488498",32.13059855,-6.140240825
"tree_2337759",26.33513047,-17.48516415
"tree_1971",26.26136459,-25.66825169
"tree_227638",28.98153917,-28.8876793
"tree_3407863",22.7746979,-16.71638867
"tree_941546",37.91143357,-5.625049471
"tree_1549447",31.52472283,-1.331878332
"tree_3930844",22.4383607,-15.43485581
"tree_1331691",35.06919945,-5.103998547
"tree_4566531",30.10625013,-17.95526791
"tree_1852657",30.79534619,-6.688966945
"tree_2950336",26.3695665,-16.52987407
"tree_1457387",34.89981387,-9.045505386
"tree_1223859",37.30754108,-11.28341009
"tree_182569",29.82531164,-29.95367016
"tree_3228051",31.68894075,-12.55320982
"tree_4319302",27.86700783,-18.63831338
"tree_177647",31.96890837,-27.93067643
"tree_2963784",28.42770495,-15.46974278
"tree_4044447",27.3500016,-13.67139592
"tree_914526",30.92975486,-3.60944781
"tree_2714973",24.13483074,-11.19793653
"tree_195622",26.76131781,-33.44714533
"tree_4428056",29.48577087,-21.5790058
"tree_4413131",32.76016694,-18.08399813
"tree_4697861",33.91696134,-10.57988545
"tree_3698856",28.26471978,-14.03342715
"tree_1590818",35.03287035,-8.569618219
"tree_4374180",31.16934935,-19.34596905
"tree_4545661",30.68724517,-18.06795193
"tree_1268844",36.19756522,-6.397520987
"tree_4443684",32.10633343,-18.44143186
"tree_2499554",22.29169208,-13.63578776
"tree_678608",35.24318251,-9.494438535
"tree_3410308",31.79684631,-9.715014785
"tree_3053530",28.50378873,-13.62010215
"tree_3254109",31.50188643,-10.43691371
"tree_1485745",35.76774594,-4.081909383
"tree_1824756",38.03015672,-7.850513857
"tree_2383663",28.02393805,-13.78750553
"tree_1934100",31.22841076,-3.423654392
"tree_3454053",27.29284861,-15.01720374
"tree_2192481",30.58365252,-8.713028451
"tree_1491300",30.79660824,-4.505691457
"tree_1512351",30.73774247,-3.951826946
"tree_4495102",31.31619821,-17.30242175
"tree_145252",26.93070332,-33.10891296
"tree_267265",25.43481013,-31.8905733
"tree_4695557",34.92290759,-16.18902569
"tree_623259",33.9685087,-7.224711865
"tree_2038642",30.04890252,-8.515065159
"tree_289225",28.36863223,-31.06446419
"tree_4303898",32.94442665,-19.67662905
"tree_22160",29.51980471,-29.52267631
"tree_1969956",38.59609747,-9.249959278
"tree_4612115",29.88566133,-16.73828045
"tree_197767",29.83189234,-29.23636874
"tree_4327840",32.47782769,-17.12825732
"tree_829744",32.23444751,-6.113917837
"tree_1483682",35.43979238,-4.014929999
"tree_1921254",36.76215377,-4.599534712
"tree_74870",26.85552103,-24.99322931
"tree_3994856",31.32528912,-11.30025362
"tree_1253642",37.00428771,-8.40591087
"tree_128816",29.7579721,-28.30334503
"tree_3090040",29.90070141,-10.52805255
"tree_3192963",26.81696438,-12.39878763
"tree_2627925",28.39083496,-12.91767502
"tree_4549932",28.28501775,-20.46649897
"tree_4281864",29.77018349,-21.93274349
"tree_4153905",30.74683209,-18.59468213
"tree_4297502",31.22929686,-21.1040201
"tree_4566803",30.37786193,-20.9178661
"tree_182449",28.32319833,-32.41955718
"tree_3277941",23.25310623,-17.14666134
"tree_1638390",39.26363351,-7.222638479
"tree_3876626",22.090034,-15.49705739
"tree_253368",30.50600885,-25.21571265
"tree_4919644",33.75911459,-10.49523721
"tree_4639785",34.74414682,-14.67554403
"tree_262071",28.32986918,-32.55829375
"tree_3506600",28.82903789,-13.99313134
"tree_3480057",24.35280537,-11.49983957
"tree_4435847",30.8843057,-17.46017938
"tree_58667",30.52944697,-25.69331261
"tree_1786634",38.31222563,-8.059024373
"tree_4365025",30.34405694,-19.49209769
"tree_4962250",33.95518351,-10.43042136
"tree_1832844",32.32152918,-6.342531184
"tree_4869153",33.75442696,-10.74764942
"tree_4523593",31.02628665,-16.62433437
"tree_3526787",22.61369596,-14.28484774
"tree_1406488",35.35875053,-8.969511281
"tree_3024294",27.63053801,-12.46080892
"tree_3357092",25.16241254,-16.32911621
"tree_439200",33.32963931,-6.564744078
"tree_53585",30.7734739,-26.77066202
"tree_4978286",35.00773557,-16.29900529
"tree_2541317",25.64767203,-16.11654907
"tree_236127",20.05666215,-34.60697944
"tree_2025541",28.46763992,-15.27989274
"tree_1813525",39.09190411,-6.698883139
"tree_4007180",29.63188406,-10.45836875
"tree_3825954",31.35602913,-9.565099961
"tree_4058482",29.14410047,-14.35390051
"tree_1297872",30.57962523,-1.333140393
"tree_3237814",27.02033525,-11.90036366
"tree_4537367",27.78677732,-18.15755826
"tree_2766270",31.29301661,-8.922350292
"tree_4526671",30.35604645,-17.11761995
"tree_1740723",39.40182834,-10.16387178
"tree_1300235",36.52353556,-9.491553824
"tree_3416387",24.64325791,-14.93462889
"tree_4418920",31.34035751,-19.65634592
"tree_3502",29.43218218,-31.38845329
"tree_3021421",24.65777153,-16.73144325
"tree_4915522",33.84592579,-10.72168703
"tree_17877",29.76942073,-29.45524619
"tree_2532665",26.87213414,-14.42006857
"tree_1822979",39.21053712,-9.622808174
"tree_186581",29.61788424,-31.33923291
"tree_3820078",30.40651433,-12.99339868
"tree_4131160",26.13276694,-18.25726109
"tree_2083089",25.61359659,-17.29125748
"tree_208027",28.523414,-32.35744575
"tree_4049151",25.66227579,-12.17567326
"tree_2614280",26.94614455,-14.95815731
"tree_2172879",25.93767384,-14.33749371
"tree_3720485",25.85464876,-13.17865122
"tree_656671",34.62207201,-7.720521567
"tree_1332822",37.28960189,-8.114464913
"tree_4284663",31.12698043,-19.85178509
"tree_3370158",29.06125569,-13.97438072
"tree_4986918",35.32360936,-14.37337056
"tree_92904",27.39297525,-28.56945962
"tree_4876725",35.4737035,-15.13078749
"tree_4192937",31.34504513,-20.36066614
"tree_3908660",25.65605567,-13.40392912
"tree_2017302",30.70922683,-12.59720166
"tree_1070246",35.29564787,-10.6686962
"tree_1753369",31.44674597,-5.195497974
"tree_151312",30.7466102,-28.64202813
"tree_32690",30.15596948,-25.33028976
"tree_145961",26.8430808,-25.66356403
"tree_48217",30.29425441,-27.02920424
"tree_214449",29.00723096,-30.58091451
"tree_3710825",32.43102808,-13.39338189
"tree_4861700",34.79652201,-16.25113712
"tree_102768",31.46561973,-28.82205213
"tree_4753420",33.20831867,-12.77451949
"tree_4270560",32.78441638,-20.33046682
"tree_2149274",31.49810027,-10.45151756
"tree_4435002",31.95750134,-18.0039474
"tree_76636",25.81937566,-32.76085455
"tree_3797494",29.9833659,-13.60820272
"tree_3536257",28.13905533,-15.5646678
"tree_2615847",26.19278889,-15.56367618
"tree_4741531",33.56160332,-13.35804243
"tree_1077466",32.9948346,-6.037923732
"tree_855781",35.65605422,-10.35390212
"tree_4602231",31.40904924,-21.01170935
"tree_4221930",30.5941237,-20.42602287
"tree_874093",31.66327825,-1.748358482
"tree_3248486",25.62820035,-15.46649748
"tree_4025674",28.40958547,-12.93191828
"tree_4270787",30.55445918,-18.09986404
"tree_3590633",24.96616326,-14.5583544
"tree_625425",39.44500859,-8.853672105
"tree_99745",29.1401071,-30.53367737
"tree_3500861",26.79568977,-15.12718335
"tree_258330",27.17572187,-28.9833255
"tree_244510",30.54982011,-24.69240804
"tree_2586437",27.39336214,-13.50345165
"tree_1032428",37.04990192,-7.166476762
"tree_3823757",29.40570609,-14.54239834
"tree_75269",27.25658339,-26.91030006
"tree_5045735",22.94912497,-19.3508335
"tree_5367",30.43542403,-29.13747725
"tree_1443114",37.25750968,-2.943530306
"tree_1807988",37.07198785,-3.100837203
"tree_1876414",37.32791422,-3.139059623
"tree_3218021",22.11157905,-13.53770759
"tree_735200",39.4759289,-9.5944118
"tree_3159756",30.9583922,-12.16557678
"tree_3678563",26.61323293,-14.74423796
"tree_1701021",34.76161904,-9.371477729
"tree_3986595",30.1723133,-12.30223996
"tree_4817547",34.71466887,-16.17000462
"tree_656401",34.92712831,-8.792642438
"tree_3426910",31.52207928,-10.0840775
"tree_4929610",34.14043484,-12.71294894
"tree_3953461",25.87637411,-15.89974501
"tree_1062896",38.22694689,-6.145289069
"tree_3265308",25.741695,-14.63047217
"tree_223567",30.3587994,-25.76687274
"tree_1428730",34.18819612,-6.414829253
"tree_1831916",31.3851758,-6.87710419
"tree_2375777",25.74277676,-15.75064151
"tree_4295116",26.80363817,-18.88892265
"tree_1798064",37.98742721,-8.105720632
"tree_2853713",29.19305011,-13.84691255
"tree_3927732",30.15807013,-13.4287196
"tree_4390354",29.91207429,-21.99611698
"tree_4499805",31.31457557,-19.49047504
"tree_1410704",34.58970935,-9.58179119
"tree_2249138",22.74449876,-14.0623644
"tree_4816656",33.24311527,-13.09246873
"tree_1529922",34.30962367,-6.024131208
"tree_4533065",30.8015511,-17.96374174
"tree_4396785",31.35514155,-17.95076055
"tree_183485",21.79730344,-33.98505378
"tree_1023769",38.41616473,-8.053885982
"tree_3504437",28.52921009,-14.83321327
"tree_4412030",30.37191225,-18.71178336
"tree_2007312",31.58097435,-3.800920502
"tree_24558",27.49601285,-25.84674318
"tree_290921",28.58642649,-31.61147751
"tree_232219",30.56802973,-29.3821368
"tree_894830",34.41888143,-1.293024881
"tree_4528450",28.83887865,-18.14764207
"tree_2008149",37.84454475,-6.762797517
"tree_2849197",26.64253059,-14.56430412
"tree_1028054",39.53894141,-9.972218794
"tree_5865",31.28631808,-27.7776966
"tree_275039",28.51178508,-25.80698825
"tree_4041813",28.42599216,-14.54780717
"tree_1122212",30.15485415,-5.544007121
"tree_3427880",30.67470065,-10.15673616
"tree_2815720",26.33044285,-14.11861627
"tree_985748",32.12014154,-3.481348612
"tree_3663889",28.03511623,-15.69033302
"tree_293074",35.51416338,-2.99590584
"tree_3554714",30.93522451,-9.829772195
"tree_149569",28.57957535,-31.02912648
"tree_110520",25.77529396,-32.0866435
"tree_1657524",37.83453847,-4.096693527
"tree_2625559",27.21135603,-12.40347529
"tree_432988",32.1888333,-6.177651921
"tree_112236",27.4369668,-33.30128713
"tree_292315",27.55406728,-32.63879522
"tree_4428622",30.87285708,-18.04433336
"tree_894451",35.23470872,-9.041088173
"tree_1851330",35.04990807,-9.606942264
"tree_1333719",32.56916206,-8.77217902
"tree_3922441",23.67841819,-17.1496362
"tree_4876322",34.76010278,-16.26556068
"tree_4419160",30.75142957,-18.31883164
"tree_3814077",30.86986818,-10.49379661
"tree_921713",34.92271113,-9.44467727
"tree_4817502",34.09626299,-10.8944091
"tree_4868909",33.36490337,-11.96148172
"tree_128720",29.02580117,-32.04806049
"tree_750090",32.44701334,-7.078943812
"tree_4068150",28.98228721,-14.65093559
"tree_262306",31.11657197,-25.2026413
"tree_3853150",28.78910292,-11.90847691
"tree_15871",26.40208348,-33.49852924
"tree_1523115",39.6770461,-10.23806294
"tree_1399932",37.90719668,-8.37967803
"tree_1122231",37.99175425,-11.2068751
"tree_839656",38.48016886,-8.490919697
"tree_4152606",30.29573835,-18.93832333
"tree_175117",29.37728288,-24.99611402
"tree_619399",35.40643812,-7.418167796
"tree_415306",37.9592113,-7.084623087
"tree_3015624",27.2149619,-11.98023409
"tree_3531025",25.112291,-16.82186091
"tree_4526648",31.56112661,-17.16738122
"tree_1054823",29.91821916,-5.70122387
"tree_2916121",25.57032619,-16.02847524
"tree_3836847",23.30061352,-16.69808878
"tree_1614234",37.23362082,-11.5260864
"tree_3742196",23.08372066,-13.0155749
"tree_4674078",34.1212336,-10.83626414
"tree_4668630",35.04956361,-14.28412481
"tree_3744506",23.60837423,-15.39528118
"tree_3775646",31.01752841,-12.53436905
"tree_97108",28.61806796,-24.81726194
"tree_292250",25.80071531,-33.29083005
"tree_308895",30.97771289,-6.828334545
"tree_4265137",32.40967684,-18.84547169
"tree_3325151",23.00042514,-13.02558124
"tree_16605",19.76251369,-32.99460629
"tree_4063906",24.98211922,-11.7142998
"tree_1464790",36.06568066,-7.016922526
"tree_48071",29.01272991,-31.53268884
"tree_1018493",34.31223793,-7.239315714
"tree_4890485",33.87855887,-10.74828046
"tree_2837022",31.22820116,-8.935962522
"tree_1423638",35.16484506,-10.77416845
"tree_4627744",33.93958814,-10.45494141
"tree_234642",22.89033134,-34.05717155
"tree_411248",32.29971369,-7.235529531
"tree_4472190",28.0925547,-18.61253128
"tree_2612484",26.675975,-14.96789321
"tree_1577935",32.81237776,-5.204332402
"tree_1487757",31.80300558,-1.22370167
"tree_3669534",29.11309002,-13.39779911
"tree_291935",25.77195853,-33.68260986
"tree_5025097",22.31386144,-19.12916149
"tree_4532786",29.2229033,-16.4533251
"tree_1670505",37.04359165,-7.283758293
"tree_58688",31.46976647,-28.56242814
"tree_3802490",25.42537036,-17.62795734
"tree_189163",30.54432116,-26.57522285
"tree_2036063",26.63072138,-12.15791426
"tree_120603",26.50881709,-32.58155173
"tree_4219999",29.68553581,-16.82941929
"tree_4770036",34.90577973,-14.11212392
"tree_4221866",31.36370548,-17.21903557
"tree_3661488",22.95850694,-16.70737394
"tree_4131424",31.87330439,-18.67869934
"tree_4201800",30.79325761,-17.92065137
"tree_4220468",32.89673909,-18.2439193
"tree_4489789",30.39922668,-17.61892863
"tree_4550614",30.40616797,-18.6767161
"tree_2194674",28.09866963,-13.6522847
"tree_4117836",30.9800274,-9.165206899
"tree_2120656",25.51155057,-15.30197881
"tree_4313015",27.42997696,-18.4919143
"tree_3839595",25.99590858,-16.04884851
"tree_24497",21.48683844,-33.94872445
"tree_3938780",25.1296893,-11.3173816
"tree_80564",26.974154,-32.74742261
"tree_1324554",32.52931724,-5.941556355
"tree_38090",30.18391493,-26.78905205
"tree_2537264",25.93794428,-15.1482778
"tree_4526301",30.36830639,-18.56367148
"tree_2923146",32.26515822,-13.05253526
"tree_60866",30.53314298,-27.43585835
"tree_4743343",34.61235245,-16.22941164
"tree_982281",36.08253808,-10.88793424
"tree_4998792",33.01279063,-13.70420775
"tree_75074",27.71065197,-25.86152732
"tree_2725117",30.00680403,-13.8405121
"tree_4982720",33.07670459,-13.52319214
"tree_612016",35.28266675,-9.298909218
"tree_334574",31.57286115,-7.026387984
"tree_4308514",31.13419216,-18.26348125
"tree_1239473",35.90720283,-10.51048784
"tree_3961068",24.85870844,-17.11691276
"tree_2177147",27.21649439,-16.82113973
"tree_2157235",28.50171536,-14.2551893
"tree_941802",38.47728417,-6.868630351
"tree_627606",35.52254702,-2.963633136
"tree_1616350",37.93568302,-7.57132792
"tree_1216332",39.39425602,-9.253204578
"tree_3705276",31.09063735,-12.41573531
"tree_3787331",29.96389422,-8.77559062
"tree_4525192",30.47395824,-17.7805626
"tree_2019025",26.71888482,-14.84069549
"tree_1960583",33.66164947,-4.359382522
"tree_3710769",28.55391027,-15.49164855
"tree_4723804",34.91236044,-16.49669814
"tree_2343852",24.98202907,-13.19028021
"tree_675928",37.63513405,-6.466483609
"tree_2286007",27.31259073,-13.42015562
"tree_4645088",35.28466602,-13.98591781
"tree_1832803",31.13727248,-3.339547037
"tree_3436934",28.01384162,-12.81265351
"tree_279683",30.13613722,-26.4116958
"tree_180902",28.80719559,-30.19751839
"tree_348196",31.2068657,-5.080379976
"tree_2828125",28.46908227,-11.74107352
"tree_835912",35.68742526,-3.040168124
"tree_4221193",32.86068043,-19.70178012
"tree_1851071",35.82670186,-8.187844749
"tree_2781398",23.88620624,-13.12393186
"tree_4604524",31.15952337,-16.68924037
"tree_104727",28.18347105,-30.89805243
"tree_4497477",30.48847185,-17.63010689
"tree_2642214",28.39912846,-12.98681794
"tree_4936522",34.19912029,-13.8259065
"tree_4210893",30.80182154,-19.19614437
"tree_185800",26.267765,-33.3249057
"tree_260489",29.77248571,-31.22916316
"tree_227381",27.93737075,-24.21435734
"tree_160768",29.83928436,-30.34022144
"tree_1407337",31.53833498,-4.605304134
"tree_3542092",26.57374869,-12.0352239
"tree_4366346",29.6897727,-16.06686397
"tree_289651",30.74201272,-27.24609845
"tree_7661",24.49088476,-33.67828279
"tree_3924804",25.79127566,-13.46901541
"tree_4917323",34.82023058,-16.579273
"tree_232093",24.59590559,-28.52772146
"tree_127706",29.8329741,-31.1517267
"tree_4703074",35.33028021,-15.1027517
"tree_3167772",24.60061854,-14.85620081
"tree_1446087",38.67713932,-8.613700209
"tree_508788",31.06209016,-3.634328442
"tree_307708",36.0145675,-4.299975504
"tree_900866",34.68670716,-5.519667372
"tree_371739",31.23535205,-3.823277012
"tree_1689921",35.43898106,-10.50129282
"tree_251921",28.56443071,-31.22537698
"tree_4085390",27.64676441,-12.524543
"tree_2813766",25.9872545,-15.41989137
"tree_3831126",28.99094129,-13.88261085
"tree_268550",21.5053185,-34.19879283
"tree_2598604",25.8145335,-12.34992784
"tree_4086829",30.65198369,-14.25014106
"tree_1489080",36.38056295,-4.864567535
"tree_1254143",31.38093891,-3.760985284
"tree_4282112",29.2789745,-15.81490249
"tree_118540",30.98108159,-25.93887364
"tree_4567839",30.94073749,-20.33876037
"tree_1479010",31.54843141,-2.229834776
"tree_2247271",33.01968578,-10.37390081
"tree_3620431",31.42598294,-10.62000271
"tree_79518",25.5118855,-33.23665157
"tree_1774857",34.13546032,-6.488209089
"tree_4886291",33.71431171,-10.59133415
"tree_3087311",23.48072656,-14.66148282
"tree_2284741",26.34531705,-16.13223469
"tree_3132326",28.74339856,-15.46352262
"tree_744152",37.06982433,-10.43476417
"tree_4460239",29.32350694,-16.13961278
"tree_262032",30.52403817,-25.1703686
"tree_570510",34.54057942,-9.614965366
"tree_1094694",37.14031902,-7.588726334
"tree_2339597",26.92414877,-14.72891294
"tree_163780",19.2165857,-33.89725039
"tree_4423729",29.42528248,-15.73575324
"tree_4543563",29.25670829,-17.07957782
"tree_129105",25.97532933,-25.63156177
"tree_2121705",26.06784562,-13.42682651
"tree_1523195",34.00916485,-6.346948397
"tree_3692367",22.69230385,-14.87873761
"tree_2621617",30.62584116,-14.51932065
"tree_3177939",24.68382391,-11.35046563
"tree_2680554",27.36767034,-15.44783701
"tree_1088635",36.408869,-2.344411891
"tree_4830794",33.81185037,-10.55924174
"tree_322032",39.70823684,-10.05812909
"tree_1364338",39.2273044,-7.839786338
"tree_1122217",39.18863148,-7.564566879
"tree_881161",36.5155125,-11.60559625
"tree_3808348",24.63235017,-14.75307239
"tree_225861",29.72768284,-27.92634936
"tree_2717535",33.00093528,-10.75919002
"tree_1272542",34.93145535,-10.24284074
"tree_3942350",26.58429585,-15.48732149
"tree_4290380",30.73105643,-20.87342352
"tree_1906455",35.71681307,-8.397076443
"tree_3949905",30.11416871,-12.67274503
"tree_3184898",25.03792,-11.38598363
"tree_145779",23.3045551,-34.08232263
"tree_3030550",25.90810573,-12.72800527
"tree_2760366",24.8597902,-14.81599515
"tree_1813796",38.55490045,-6.071458497
"tree_1378273",32.12906606,-5.681752071
"tree_2437259",29.54642503,-14.80598881
"tree_540304",39.26741967,-6.272667089
"tree_4151906",30.48080938,-18.73161575
"tree_40742",28.10035586,-31.74453481
"tree_156163",27.38486205,-25.90966594
"tree_686862",30.5140886,-4.598452945
"tree_192276",29.80259469,-29.78257074
"tree_28536",30.03291933,-26.13476354
"tree_30998",32.56982581,-26.93166495
"tree_4978369",34.50507796,-13.72358941
"tree_4955070",35.09040003,-15.29170027
"tree_1455984",38.32691954,-10.13574585
"tree_4253368",29.8490618,-20.81347562
"tree_1045383",34.35550833,-6.391661418
"tree_129835",25.12164074,-33.36502121
"tree_4646772",33.73008737,-14.41177327
"tree_20593",30.27279951,-24.90641754
"tree_2316547",27.8049718,-12.63605511
"tree_647983",38.46376217,-5.568166576
"tree_1110419",31.58403934,-4.907297316
"tree_1185307",34.09218993,-9.112755211
"tree_255554",30.54927923,-26.68385025
"tree_4704421",32.99593321,-13.75865667
"tree_147428",27.63655144,-24.33533491
"tree_1696654",34.53219578,-3.776580753
"tree_4852999",33.81248139,-12.30070571
"tree_825165",39.12904454,-10.77984773
"tree_678858",39.67280921,-10.13078775
"tree_4525017",32.39813807,-19.45225262
"tree_4093616",25.17512322,-16.83961991
"tree_4775313",34.15612035,-12.64308484
"tree_2563141",27.35387791,-11.99069117
"tree_4801151",33.97627782,-12.33604342
"tree_65312",28.32464068,-31.21519034
"tree_240933",29.44831843,-30.06896846
"tree_1201045",35.79019246,-8.324507932
"tree_4812946",33.3415554,-11.60585095
"tree_2946974",31.09947173,-10.29979979
"tree_3010931",30.73176349,-9.082992636
"tree_2384672",28.58446999,-12.90262044
"tree_2543694",26.14311808,-14.27042418
"tree_1010186",34.03647929,-5.261846327
"tree_2802364",28.22027748,-13.5633094
"tree_91556",27.16499442,-32.78267018
"tree_3029826",28.29239481,-13.28484464
"tree_509878",38.55958807,-8.070112481
"tree_4290553",30.91459497,-16.79633526
"tree_3629087",25.86276196,-16.02883583
"tree_3262294",30.77909049,-13.02278668
"tree_3544536",32.03005572,-12.65696926
"tree_1749217",39.45591634,-9.716471134
"tree_4706324",33.06823081,-13.24130179
"tree_3327915",23.48712697,-17.13386043
"tree_2446834",24.91270629,-14.33397797
"tree_2139280",30.74934209,-11.19397005
"tree_4267963",29.75089211,-16.37679011
"tree_4603883",30.87042312,-18.68068257
"tree_3517415",22.90892628,-15.42548049
"tree_1201900",35.35820965,-8.249775888
"tree_287149",30.30299863,-26.99485815
"tree_2083186",28.30762959,-14.13114673
"tree_3220542",31.07612374,-12.08642752
"tree_108266",18.26211317,-32.67782896
"tree_2168301",25.50316693,-17.52627128
"tree_3951418",32.13083969,-12.5780003
"tree_1407219",35.87357812,-2.892236539
"tree_3775852",26.1912564,-16.01468272
"tree_1882631",32.86619532,-2.724562712
"tree_790542",38.56707025,-8.355338281
"tree_2523492",26.17088325,-16.60848244
"tree_13293",26.88544972,-32.83279203
"tree_5027150",25.4830575,-21.09094526
"tree_2026474",28.47160637,-13.09436357
"tree_333387",36.11300766,-4.380386823
"tree_3956682",27.93171801,-15.78570878
"tree_2454866",24.45548242,-13.93696962
"tree_9873",29.43686981,-25.67789744
"tree_1374367",35.74259502,-10.76884976
"tree_1843881",31.25347153,-2.439877796
"tree_3420099",23.47252321,-16.58116784
"tree_4462342",32.90602419,-18.17333403
"tree_1309300",33.85438303,-9.080662802
"tree_4161702",25.84186377,-18.27988804
"tree_535335",33.09949488,-6.799036699
"tree_545857",30.77271938,-4.765315447
"tree_1026539",31.17991185,-1.437711167
"tree_4242907",32.61070383,-18.41240445
"tree_2820115",28.87104623,-14.23950369
"tree_3602554",30.21621473,-9.652362468
"tree_3440560",28.87591415,-13.3103563
"tree_4390405",30.42068158,-21.21463074
"tree_4497158",32.24038147,-18.14764207
"tree_565200",37.87853004,-7.172065889
"tree_4252304",32.22866241,-18.44729143
"tree_25574",26.6370056,-33.69324723
"tree_710021",34.79821858,-1.718970489
"tree_778376",38.02231396,-7.365071084
"tree_4416722",32.62963462,-18.39554692
"tree_75150",30.50880339,-27.56603093
"tree_1702245",38.03845022,-7.39436893
"tree_628174",30.03216455,-5.878994186
"tree_4432844",32.74087556,-18.09526654
"tree_3995404",30.90340274,-12.37021096
"tree_1997834",32.01836596,-6.452691085
"tree_263623",26.02833555,-27.09771613
"tree_1850591",30.28385403,-5.356140318
"tree_3699713",31.33547569,-10.65083306
"tree_650341",32.14574319,-6.222004352
"tree_3767570",27.82498436,-13.68365594
"tree_3244916",24.95065803,-13.38049084
"tree_4335509",30.76549244,-17.95445658
"tree_2687680",29.4080499,-10.80282127
"tree_3003863",27.3297186,-12.94300639
"tree_1614582",39.87266436,-10.31171322
"tree_1905006",36.98310324,-10.57106677
"tree_4622698",35.06155311,-16.36968071
"tree_192165",26.88797382,-33.29650932
"tree_3484641",24.9164023,-14.70637613
"tree_28150",30.45687893,-27.54818178
"tree_3636557",31.03330408,-10.46359729
"tree_1968969",31.7889427,-5.69509386
"tree_2595819",31.33673774,-13.2943101
"tree_1277442",31.72665136,-4.63784728
"tree_1495937",37.83652169,-7.642544223
"tree_1491155",34.61936761,-9.705563321
"tree_212697",26.6370056,-30.38962211
"tree_3015",29.15164587,-31.208249
"tree_179550",26.1328155,-32.63077211
"tree_219906",26.55920906,-33.17751499
"tree_2013445",31.30476498,-3.058017274
"tree_4768894",33.79959043,-11.72989352
"tree_1917023",36.58348309,-6.804896268
"tree_2734281",24.97517793,-14.59756844
"tree_3029258",25.61134292,-16.44387362
"tree_4384762",27.40103989,-19.12772263
"tree_1301838",39.23352452,-7.345238696
"tree_4461704",30.99221122,-19.43818965
"tree_468911",38.3629782,-9.261948858
"tree_1266810",37.505413,-4.331617178
"tree_3352894",27.04061825,-12.84123018
"tree_709051",31.26086355,-1.492069939
"tree_2666260",32.12344766,-10.31864056
"tree_4330619",27.1735098,-19.95446277
"tree_4263828",31.56446203,-18.76506037
"tree_3720547",24.27158323,-17.17190256
"tree_1763689",34.24102206,-7.23102217
"tree_1652089",38.26192379,-8.171708396
"tree_4084701",29.79342688,-13.72791822
"tree_5028255",23.50523973,-19.46351752
"tree_147828",19.49576981,-29.51014585
"tree_2525815",27.51316706,-16.34435109
"tree_1933569",39.22369853,-8.686178573
"tree_2615488",26.14510131,-12.68428387
"tree_2311602",22.32126018,-13.15440162
"tree_4110499",30.11173475,-8.589707056
"tree_4539063",30.11201952,-20.68483554
"tree_213911",29.5936348,-30.76229071
"tree_135021",29.2216898,-23.01449786
"tree_1836860",38.55958807,-8.948326685
"tree_3418244",25.58006203,-16.76660067
"tree_839056",37.46088055,-10.50877504
"tree_3614962",29.40814005,-11.28961625
"tree_887041",33.41554908,-9.346957685
"tree_180950",30.09448948,-29.47039092
"tree_419482",33.12861225,-6.525079301
"tree_1497324",32.51949125,-9.016658276
"tree_931597",38.13689037,-7.337125447
"tree_4091972",26.19675535,-12.11599581
"tree_4339334",29.85266766,-16.60233845
"tree_4293932",28.26329241,-19.91425711
"tree_845339",38.97561492,-9.142053057
"tree_123899",19.26418312,-34.33329248
"tree_3417255",24.95363287,-17.23446473
"tree_4276442",30.57988053,-17.56700384
"tree_4761282",34.2752942,-14.25365505
"tree_814509",38.12634321,-9.396178067
"tree_3631078",28.23686446,-12.93245916
"tree_81158",29.85478958,-30.54692901
"tree_819141",38.64144124,-6.506689269
"tree_4239325",29.74935962,-20.24500726
"tree_936623",34.16232403,-4.159165549
"tree_3354128",24.4801826,-11.58232427
"tree_4939932",33.43684038,-10.05117201
"tree_2315975",24.81435628,-13.24103309
"tree_682371",37.34378004,-11.12808643
"tree_164603",28.2009595,-23.96410866
"tree_2628361",22.34316582,-14.02107698
"tree_2847363",31.18375886,-12.49335206
"tree_62683",24.34935455,-34.02697224
"tree_4619070",33.96816463,-13.33884108
"tree_1488739",38.3442277,-6.867007702
"tree_3337740",30.02762791,-10.26365076
"tree_770428",34.14880203,-1.872401055
"tree_1925938",35.60205637,-2.253633642
"tree_5046581",24.36920534,-21.02081072
"tree_1171829",35.70599548,-7.544193608
"tree_1408511",33.94480013,-7.372102567
"tree_4040983",30.33809302,-8.617652693
"tree_1174388",37.71779854,-10.08922988
"tree_2960728",24.14438628,-13.70790554
"tree_2634721",24.86357636,-15.0087299
"tree_4979064",34.23139279,-13.80264852
"tree_4340398",28.90675906,-19.569444
"tree_4090381",26.50000872,-15.54474527
"tree_3426976",29.53344391,-9.614951373
"tree_4374239",30.01511189,-17.61983011
"tree_3071423",28.11471574,-15.27403317
"tree_156207",29.59201216,-28.70395927
"tree_3686911",29.17934782,-11.62793876
"tree_4290295",31.87393541,-18.1272688
"tree_2472871",30.00301787,-8.446733567
"tree_2373526",28.46349317,-15.72738353
"tree_2972013",25.21235379,-15.16910181
"tree_966181",32.61892302,-6.161695863
"tree_693092",35.00366283,-7.125640072
"tree_4869083",34.58990594,-15.33010299
"tree_165083",28.50304086,-25.96699957
"tree_3135478",28.45303616,-15.60902023
"tree_2603400",26.12617051,-14.32622531
"tree_1693440",39.86500189,-10.19857846
"tree_3994843",25.56924443,-14.03018185
"tree_91031",29.0583441,-26.02487408
"tree_1871499",39.6121405,-9.832580752
"tree_4040596",30.84444682,-14.16909871
"tree_267201",31.69107645,-27.47525268
"tree_3924962",22.57835847,-16.53248834
"tree_15766",31.19103309,-24.72864723
"tree_4522479",31.2709446,-19.05046646
"tree_2415003",22.15178446,-15.24563679
"tree_4119397",30.54497961,-11.91911428
"tree_4635470",34.08652715,-13.1920814
"tree_2858086",27.5754584,-12.31738469
"tree_4461585",30.37272357,-18.5194092
"tree_124655",31.81800291,-25.4701081
"tree_2345503",29.50901416,-8.934430019
"tree_4827547",35.60387524,-15.98141664
"tree_40650",27.87129327,-25.94518394
"tree_1560101",31.41510449,-2.360548243
"tree_4789924",33.93994873,-11.14465778
"tree_496196",33.4364631,-1.862124272
"tree_3013191",27.09705006,-12.45999759
"tree_15589",30.86686581,-29.29586591
"tree_1716818",37.75575028,-11.41556591
"tree_239417",18.86330105,-29.67682805
"tree_4231007",31.10813979,-18.99962343
"tree_2836064",24.94687187,-11.69536888
"tree_1967451",36.42743921,-9.545552008
"tree_4208023",30.94154881,-16.79047569
"tree_2881034",28.70472564,-13.23706662
"tree_3608997",30.0050011,-8.801553019
"tree_3240218",24.51029159,-15.22886941
"tree_80536",26.66720472,-24.52482436
"tree_858429",31.14583641,-5.616575632
"tree_3545466",26.34162103,-14.48984251
"tree_3434101",26.77982396,-15.33641504
"tree_869102",35.30583444,-8.432143711
"tree_223467",28.98667753,-25.89001384
"tree_389875",35.31016148,-7.631816704
"tree_5036539",25.73141156,-20.14223593
"tree_3705719",22.36741528,-15.15792355
"tree_4466450",30.48937331,-17.67977801
"tree_168638",30.83062686,-24.68186082
"tree_4290500",31.97697301,-21.06651886
"tree_1089316",38.52713527,-6.799848024
"tree_1769451",35.78730776,-10.65625589
"tree_3168594",30.79243219,-12.89703131
"tree_2016850",29.42202263,-12.36372036
"tree_100363",29.68729715,-30.17606335
"tree_200552",19.43284746,-34.54946551
"tree_72265",29.550725,-30.84684881
"tree_1952277",31.97843099,-7.506421923
"tree_4066961",27.41815248,-14.04947335
"tree_1363315",34.8328349,-5.59881663
"tree_7496",29.27460587,-30.99000259
"tree_2711431",31.1691551,-12.15205469
"tree_164287",30.81034387,-29.56892183
"tree_233617",29.16579889,-31.90887319
"tree_3317942",28.0333133,-13.27889493
"tree_647322",31.29466855,-6.729803635
"tree_2001688",37.09804024,-10.78498612
"tree_1811693",38.72221265,-6.968874059
"tree_3495734",26.30240724,-15.44441141
"tree_3956507",25.01457202,-14.46342938
"tree_2114939",26.23903413,-17.1820892
"tree_1061390",40.01004787,-10.26402534
"tree_2840640",29.72121941,-9.283750492
"tree_4252606",31.71987482,-17.60630802
"tree_1768828",31.77190498,-8.173781782
"tree_289049",19.12319379,-33.88598199
"tree_4605807",26.96193565,-19.10356318
"tree_1217391",33.93912089,-7.427182518
"tree_98337",26.32996618,-33.45525858
"tree_735976",29.9915084,-4.797407857
"tree_2502010",28.26544096,-12.93687638
"tree_4479255",30.5632034,-20.02784261
"tree_3040927",30.07170963,-10.37921949
"tree_2043721",24.95462449,-13.75162694
"tree_3670665",29.51460326,-9.979236283
"tree_4564260",30.41869835,-18.31612722
"tree_3157016",28.99589936,-13.88630688
"tree_2032425",28.61899616,-14.32550413
"tree_1520560",36.4061646,-8.541762729
"tree_3383352",29.02636893,-13.74044868
"tree_2802184",27.96426096,-14.05127629
"tree_2722950",26.71627056,-12.34271606
"tree_4393338",30.33477184,-21.01801966
"tree_2963684",25.94173044,-15.99701386
"tree_4147469",31.5439086,-17.27429582
"tree_2020444",22.25887869,-15.57755885
"tree_4425679",31.97453905,-17.38688969
"tree_4367877",29.94191283,-17.49019841
"tree_2059527",22.89774809,-14.00476033
"tree_2560387",24.75134376,-15.57791944
"tree_163930",28.18554442,-32.40351098
"tree_2056498",27.1798047,-13.58936195
"tree_2357896",22.42862486,-15.35128933
"tree_5021449",24.38416969,-18.23354887
"tree_2658164",22.19027708,-15.04478879
"tree_3800712",22.71051347,-14.33334694
"tree_2381577",31.97551699,-10.12103786
"tree_4415354",31.81002145,-18.88297293
"tree_122358",25.59409923,-33.29623888
"tree_1392492",38.88627958,-5.324138055
"tree_1802953",31.07534172,-4.75323572
"tree_2233479",24.45791638,-11.63361804
"tree_983957",34.76486432,-10.77840537
"tree_1908934",36.98598793,-8.40266557
"tree_2227186",29.0678364,-9.85618533
"tree_248428",31.37285885,-28.56152667
"tree_722504",38.11020696,-9.021976962
"tree_286458",26.1299308,-25.43422951
"tree_308689",31.88314596,-7.325766897
"tree_4499294",32.27589924,-18.80508574
"tree_4342260",32.2729244,-18.32171635
"tree_1614926",34.43997575,-7.559698929
"tree_4294486",29.99924608,-17.15962855
"tree_1614120",36.98833175,-10.81635735
"tree_4623122",34.18073038,-10.39147776
"tree_2102941",29.20918636,-14.40212927
"tree_783200",32.27492336,-5.631810512
"tree_4438728",30.18116198,-18.46396866
"tree_4522166",32.88204519,-19.90046459
"tree_4419507",29.01448429,-18.69519628
"tree_3740610",24.28375302,-11.46233832
"tree_3813410",27.96209744,-13.47045777
"tree_4804221",35.23039775,-17.04046617
"tree_2867322",28.496577,-12.78804332
"tree_2303459",26.87168341,-13.93705977
"tree_269838",28.96179706,-31.91166775
"tree_4131489",30.95245656,-18.19623142
"tree_3722256",26.08758774,-14.43936007
"tree_188311",29.51890324,-29.52186499
"tree_3231442",24.89620945,-13.46531937
"tree_715921",34.15132614,-9.222464376
"tree_696267",38.44690474,-10.16828899
"tree_2432371",25.59232198,-15.71097674
"tree_61735",29.93610185,-30.41071656
"tree_4313379",31.21838912,-19.3443464
"tree_2862032",31.71553402,-9.596651487
"tree_603423",37.11237355,-8.354617103
"tree_4015244",31.58806664,-11.83284339
"tree_4207247",32.77504113,-18.32937886
"tree_102929",24.61059949,-34.04644403
"tree_1109533",36.39606818,-10.6104611
"tree_2616733",24.96300813,-13.20479391
"tree_194726",30.23520837,-28.33597833
"tree_4050114",32.04763432,-13.0820134
"tree_1444602",37.80019259,-4.332158062
"tree_632498",33.90711883,-7.304311859
"tree_3013919",28.00608901,-13.46667158
"tree_4265766",30.49622446,-17.81680178
"tree_27265",26.1954674,-24.67690272
"tree_639292",34.3129591,-9.666168986
"tree_2236318",25.0757816,-11.42682032
"tree_682998",37.95299118,-5.475314941
"tree_50347",27.16490427,-25.78156674
"tree_3735612",24.32585152,-12.69699463
"tree_3362426",26.79929564,-14.42024886
"tree_3212813",24.73042974,-16.91263916
"tree_2876278",32.21620858,-12.53328728
"tree_327182",30.99835647,-4.263195439
"tree_702085",33.9820307,-7.57781852
"tree_4171675",31.02574577,-20.18091259
"tree_4143015",30.82489907,-18.17793154
"tree_3596858",27.44366398,-12.92299371
"tree_109287",28.08557181,-31.45507209
"tree_338739",31.26284678,-2.373168854
"tree_653933",34.90639458,-6.461435365
"tree_2996523",32.05042887,-12.20920803
"tree_22014",31.95664843,-28.0951951
"tree_2121089",27.04151972,-13.25653842
"tree_1293814",38.83778067,-5.779651951
"tree_4304380",32.40354687,-21.24464977
"tree_3568819",28.84301062,-13.91578502
"tree_3913750",26.43591444,-14.47253425
"tree_703918",34.66435079,-2.251379962
"tree_4488344",31.88141758,-18.81554281
"tree_29186",30.88777983,-27.75443862
"tree_1673512",38.25281898,-5.402475988
"tree_4403085",31.17674137,-19.94526776
"tree_230330",27.67297068,-32.48779863
"tree_4905518",33.97555665,-10.80876924
"tree_1388481",31.64389672,-1.918736725
"tree_3095951",29.31907514,-12.13591834
"tree_2881535",27.15916111,-14.24914944
"tree_694524",38.19215028,-8.887387165
"tree_3518577",31.39875865,-10.92406928
"tree_3819432",30.63143026,-11.67355326
"tree_4580448",32.75475814,-18.01251139
"tree_1382033",37.6120565,-9.081474127
"tree_1689638",32.79705283,-6.152590994
"tree_246814",31.79095892,-27.79184971
"tree_5026263",22.29988871,-19.15052638
"tree_81526",26.87030508,-27.16839155
"tree_184178",30.1099947,-29.46092547
"tree_4313517",32.15194762,-19.44603246
"tree_286036",32.05373635,-28.07076521
"tree_4163327",30.37434621,-17.85727788
"tree_237697",30.58046996,-29.7742772
"tree_3167902",30.79675923,-11.74954736
"tree_1352835",35.61467691,-3.793348136
"tree_1160288",39.41886606,-9.290525527
"tree_4869571",35.15088842,-13.9637416
"tree_4460082",30.83202066,-17.48803487
"tree_656385",30.31513492,-4.493701877
"tree_1346764",36.93992299,-10.77624184
"tree_4289761",32.307721,-18.90208414
"tree_60513",30.48437365,-26.41854699
"tree_2877427",28.8827653,-14.44431817
"tree_1274986",37.2314573,-4.973735816
"tree_4692512",34.15855431,-12.67184181
"tree_222644",26.35160137,-28.82457625
"tree_50099",23.58103482,-33.81287259
"tree_818789",39.95154269,-10.33046384
"tree_2689508",31.05629148,-12.11554507
"tree_4557451",31.3231395,-19.7981475
"tree_5012607",34.1627912,-13.99880886
"tree_4701171",33.98231765,-12.50543004
"tree_1143784",31.65065772,-4.580062913
"tree_2471172",23.99375121,-12.09048414
"tree_8127",30.24620626,-26.79662442
"tree_1307619",36.75539277,-9.512918715
"tree_4383159",31.85230022,-17.46171188
"tree_3374214",27.0030271,-12.26978696
"tree_4564812",32.86311439,-18.24211636
"tree_687111",38.79577233,-5.687701788
"tree_469760",31.19523678,-2.488376999
"tree_2232126",28.12021468,-14.80526763
"tree_4970654",33.47596402,-13.8856741
"tree_179792",29.97774959,-31.2649516
"tree_1607083",33.11572128,-6.426368097
"tree_4640720",34.14449143,-12.41311929
"tree_497583",35.7943392,-8.222731722
"tree_1543044",32.11707655,-6.534634907
"tree_4275020",29.89458584,-19.6796039
"tree_1729037",34.81065882,-11.0917571
"tree_1801101",36.87763165,-4.951920189
"tree_3151131",29.4741274,-14.2082226
"tree_2790461",24.30061045,-11.68572313
"tree_4130557",26.22848697,-13.97528219
"tree_4422327",31.47882273,-17.98483619
"tree_69781",30.62815753,-26.71531163
"tree_4537017",31.32259862,-20.75524052
"tree_4474636",30.82426805,-20.29954633
"tree_103829",22.46312645,-33.91951675
"tree_3861569",22.81328067,-17.02252862
"tree_259598",27.19573442,-25.80581634
"tree_1864663",33.79677931,-6.984018791
"tree_4299113",32.01853061,-20.95095013
"tree_2849418",27.28563688,-12.28204698
"tree_1576188",31.3013394,-2.287619144
"tree_4516865",32.36703748,-18.95581189
"tree_1351407",36.51370957,-2.481165222
"tree_622288",38.44212697,-6.218308316
"tree_3603866",33.05376122,-12.3933788
"tree_218097",30.22024403,-26.78138954
"tree_4328602",31.84553923,-18.26699699
"tree_5044321",26.26589112,-20.65652581
"tree_684984",31.85637241,-6.686713264
"tree_3610184",29.28572088,-14.27330889
"tree_84232",28.97387671,-30.58551202
"tree_1155851",37.46033967,-11.37337701
"tree_2462630",30.81866487,-11.47189393
"tree_2025674",29.90953578,-10.0418886
"tree_882830",37.19819318,-9.875851417
"tree_2559263",24.91838553,-14.39167219
"tree_131829",23.80486891,-30.9863967
"tree_2445407",24.24165453,-12.74107662
"tree_2584315",29.72311249,-9.832025875
"tree_2581281",23.63514779,-14.40167853
"tree_25554",26.81702842,-25.47407458
"tree_2650809",29.42878363,-11.05288966
"tree_124911",19.76846337,-34.58561455
"tree_1395305",35.51560572,-8.012237967
"tree_216951",29.93844566,-30.56063139
"tree_218251",27.33708434,-32.52322648
"tree_1792116",31.64831391,-5.252200575
"tree_4188365",30.42924551,-18.67896978
"tree_3881154",27.06162243,-17.2094038
"tree_1090865",35.34973587,-8.786602575
"tree_4930929",34.66166266,-16.29422749
"tree_1485492",30.66481382,-4.040982545
"tree_2216980",24.96418003,-16.66969241
"tree_22512",19.53976137,-32.94754944
"tree_249428",27.36241554,-33.1190996
"tree_4521110",29.11707115,-16.70014818
"tree_153884",19.41445755,-34.5580295
"tree_22013",30.94358059,-29.39683079
"tree_2602314",28.91107135,-13.9019925
"tree_3808942",24.95534566,-13.22669969
"tree_3284597",24.37696467,-12.68870109
"tree_4243399",32.90142671,-19.79427117
"tree_1312130",31.16404604,-5.395354358
"tree_382863",38.34233462,-5.705370643
"tree_2703572",22.16936306,-14.44377728
"tree_250089",31.76670948,-28.71721091
"tree_4510017",33.01284795,-19.85971805
"tree_2876878",24.49613856,-14.11546111
"tree_4179775",30.57627467,-16.57736767
"tree_1519308",35.04603176,-4.028992965
"tree_4587831",31.12860307,-19.37806146
"tree_2147341",32.22702618,-10.315846
"tree_3326197",29.12679231,-14.32694649
"tree_1278014",38.56229247,-9.616317575
"tree_93415",28.46860484,-30.25485202
"tree_2602447",25.10634132,-12.50281752
"tree_2920109",25.52047509,-15.40988503
"tree_82027",30.94547367,-29.53845207
"tree_3297857",27.19702271,-12.22552468
"tree_4323695",29.69896766,-21.58558655
"tree_105088",29.62969345,-24.17081624
"tree_748846",37.67056169,-6.332705137
"tree_4926640",33.71259893,-12.11247831
"tree_1436742",31.30323248,-2.272835
"tree_252631",25.31716878,-28.54530017
"tree_1873671",31.694469,-1.077212439
"tree_2182576",26.33630238,-15.81942384
"tree_3166144",31.7402342,-12.1711659
"tree_280108",18.8326512,-32.31426523
"tree_206993",28.39883135,-31.03669885
"tree_2743870",30.48485178,-8.286812401
"tree_3220974",23.28474771,-14.60000241
"tree_3734030",24.35677182,-14.69528802
"tree_251724",29.96729258,-23.49002444
"tree_1282248",34.13582091,-7.403383652
"tree_130745",27.87805427,-31.5893013
"tree_4735200",33.60289048,-10.68670991
"tree_172901",26.10676312,-30.52754736
"tree_4327978",30.67173995,-18.72395324
"tree_821444",37.74475239,-6.217136403
"tree_1862287",35.75287174,-7.809136283
"tree_36621",24.83136859,-27.86423793
"tree_85936",31.09547766,-28.58244082
"tree_3688145",23.68517919,-13.19604963
"tree_125128",29.87732624,-30.30794873
"tree_4728007",33.90884814,-12.61838451
"tree_79909",30.79438792,-30.14532315
"tree_3390234",28.03953342,-13.81653294
"tree_2514244",27.46016082,-17.22445839
"tree_515565",34.17602632,-9.278175358
"tree_4281964",31.08776665,-20.22688767
"tree_2166792",28.43509697,-13.86413067
"tree_4383476",30.86456359,-18.5339229
"tree_3601052",25.51209145,-14.54915938
"tree_3855177",31.37649242,-10.68824416
"tree_2790064",26.34306338,-14.70754805
"tree_4185950",31.87609893,-18.5598853
"tree_1981621",38.19764922,-8.421866928
"tree_2354160",28.22253114,-14.09337505
"tree_4239905",31.2844666,-19.50381683
"tree_195020",26.81387329,-32.65583304
"tree_3362069",22.56068972,-15.19957157
"tree_3750103",28.82029366,-14.33046223
"tree_129333",29.85596149,-30.93492264
"tree_3341708",25.68616465,-12.69555227
"tree_4138609",29.5894395,-19.10275185
"tree_2608215",25.01024498,-16.27015993
"tree_3079127",22.53166249,-15.0751684
"tree_1771790",31.4446726,-7.034411086
"tree_81358",28.45724637,-27.72730431
"tree_4183853",27.4745094,-18.51652449
"tree_948709",30.77839862,-3.760534548
"tree_2056356",27.921261,-13.72764778
"tree_13732",29.21970657,-28.3107371
"tree_2018280",25.94786041,-15.20281686
"tree_132597",27.88175028,-32.73687539
"tree_1020004",36.88421235,-11.52419331
"tree_275299",26.94332385,-33.4154135
"tree_3987304",29.08433324,-9.581056018
"tree_4053585",25.06370195,-14.38779586
"tree_3804202",27.58537453,-15.0413632
"tree_227395",30.58714081,-27.39006356
"tree_241033",27.6832474,-31.84441793
"tree_1885619",32.25148523,-2.372808265
"tree_3203100",26.69742991,-12.36227801
"tree_4172492",32.14419501,-18.64913105
"tree_285370",19.99076496,-34.6149124
"tree_210631",30.38232767,-29.49238685
"tree_5004769",33.94932398,-10.84293503
"tree_180158",30.68251595,-27.73640917
"tree_3957100",25.05973549,-11.64551747
"tree_1694744",31.586293,-1.651900958
"tree_4706898",34.0785041,-11.96184231
"tree_3683574",29.44681297,-10.59079501
"tree_4751270",33.61091353,-10.7178107
"tree_37629",25.01418596,-33.4948332
"tree_4740350",33.25041715,-13.10112286
"tree_2388792",25.51218159,-14.3120722
"tree_2400715",27.83544138,-13.69798934
"tree_3256176",25.32945431,-14.56015734
"tree_3347816",31.86085044,-13.4984034
"tree_246500",30.06086478,-30.26431748
"tree_5018367",22.22037935,-19.4756874
"tree_1347423",39.33502966,-10.91642076
"tree_227032",25.95279267,-25.52843335
"tree_1526645",31.00385542,-5.947506072
"tree_4381101",29.62685035,-19.53248364
"tree_1901931",34.4263636,-8.481273945
"tree_576837",36.19350863,-10.67076959
"tree_2017592",23.36398663,-14.63615145
"tree_1387864",38.3185359,-10.15161176
"tree_43388",29.27009854,-25.68574025
"tree_209344",30.80376317,-27.64608166
"tree_1710669",33.84077088,-9.062723505
"tree_245818",21.71914631,-34.34861751
"tree_936742",38.39660291,-8.653004397
"tree_2749279",30.70850565,-11.61198271
"tree_2293489",25.48757155,-17.04939249
"tree_2436696",30.51396915,-12.03901008
"tree_3184386",26.58672981,-15.30819896
"tree_475252",31.86646883,-1.189175285
"tree_3542919",28.99851361,-14.0169302
"tree_570049",33.23327253,-6.262210012
"tree_4941737",34.57638394,-13.83429019
"tree_62728",28.16769539,-26.08148654
"tree_407927",38.88132151,-5.102375897
"tree_4142065",28.03981892,-18.60946627
"tree_226844",30.48437365,-27.69205674
"tree_4574428",32.79622559,-19.6408406
"tree_164653",29.77879598,-27.97665151
"tree_4021151",25.35280229,-15.90226913
"tree_3704711",33.05204843,-12.08237089
"tree_1993155",31.25743798,-1.506403347
"tree_586591",33.19450946,-6.514171488
"tree_448405",36.87339475,-3.703200917
"tree_4545894",25.8289728,-18.16900696
"tree_934125",38.83480583,-4.871779312
"tree_518361",39.33106321,-7.155388654
"tree_3722955",30.44590842,-8.512901625
"tree_2570",29.91131152,-30.89796228
"tree_3119598",29.00897063,-10.47684893
"tree_4337791",31.84644069,-18.30314602
"tree_4987786",35.71024826,-15.83276388
"tree_1789731",34.70104048,-7.708982723
"tree_3701459",25.71456085,-14.98186603
"tree_4003729",26.36082227,-14.6895186
"tree_916574",33.64425116,-7.321439831
"tree_3745193",26.75755773,-14.27538228
"tree_251603",24.99083798,-33.67729117
"tree_2431620",31.26687408,-9.178909276
"tree_104740",30.27415171,-24.44315098
"tree_1361967",38.92774704,-7.845285318
"tree_4309361",29.91468854,-17.33009694
"tree_274057",30.27965066,-23.74018297
"tree_4770134",34.80166037,-16.23373871
"tree_3700169",27.44862205,-14.62560422
"tree_791455",30.76451603,-6.855018121
"tree_69754",31.58524431,-27.90164903
"tree_3305085",29.28301648,-11.53634919
"tree_4716221",34.94544425,-16.26474935
"tree_161225",29.96359657,-30.73308302
"tree_4233483",31.38038261,-16.48118059
"tree_4197171",32.74556319,-19.38211808
"tree_2975086",30.13814772,-13.00178238
"tree_4656199",33.10825591,-13.16593871
"tree_3391478",25.78640774,-13.31387205
"tree_2018694",29.20576079,-8.515876483
"tree_4462079",30.77928488,-16.07497722
"tree_4848853",34.87747369,-16.53068365
"tree_1913203",38.86888127,-6.569612027
"tree_950095",30.96238795,-2.06441463
"tree_4177396",29.43610008,-15.72944293
"tree_239504",31.23736846,-29.39160226
"tree_2834053",30.09100101,-9.802006851
"tree_2925508",32.15112269,-9.179089571
"tree_191698",26.59905387,-33.45489799
"tree_324106",38.94622711,-9.323519409
"tree_4435983",31.33422754,-18.97916002
"tree_5004733",34.86963093,-16.16279285
"tree_1122555",37.73447567,-7.4634217
"tree_2803619",25.52759667,-15.00485357
"tree_2256686",27.63955268,-13.79453702
"tree_3630707",29.44023226,-10.11148225
"tree_1650702",32.11905978,-8.284121978
"tree_953723",37.98093665,-6.595213837
"tree_2966307",25.26842502,-14.24338002
"tree_235261",26.95594438,-25.71855383
"tree_2541932",30.44762121,-10.90171277
"tree_4106024",30.52334441,-9.156462619
"tree_22531",27.97991996,-31.30010902
"tree_4881211",33.08454735,-13.19730994
"tree_3616485",26.44610102,-16.25528564
"tree_1126238",30.1738751,-4.317644359
"tree_4460971",31.7124828,-21.16523007
"tree_2443701",26.58916377,-15.33371063
"tree_62083",29.33157854,-31.59029292
"tree_4531241",27.95760519,-18.58900285
"tree_701434",38.15113355,-7.470994066
"tree_213265",31.05680476,-28.28847074
"tree_1147034",32.52129419,-7.280512993
"tree_1962847",38.06342084,-9.858543151
"tree_1409064",39.07342405,-7.475862016
"tree_3920817",32.34070112,-9.870068001
"tree_803",26.98181646,-31.78897739
"tree_952983",32.60116413,-7.315219672
"tree_4840850",33.83195307,-12.73115868
"tree_1796893",37.59664142,-8.384906568
"tree_2210641",25.52326963,-17.44198363
"tree_623182",38.75511618,-6.586830146
"tree_3602754",31.22252192,-11.91298427
"tree_1903078",32.38526287,-6.161245127
"tree_3189367",31.20854919,-10.44358461
"tree_518120",33.59494094,-5.389675083
"tree_793283",38.84995047,-6.61684917
"tree_4309191",31.3217873,-22.13196884
"tree_167703",26.18870641,-33.63708552
"tree_4489774",32.3278237,-18.50868168
"tree_4846985",35.21002461,-16.77588408
"tree_3702717",31.87085672,-10.18765665
"tree_1696501",33.65083187,-9.108608439
"tree_4407590",31.77522485,-17.71998367
"tree_3710756",30.9448702,-11.09733224
"tree_3784575",25.58240584,-15.30738764
"tree_175497",21.88168069,-33.90094642
"tree_1291281",36.02908111,-10.96122393
"tree_473405",35.01222676,-9.030000065
"tree_3493587",24.05252684,-13.7691155
"tree_4895985",34.8183375,-16.2680848
"tree_3396319",26.16980149,-16.12601453
"tree_4576156",29.94146209,-17.33189989
"tree_53439",29.52359086,-29.62598502
"tree_4925312",35.5794455,-15.39915576
"tree_4285254",30.80497667,-20.91380947
"tree_557258",35.41518234,-5.13500919
"tree_4256077",32.28572522,-17.35560861
"tree_4765136",34.40970282,-15.94761144
"tree_510415",31.38409404,-5.166921306
"tree_2208014",24.09210122,-13.65958663
"tree_166394",27.47401707,-32.63005094
"tree_2744728",27.49414611,-12.31864675
"tree_209407",28.74030679,-30.67827351
"tree_2043765",25.01943994,-14.74162369
"tree_3550597",26.49189552,-16.30973456
"tree_2356897",29.49008336,-12.03269978
"tree_1738613",35.40048844,-8.212184498
"tree_1549403",34.86754137,-9.290976263
"tree_514298",34.88863569,-6.895944959
"tree_942425",30.86466897,-7.044146986
"tree_4377849",30.816245,-19.29909249
"tree_1905572",39.22991865,-8.652012777
"tree_706571",39.55120136,-9.955090822
"tree_1946097",38.74312668,-7.391574367
"tree_1169244",34.39977034,-8.193794465
"tree_787947",37.78847352,-8.195867851
"tree_134393",25.6269126,-32.71587109
"tree_2032397",29.31817368,-11.96121303
"tree_4988657",34.18118111,-10.52940301
"tree_85209",29.25432288,-31.09448321
"tree_1343946",30.28132992,-5.304305667
"tree_185247",29.48266429,-31.23943994
"tree_136314",28.39360285,-31.05851447
"tree_2594932",29.02294336,-12.30133849
"tree_4766588",34.11339085,-12.63569277
"tree_2961795",25.90855647,-13.84673226
"tree_3551157",30.0413302,-9.764505608
"tree_4460856",30.06279946,-19.80436765
"tree_4868130",34.08589612,-13.24328502
"tree_2462245",24.45007362,-13.40978869
"tree_176920",29.31309848,-28.90769199
"tree_4181344",32.77233674,-19.37319351
"tree_3101688",26.21000691,-12.07488867
"tree_4388290",30.68958898,-18.01160992
"tree_2845325",23.2499511,-17.01892273
"tree_4759321",33.635794,-10.64127571
"tree_1679357",39.10046805,-10.64417616
"tree_3761890",27.11967688,-12.42574165
"tree_1836677",35.13662916,-10.28196464
"tree_4269228",31.20450653,-19.2697045
"tree_4739256",33.43359511,-10.12031493
"tree_4281221",32.1886373,-18.52364612
"tree_1370494",31.68707697,-1.22271005
"tree_205493",25.63709917,-33.63320918
"tree_1933663",30.40771554,-5.768113107
"tree_3464156",28.222441,-12.69825669
"tree_203243",29.61112324,-28.70918781
"tree_912538",34.02241641,-9.187126667
"tree_384049",31.47892833,-1.506583642
"tree_205449",27.62942986,-32.97549508
"tree_3002223",28.89980302,-12.14105673
"tree_3241232",30.09388571,-10.30340568
"tree_293300",37.21748456,-3.08082452
"tree_2021079",23.65227565,-14.40979178
"tree_4224992",29.67147293,-20.56430871
"tree_2746813",30.23397362,-13.07435089
"tree_3774561",25.38038717,-14.21245952
"tree_4204741",31.25814378,-17.48460928
"tree_3270831",25.19522593,-14.2748414
"tree_485712",38.47070346,-9.710250976
"tree_59460",31.06753221,-25.68727275
"tree_3901005",26.37930234,-14.21327085
"tree_3836335",32.06990055,-13.97176645
"tree_3977894",25.34964716,-13.09427342
"tree_2982281",27.74574545,-12.52328094
"tree_4343891",30.33035466,-18.88630838
"tree_3903083",26.13130887,-12.64227527
"tree_1768533",31.76568486,-5.85357267
"tree_4557404",32.08415736,-17.79390438
"tree_233439",22.72310934,-33.82864835
"tree_4761232",35.47460497,-15.1302466
"tree_3460035",25.70176002,-17.59730729
"tree_213054",25.04970373,-33.49798836
"tree_2280613",26.57735456,-15.38509454
"tree_2883775",27.88348955,-16.78012275
"tree_4843363",34.87386782,-16.49678829
"tree_976570",31.08390566,-1.245607444
"tree_181328",27.71858488,-31.25782997
"tree_191462",31.51682302,-28.56594388
"tree_776007",37.51587002,-8.302331716
"tree_2478115",28.13004067,-15.7089935
"tree_309146",32.7641493,-6.137446261
"tree_2955721",30.12561733,-9.330356604
"tree_171696",31.5264687,-27.87451471
"tree_2503201",26.09921666,-12.05812129
"tree_2270402",25.29979606,-14.183973
"tree_1578804",35.53706063,-11.44531449
"tree_4368413",30.68012358,-17.05532822
"tree_1050794",31.8592571,-1.230913447
"tree_1893713",39.07207185,-11.02288463
"tree_2305871",27.08866642,-16.71016851
"tree_3491779",28.65965231,-15.51905331
"tree_4917726",34.24698815,-14.24373886
"tree_4520696",32.49666834,-18.21507219
"tree_126873",31.27865562,-29.44830486
"tree_4527472",30.06252902,-16.90937988
"tree_3416399",27.05855744,-16.40754429
"tree_2691315",31.9778608,-11.86845154
"tree_3030609",33.08296874,-10.50659751
"tree_498994",37.20252022,-7.508224867
"tree_2088908",28.18070309,-14.30395895
"tree_118708",28.39955253,-31.34563337
"tree_67817",30.35961072,-25.61064761
"tree_3064843",30.04205138,-8.377049767
"tree_3681266",28.03178081,-12.66616428
"tree_1257089",37.92919246,-5.988883645
"tree_4529605",31.62801541,-17.99231841
"tree_4066167",22.23327704,-14.49606267
"tree_4889625",34.13484575,-12.49443208
"tree_23049",28.87723952,-30.87966239
"tree_272613",20.23866819,-34.63844082
"tree_199758",29.68684641,-29.17750261
"tree_119379",30.24124819,-26.18425436
"tree_4751799",33.98177677,-10.72403085
"tree_66984",27.89743579,-31.39404242
"tree_2870821",30.71436519,-11.70654714
"tree_1913007",38.20233685,-10.70520583
"tree_4446424",30.0000574,-16.98348089
"tree_801300",31.73764925,-5.730251275
"tree_1760340",34.3023218,-7.691133574
"tree_2164360",22.47387848,-15.25429093
"tree_2758418",30.63088938,-9.146546425
"tree_2684690",31.92945205,-12.55906939
"tree_1599512",35.68039382,-6.799757876
"tree_3627517",24.82246948,-17.09789169
"tree_189666",30.0404015,-30.58235687
"tree_4484589",32.00068158,-18.25491726
"tree_554136",31.36876911,-2.335757758
"tree_4247539",31.61548502,-18.0948158
"tree_2113286",25.77973689,-17.00675286
"tree_4272168",31.23371404,-17.50299931
"tree_2166304",28.13941592,-13.88991277
"tree_3303528",27.49108113,-13.91614561
"tree_4595002",31.27959868,-17.845108
"tree_1871333",30.9151511,-7.098235317
"tree_3575848",24.40536087,-13.32694339
"tree_981290",37.63360156,-8.517152538
"tree_4413937",30.86483403,-19.06678311
"tree_49966",29.59976477,-29.48796963
"tree_3845700",25.57492367,-14.10275036
"tree_2823999",28.35567776,-15.75487843
"tree_1344785",31.37237497,-3.724115072
"tree_1438401",32.95724345,-7.194151958
"tree_3672274",26.39066082,-15.41258944
"tree_2785262",25.27680866,-11.33315736
"tree_4602181",32.81533668,-19.48209135
"tree_3370637",24.29015344,-17.29955102
"tree_4863473",33.9768187,-10.7972304
"tree_2538907",30.9381092,-11.10553563
"tree_5049186",21.54572173,-18.64209607
"tree_4481693",30.1672794,-19.26916362
"tree_2685906",32.34620007,-9.318367023
"tree_2797455",29.38470192,-14.20939452
"tree_4265654",30.51803994,-17.16557827
"tree_1350906",29.89072443,-5.508579264
"tree_966348",39.05918088,-9.275561088
"tree_1448586",34.95083688,-11.21282482
"tree_1836282",35.79478994,-7.537252272
"tree_205758",28.66052702,-31.15830745
"tree_246805",26.30084882,-25.46659236
"tree_92641",19.77729774,-34.5500064
"tree_2578226",22.16999409,-16.32019164
"tree_4337325",31.08893855,-16.57890017
"tree_797924",31.85465962,-1.123277668
"tree_4862811",33.93904726,-10.56735499
"tree_293447",35.29528728,-7.424748543
"tree_3500662",31.07945917,-10.3612802
"tree_1905835",39.35432105,-10.1423266
"tree_167508",27.57471085,-28.59812644
"tree_2725409",31.7483474,-11.28709213
"tree_2516122",32.84723522,-11.74585133
"tree_826732",32.38409097,-6.129513306
"tree_2378022",25.59124022,-11.9055922
"tree_4468113",30.03034667,-20.93896055
"tree_857736",31.02945707,-1.46223121
"tree_4288011",28.99257866,-17.99790754
"tree_2748769",24.5854739,-11.69320535
"tree_387714",37.12968171,-9.511296065
"tree_3378364",29.16456377,-14.48758883
"tree_2803443",26.49640285,-15.32045899
"tree_2228512",29.21035827,-10.50948222
"tree_4144418",30.16673852,-17.98222192
"tree_3160883",27.36271228,-12.97789336
"tree_15898",31.2764921,-28.98269447
"tree_1115294",35.77135181,-10.19614448
"tree_2775093",30.26624613,-8.581954395
"tree_4949292",33.75460726,-14.00547976
"tree_2570130",30.41570929,-12.23201528
"tree_205526",31.22880453,-28.48300844
"tree_187419",28.93998158,-30.66457113
"tree_1419282",30.96959969,-3.630992995
"tree_2738371",31.10028305,-9.999970143
"tree_3736380",24.73304399,-16.8157309
"tree_2212922",23.39409561,-16.18992891
"tree_104232",22.75006318,-33.56046038
"tree_195151",30.65267741,-30.07762259
"tree_4153829",32.57491561,-17.23210692
"tree_2089665",27.01925349,-14.40654648
"tree_126399",30.18463611,-29.17795335
"tree_213748",23.98678481,-33.92862162
"tree_2690371",27.45195747,-13.67491166
"tree_3672328",29.88988381,-8.62747874
"tree_997123",34.45133423,-9.363725068
"tree_144072",31.02381109,-28.36834118
"tree_3312022",22.78632682,-15.53771378
"tree_227776",30.13730913,-29.06418756
"tree_2694741",24.15637579,-13.63542718
"tree_2701648",28.4249104,-14.32965091
"tree_4490678",30.02079113,-19.46144763
"tree_2424164",27.31186956,-15.12817497
"tree_1951063",33.31251144,-8.358493433
"tree_3333909",30.17141184,-8.421492346
"tree_4538342",31.89385782,-17.51760316
"tree_1419839",38.90106363,-7.238684684
"tree_4638645",34.79489938,-16.14241957
"tree_584173",34.25111849,-8.32099219
"tree_1631113",35.52227658,-8.584582658
"tree_4674294",32.88180758,-13.65291399
"tree_4816406",34.72142987,-15.75938404
"tree_3080062",25.01330996,-11.63749437
"tree_2038383",28.2371349,-14.334609
"tree_4964788",33.78237242,-10.53066507
"tree_123200",30.17562144,-29.73515331
"tree_4917322",35.55582708,-15.932647
"tree_3923241",30.70760419,-12.59819328
"tree_2003455",35.43618651,-11.3964547
"tree_2055077",27.49820271,-13.54924643
"tree_4105594",31.81649828,-13.28502494
"tree_411256",37.2260485,-10.46523393
"tree_4461199",30.0135794,-19.46992147
"tree_3939300",26.64784925,-14.53356391
"tree_907974",35.35676731,-7.908478518
"tree_1045369",39.27003392,-8.33559604
"tree_47990",26.25415286,-32.42343351
"tree_1130737",35.70536445,-1.983913164
"tree_3459216",33.02509458,-12.44845875
"tree_3577886",25.52462183,-14.33533018
"tree_47228",29.44678593,-30.87371268
"tree_298763",32.69753091,-7.614688733
"tree_3857842",29.08045693,-9.684274584
"tree_103087",30.82116147,-26.27593409
"tree_2329212",25.58375804,-12.04883613
"tree_246983",26.92944127,-32.61788106
"tree_4649176",34.19515384,-14.20786026
"tree_1684688",37.54841296,-8.503269866
"tree_72435",29.48041063,-29.76318909
"tree_30953",29.58561175,-25.91110829
"tree_2596554",25.96165285,-15.89947457
"tree_72204",27.13668838,-32.91266247
"tree_3174480",30.2980679,-12.85159711
"tree_2569292",25.61125277,-15.40195207
"tree_3233939",26.32458331,-17.06057075
"tree_97502",30.56388298,-27.3271408
"tree_1922754",30.58296065,-4.104446187
"tree_4032648",29.10677975,-13.92344754
"tree_4227652",30.69202294,-19.3168515
"tree_4450379",30.77279432,-20.02099142
"tree_3903044",25.75819183,-13.33703988
"tree_3582826",28.2384871,-14.67112857
"tree_5045048",25.10020463,-18.27276291
"tree_256888",28.31715851,-31.19643972
"tree_4485245",30.08758978,-21.1124038
"tree_2353513",25.69878518,-16.77859025
"tree_3151969",26.28203409,-17.50905316
"tree_166134",29.61941673,-31.21185489
"tree_403666",34.41221058,-1.618366193
"tree_1270908",37.24128328,-8.689694315
"tree_2959776",25.80479766,-17.24861784
"tree_3406599",24.91459937,-14.53771069
"tree_4415682",31.29384185,-19.51156949
"tree_4353416",30.65064564,-17.7381934
"tree_3726705",27.56689447,-13.72755763
"tree_4534893",30.58592035,-20.46785118
"tree_140260",19.83273792,-34.0717754
"tree_4126606",26.61990378,-12.38481481
"tree_5039949",26.31592252,-20.35678631
"tree_3220649",25.75801154,-13.38445732
"tree_1112236",37.95506455,-10.95013582
"tree_1610687",39.02672808,-6.943993426
"tree_2555265",26.04305529,-15.95401364
"tree_223217",26.64493851,-25.80302178
"tree_109753",26.42759498,-32.52539002
"tree_1964183",37.85211707,-10.14494086
"tree_221439",24.67063715,-34.01732648
"tree_264359",26.45617146,-25.72234002
"tree_3079277",22.26554955,-14.27889802
"tree_1332627",38.45871396,-5.150334218
"tree_4912107",33.8041879,-14.35732435
"tree_1986527",31.47027425,-5.00862279
"tree_4809671",33.10879679,-13.61568318
"tree_3768292",29.75917115,-10.41257396
"tree_53482",19.19603226,-33.57416276
"tree_1133259",30.55267137,-4.157542899
"tree_4748747",32.99584307,-13.13691131
"tree_3441477",27.51929703,-13.50453341
"tree_2587283",23.08678564,-13.21443966
"tree_240596",19.82895176,-34.61175724
"tree_699271",35.76026377,-10.67572769
"tree_1698389",35.83310227,-5.178009414
"tree_3589651",24.40851601,-11.48307218
"tree_3546048",25.09552372,-11.49361941
"tree_477040",38.24804121,-8.363361383
"tree_161472",27.12172404,-23.95743777
"tree_180019",30.42496702,-26.01144215
"tree_4720212",33.88387753,-10.50605488
"tree_27246",31.01290335,-24.57143048
"tree_3331906",29.93612905,-9.78875521
"tree_2696549",26.22551213,-15.52671582
"tree_1936204",31.9726616,-5.942728269
"tree_3812567",31.78287357,-12.31540145
"tree_744267",39.01915576,-8.074709989
"tree_676716",38.15825513,-6.109861212
"tree_4186373",30.33864815,-17.3057572
"tree_987785",34.91946585,-9.369043754
"tree_1806197",38.86671775,-5.110038411
"tree_73299",27.72543602,-31.47887095
"tree_1213215",36.85924173,-10.76461285
"tree_1787022",37.25047824,-9.589543851
"tree_24129",31.72316865,-28.15072579
"tree_1792347",35.73664534,-10.19353022
"tree_3613182",25.26653194,-15.2779095
"tree_4488618",30.30682639,-16.78073979
"tree_231992",30.11756701,-25.79013072
"tree_562275",31.13862468,-7.955715661
"tree_3384962",26.76693299,-12.17486194
"tree_4445387",30.97039573,-19.14088413
"tree_2005219",36.08118588,-4.589077635
"tree_4803255",32.96411145,-9.511550763
"tree_1780305",37.1313945,-11.57079942
"tree_859619",34.53156476,-9.397079539
"tree_3654504",24.07154778,-14.87486128
"tree_4749997",34.8208616,-16.29053146
"tree_4209927",30.52570241,-19.36012216
"tree_606311",38.99481616,-8.817883659
"tree_967309",31.48541889,-5.053065369
"tree_3432444",33.01968578,-10.39481496
"tree_3948879",22.45431666,-15.1578334
"tree_4488891",30.94172911,-19.49390063
"tree_614741",37.18737558,-9.36561816
"tree_4446003",32.9137768,-18.06551795
"tree_4552585",32.5926745,-18.31098883
"tree_244949",25.66838006,-33.06960877
"tree_2889735",23.64885008,-14.4401714
"tree_4378511",30.8670877,-16.56988545
"tree_3679891",28.27815163,-14.52968758
"tree_2982296",27.53119639,-12.38806011
"tree_3708018",25.90080385,-17.4705603
"tree_4428313",28.86754528,-16.52895861
"tree_966109",39.48467312,-10.35011593
"tree_4310549",30.36064392,-18.03622011
"tree_129074",31.69333012,-25.43873687
"tree_129777",29.64114207,-25.37058557
"tree_4803600",33.72693224,-12.13140923
"tree_2122856",26.43627503,-17.29387175
"tree_4015242",29.50558859,-9.801826557
"tree_4404059",32.79631574,-20.20362969
"tree_791688",35.14609456,-8.434487539
"tree_1846297",30.90271086,-2.634235199
"tree_4353487",31.16664495,-16.49064605
"tree_1210617",38.78387297,-5.902973346
"tree_4225442",31.98833149,-17.64534177
"tree_2396689",29.28887601,-11.82130455
"tree_3318572",27.27067254,-16.29828587
"tree_602044",34.95678656,-10.82978928
"tree_4627919",32.79869239,-13.59837492
"tree_4542887",31.75962949,-16.69861568
"tree_123287",22.24343911,-33.90581437
"tree_3487158",25.10769352,-11.32991206
"tree_2121290",29.27129741,-10.56375085
"tree_438104",31.74242702,-1.154558753
"tree_2655891",26.04918526,-17.32172724
"tree_164470",26.67153176,-33.57894056
"tree_4223446",32.52028676,-18.96608867
"tree_195138",31.12017784,-28.08600009
"tree_4294589",27.87421956,-19.3086481
"tree_4532210",32.95497381,-18.21381013
"tree_1074289",35.77892412,-8.144574084
"tree_3598531",29.48395339,-12.09526195
"tree_2184099",24.14682024,-12.74468251
"tree_3188352",23.40238911,-17.00458932
"tree_1257310",32.17305763,-6.105984882
"tree_1090442",38.48107033,-6.448364018
"tree_4939508",33.32866443,-11.68626226
"tree_1009652",35.14411133,-3.246785549
"tree_3413634",22.59945278,-13.23030557
"tree_71910",28.33834296,-32.49149466
"tree_113493",19.4945979,-33.79141755
"tree_3294658",23.75531329,-14.63389777
"tree_4826185",33.19668976,-12.90126648
"tree_1867046",31.20461204,-5.343159118
"tree_850720",37.3151134,-2.953626795
"tree_845391",38.01888839,-7.899734238
"tree_4337799",27.95093434,-17.06921089
"tree_1718745",29.92200532,-5.147900243
"tree_181502",30.02363422,-31.23303949
"tree_2718788",28.94758075,-9.267253551
"tree_1197031",36.00402034,-10.99917591
"tree_51359",19.56878858,-34.58453278
"tree_5032133",22.59629093,-18.98672888
"tree_4989013",33.20588472,-12.91019105
"tree_467758",37.7986601,-3.802453005
"tree_4789034",34.01098427,-12.21470526
"tree_4099720",30.38857515,-8.473687585
"tree_3846223",26.38615348,-17.63426765
"tree_4809051",35.37445206,-14.61784981
"tree_5042220",24.7510666,-20.09761306
"tree_1623177",31.80706218,-1.163483328
"tree_3670521",27.51722366,-16.4363914
"tree_551088",35.840314,-10.23662059
"tree_529811",37.50442139,-8.415466476
"tree_1981490",38.81398195,-5.424471909
"tree_4516875",30.3331492,-18.80589706
"tree_3974028",27.46160317,-13.67058459
"tree_263051",30.30561289,-29.14171417
"tree_3037517",27.96326934,-13.36768994
"tree_5046394",28.4150777,-22.12980181
"tree_4756724",34.55249509,-15.8224871
"tree_185899",30.73525173,-28.29243722
"tree_227626",30.06221698,-30.94546986
"tree_3209879",24.23976145,-14.64850162
"tree_404150",31.52508342,-2.486574055
"tree_4900284",34.00494445,-10.47486394
"tree_3091146",30.69552453,-11.92299061
"tree_1983787",39.40669626,-6.05775612
"tree_4268175",31.42924209,-17.54338526
"tree_3926830",30.37135713,-14.4756894
"tree_4042685",26.13743884,-16.23960003
"tree_4762817",32.915883,-13.67653256
"tree_4603085",31.84013043,-17.46306409
"tree_4012711",30.3521559,-13.29827658
"tree_2088703",25.8226467,-17.55574942
"tree_198433",30.47229401,-28.97737579
"tree_3708602",26.21199013,-15.62840188
"tree_257630",30.28632151,-25.5915364
"tree_522582",32.62595446,-7.791918164
"tree_109537",30.35158767,-25.90407681
"tree_974606",39.08442194,-10.78841171
"tree_3122154",32.66324588,-13.22201203
"tree_3693207",32.07395715,-9.760989867
"tree_18525",28.01426583,-32.19482016
"tree_4213709",32.7519636,-18.42763933
"tree_588357",39.83209836,-5.153759812
"tree_3258886",30.61745752,-14.19605273
"tree_287819",30.67458304,-28.34075613
"tree_1253005",39.27670477,-7.297100081
"tree_4521972",30.86176904,-17.35813273
"tree_1318901",35.03259991,-8.471988782
"tree_306140",35.2219079,-8.758206201
"tree_1126041",37.51118239,-4.072894661
"tree_580456",29.900911,-5.14149979
"tree_2534104",29.97146654,-12.46576701
"tree_371",28.26027598,-30.94546986
"tree_5547",26.02445925,-33.12640152
"tree_4392300",30.4978471,-21.6939435
"tree_1209772",31.8712466,-5.751976755
"tree_99882",28.17463668,-32.38854654
"tree_81329",20.8605898,-34.04986963
"tree_161164",29.23620341,-28.51771512
"tree_3143754",29.87699284,-12.40419646
"tree_3092678",26.60097298,-12.55266893
"tree_3002026",28.57356225,-15.36400009
"tree_180403",30.7292119,-26.59640745
"tree_218565",30.93736047,-25.96204147
"tree_460558",35.35009645,-10.35282035
"tree_1402643",37.62972525,-8.661568382
"tree_4769923",34.88468542,-13.69248861
"tree_4907340",34.01305765,-14.46144439
"tree_4192589",32.74177703,-18.77055935
"tree_3617531",28.26715374,-15.71809837
"tree_3722568",26.52723301,-15.47884765
"tree_141500",27.05546626,-32.57668378
"tree_785151",37.22640908,-9.1228517
"tree_5046004",22.97869307,-19.2826822
"tree_3337552",28.16384567,-13.6280351
"tree_3260352",27.40454033,-16.5952308
"tree_2613488",29.49287791,-9.984645116
"tree_1705561",32.16332179,-5.698158865
"tree_4751517",33.80157365,-11.75261062
"tree_1238685",32.31783317,-5.937319436
"tree_1800947",39.12246383,-7.543201988
"tree_3048429",23.5026322,-13.66364325
"tree_4240067",29.5103809,-20.43098097
"tree_2948425",22.74242539,-16.26637375
"tree_4332867",30.03782884,-17.19487612
"tree_4027632",32.83028764,-13.36525596
"tree_2174264",25.91459629,-13.50291076
"tree_67085",27.9828948,-31.42469248
"tree_4573401",32.21586158,-21.1448568
"tree_265490",31.86920619,-28.7452467
"tree_3894899",28.98949895,-10.44989491
"tree_4282974",30.4120275,-20.36823851
"tree_202280",18.84473084,-32.63509918
"tree_2434917",29.89880833,-13.26735608
"tree_4860933",35.58638679,-15.91687123
"tree_1207033",33.72925946,-7.364349907
"tree_2438928",30.24479122,-14.4092509
"tree_3297980",29.18448618,-8.500010573
"tree_1872705",30.91100436,-4.740434815
"tree_1093753",32.5276946,-7.358941073
"tree_858441",31.40230367,-4.077311875
"tree_3578209",26.13770928,-14.4109637
"tree_2461341",26.88205027,-17.42215124
"tree_3971959",28.75574865,-9.636857147
"tree_3274014",30.59807599,-12.89811307
"tree_1170985",35.16096875,-4.749810125
"tree_497257",34.4547598,-6.140962003
"tree_1573159",32.32026713,-5.904595996
"tree_4306032",30.94587585,-17.475865
"tree_863512",35.03133785,-9.513008862
"tree_356844",37.83751331,-7.782272412
"tree_255528",28.45724637,-31.52547707
"tree_4260750",30.92487169,-18.26294036
"tree_3010207",25.41779804,-14.79463026
"tree_679905",37.45934806,-11.36048596
"tree_83251",25.76258328,-32.72407449
"tree_4969600",34.84826618,-14.49777372
"tree_1255194",39.3244825,-9.56718734
"tree_220663",29.63474166,-30.51591837
"tree_4668137",33.05759351,-13.24436679
"tree_196738",26.53811475,-24.78399762
"tree_2607468",23.85663814,-13.06966323
"tree_154261",27.81089503,-25.6467065
"tree_201284",20.96912634,-33.9793745
"tree_3159785",26.41058323,-15.83952667
"tree_3120255",25.8765544,-17.86991247
"tree_4005125",26.1858476,-12.2830386
"tree_1817457",34.99392699,-10.02820022
"tree_137747",24.30085567,-33.30885949
"tree_1961049",35.6457775,-8.359034317
"tree_4333799",31.16844788,-17.7626233
"tree_4270379",30.95200582,-19.117536
"tree_216644",30.49456022,-27.4569528
"tree_4271675",32.96975786,-19.92246051
"tree_5019035",29.18934738,-22.1979531
"tree_291785",28.98271108,-30.16019744
"tree_1471206",36.2658964,-9.299540248
"tree_1974162",38.96993568,-6.783170788
"tree_1106088",37.43212377,-4.711497557
"tree_4980133",34.74793298,-16.2535711
"tree_86259",30.40919136,-26.50725185
"tree_300824",34.20451267,-6.145739805
"tree_120518",27.14975964,-32.62572387
"tree_4210",27.0812482,-25.12745852
"tree_1484254",39.27517228,-8.922274139
"tree_4191939",30.95056348,-16.65786914
"tree_4296236",31.57879535,-19.13123837
"tree_591691",30.0792211,-4.4799995
"tree_2658511",25.37939556,-14.78904113
"tree_244614",25.93052646,-27.47164679
"tree_4191546",31.09524882,-19.19497246
"tree_3607240",27.82642671,-13.50570533
"tree_3912407",25.91459629,-12.82202882
"tree_3402563",25.2622049,-14.58882416
"tree_1300476",33.80245855,-2.075142149
"tree_1396499",38.49179778,-8.126454493
"tree_4959328",33.67681071,-14.48866885
"tree_3319553",26.21739893,-15.86855407
"tree_949190",38.18250458,-5.693200768
"tree_260071",28.36971399,-31.48265714
"tree_209582",28.23674771,-31.43460867
"tree_2670076",23.39752119,-16.79580836
"tree_2265820",26.01952701,-14.23670912
"tree_4671278",33.97744973,-12.28429891
"tree_4177756",29.93578285,-17.48587134
"tree_3568804",24.92848195,-14.35624434
"tree_3181608",30.25497779,-12.51066033
"tree_64828",27.11153747,-25.61876086
"tree_3430275",26.38615348,-15.45567981
"tree_907684",37.3272832,-5.079658798
"tree_2497891",29.27832885,-11.49479132
"tree_3604802",24.95173979,-11.42555826
"tree_2277238",29.89096557,-9.424290005
"tree_4724125",34.73341937,-15.93868686
"tree_4343456",29.98067588,-18.12528556
"tree_1929194",35.69797242,-8.478299087
"tree_1613604",37.28193943,-9.21164671
"tree_2405085",26.96814034,-14.41565135
"tree_73428",31.34734735,-27.33967127
"tree_3355035",24.99014227,-13.59386931
"tree_165522",23.51811247,-28.35220482
"tree_4495076",29.51092178,-19.98069561
"tree_4070697",29.0529622,-15.26808345
"tree_3603764",27.65496776,-15.00999196
"tree_2850329",24.44899186,-11.55591114
"tree_970806",34.78451629,-9.28295316
"tree_3450458",24.2856461,-11.6705784
"tree_2193346",24.47837967,-14.85547963
"tree_125835",31.24854664,-28.64013504
"tree_3287873",24.53526221,-14.26131931
"tree_3969567",31.78864296,-13.1841502
"tree_3529405",32.54695668,-9.730339812
"tree_4378045",29.00934593,-16.4338533
"tree_1491065",34.3264811,-9.221653052
"tree_47951",29.03833155,-30.49996231
"tree_3742370",30.66559584,-10.15583468
"tree_3444659",26.21974275,-17.58252314
"tree_3182595",31.36125763,-10.6543488
"tree_1123117",31.57962215,-7.507052954
"tree_4390449",32.79793838,-18.21011409
"tree_4168188",32.81118993,-18.38013175
"tree_3114854",30.15572632,-10.1438451
"tree_274743",28.94935683,-31.89688361
"tree_1012547",38.42842468,-5.525526941
"tree_989950",37.60971269,-8.953645371
"tree_354460",36.11742484,-10.35642624
"tree_4883390",35.69573466,-14.62821674
"tree_2644504",27.15988229,-16.44693863
"tree_788742",31.22390342,-2.422299088
"tree_2943400",22.75053859,-15.43990405
"tree_4478455",31.32106613,-16.88693322
"tree_3370649",33.29012577,-10.58457486
"tree_4232871",30.05666949,-17.57601856
"tree_87533",26.36818835,-33.68405222
"tree_135771",29.51655943,-29.88858387
"tree_4437494",29.64758408,-20.82925138
"tree_216379",29.83072043,-24.0504697
"tree_2333094",25.40067017,-12.13339422
"tree_3096312",33.00751598,-10.58331279
"tree_429204",34.66813695,-5.788306084
"tree_743257",31.09228929,-2.623958416
"tree_2071599",30.05025472,-9.769644
"tree_280552",27.96405415,-32.5778557
"tree_630280",39.82515707,-10.05686703
"tree_1516042",38.22171838,-4.920188368
"tree_4435069",31.10940184,-19.25113417
"tree_3546288",25.6281102,-12.1826146
"tree_2934407",25.37092177,-15.28854687
"tree_15562",20.74970944,-34.24711174
"tree_1397735",30.46919556,-2.699141196
"tree_3134282",32.04745403,-13.31495381
"tree_2926722",28.84986177,-11.99826354
"tree_1122275",31.02161431,-6.767124583
"tree_209352",23.2859849,-33.44885812
"tree_2759253",23.71303451,-16.90497665
"tree_3299625",29.14049461,-8.816517458
"tree_3071787",23.1473642,-13.68717168
"tree_5920",30.20816438,-25.3484995
"tree_4328860",31.92667119,-17.72133587
"tree_3218466",31.81036831,-9.879984195
"tree_1446945",34.55500289,-7.662556906
"tree_1774955",36.54850618,-8.849525333
"tree_4529762",30.18503829,-16.99565076
"tree_4955822",34.80211111,-15.33433991
"tree_2647126",25.35442493,-15.58341842
"tree_29350",30.95917596,-29.65429125
"tree_703440",34.55545362,-6.735212468
"tree_1654697",33.82193023,-6.931102374
"tree_4276508",30.86456359,-17.81599045
"tree_304133",39.00238848,-5.2335401
"tree_4522743",30.58700211,-17.46973499
"tree_4455862",31.79911371,-16.67625917
"tree_2155395",30.45564426,-10.59232752
"tree_2612283",24.44448452,-13.51192549
"tree_4757192",33.40700185,-10.94489154
"tree_676610",33.97608102,-9.11735272
"tree_53322",22.02005576,-33.34870456
"tree_345868",34.53174505,-8.046674204
"tree_2394855",25.02043155,-14.70511407
"tree_2017993",27.37560325,-12.21885378
"tree_3395681",26.57780529,-15.51553757
"tree_93308",30.45696908,-25.80464443
"tree_2760140",26.16448284,-12.58223722
"tree_2147974",28.91026003,-11.81535483
"tree_149219",31.63275158,-28.61444308
"tree_291480",19.56581374,-34.13532919
"tree_1750127",36.33224434,-4.226775963
"tree_4292116",30.88755098,-18.4903818
"tree_102941",28.62753335,-32.42730984
"tree_3787988",25.14889054,-13.80391233
"tree_4569119",30.76990963,-18.69501598
"tree_1178790",34.6707512,-2.634776082
"tree_129400",28.05176682,-32.41928674
"tree_4133546",31.53804907,-19.10383362
"tree_4764965",34.95418847,-15.78381394
"tree_289961",30.7425536,-27.26701261
"tree_4937950",33.39176707,-10.97301747
"tree_3903296",29.599882,-14.04406452
"tree_129825",31.03300605,-28.50590583
"tree_3967210",24.82535417,-14.18992272
"tree_185017",30.33022292,-29.46245797
"tree_5034958",23.44871777,-19.85701013
"tree_281420",32.67664957,-27.06571387
"tree_1223897",32.11833861,-6.534274318
"tree_3737347",27.38371645,-14.47586969
"tree_2373884",22.53274425,-15.96582292
"tree_413312",38.47259654,-6.084529844
"tree_22321",25.61925014,-32.88345477
"tree_4101550",25.96300505,-16.5158111
"tree_2674326",30.2169359,-12.18874461
"tree_685451",34.83671121,-5.6581335
"tree_3461048",27.22010026,-15.22228866
"tree_141642",30.36411805,-26.86729984
"tree_785702",34.01817952,-7.291781396
"tree_2650361",26.92171481,-12.86629111
"tree_5046242",23.12851683,-19.73531139
"tree_417949",35.17394987,-8.927502677
"tree_1618254",32.07605982,-6.287992116
"tree_1425510",30.9110945,-4.803537868
"tree_119170",29.60778782,-30.74957996
"tree_4161023",31.61845986,-17.18559095
"tree_3605955",28.52461261,-15.7511824
"tree_4574160",30.1299587,-18.00223461
"tree_2247826",29.53055921,-9.23453011
"tree_3799100",24.17368395,-11.51904092
"tree_26930",27.06817694,-32.61788106
"tree_1388921",35.61107104,-2.141310208
"tree_371447",31.68887991,-1.273643229
"tree_4337746",31.49820426,-18.89568369
"tree_2979858",28.71473192,-14.62515349
"tree_186616",32.44605448,-27.5816264
"tree_2969534",25.27761998,-15.81149088
"tree_3782450",25.73511429,-15.30928073
"tree_871303",34.40635104,-1.637026667
"tree_1469825",31.33622616,-1.983913164
"tree_963180",32.7125854,-6.151599375
"tree_1200561",36.55481645,-6.83789015
"tree_4212195",31.167907,-17.32207384
"tree_2181126",25.05261391,-11.45593787
"tree_3755945",31.43049027,-9.11138901
"tree_400182",31.02513003,-2.299608724
"tree_4584273",31.31015839,-20.09022448
"tree_683569",38.69093176,-9.038383756
"tree_112014",25.01923417,-33.47067375
"tree_3263",28.10215879,-31.02137382
"tree_4310901",30.29384527,-21.01324186
"tree_1947031",34.44917071,-5.978697009
"tree_872881",32.07614997,-6.140240825
"tree_4470274",31.60619992,-17.92903507
"tree_277454",29.10242581,-28.55269224
"tree_969572",31.65462417,-1.195756032
"tree_2754830",30.36793156,-10.82535808
"tree_4582161",30.35884099,-19.16558446
"tree_4260708",31.28239322,-17.53040406
"tree_1515675",37.23884932,-7.171885595
"tree_4498609",30.2768977,-18.94580554
"tree_2695921",26.83436269,-14.75532607
"tree_4442863",29.63388179,-21.63363501
"tree_3624842",26.50000872,-15.54546644
"tree_1777462",32.3331581,-7.175491484
"tree_1495226",36.11300766,-11.37445878
"tree_3155733",29.55742292,-8.452322694
"tree_4749933",35.05073551,-16.25501345
"tree_3935605",31.09685747,-12.04874598
"tree_3149883",24.9272199,-14.23373426
"tree_1006360",38.90421876,-9.105182845
"tree_3411582",22.87232673,-13.96554629
"tree_3417809",28.77143417,-13.56754632
"tree_4683648",33.6021693,-10.08867326
"tree_264665",27.02697993,-25.66257241
"tree_4202440",32.65721949,-20.09968994
"tree_4862196",33.27619909,-13.01458153
"tree_5045310",22.39147772,-19.19109263
"tree_1054389",39.11543239,-7.079755137
"tree_4623360",33.94256298,-10.46251377
"tree_235406",29.73994278,-27.93951086
"tree_2100171",29.09920744,-14.18956213
"tree_30913",30.39738216,-28.32660301
"tree_4837350",34.42962523,-16.04839603
"tree_2635285",29.20981739,-14.37796981
"tree_79875",30.60814498,-27.74623522
"tree_271448",29.44299978,-26.92968172
"tree_4615249",32.88195504,-18.18288963
"tree_339801",34.18495084,-6.488930267
"tree_63766",27.09504063,-25.95978779
"tree_4963659",34.22553326,-12.90595413
"tree_4001348",24.22822268,-13.61225934
"tree_2939563",29.05377352,-9.565730991
"tree_5022604",26.51938353,-23.2432101
"tree_1269313",37.09118909,-10.00205752
"tree_60176",30.60210515,-29.88263415
"tree_182085",24.25866704,-33.87858991
"tree_8251",30.08033646,-30.84657836
"tree_4301595",29.85897792,-17.0283742
"tree_4966441",35.65111207,-15.93201597
"tree_736274",32.23273472,-2.289962971
"tree_4970793",33.22346331,-13.19307302
"tree_3313274",22.74269583,-14.68438021
"tree_1801696",37.53885741,-7.179457961
"tree_1635989",31.39995985,-2.218476227
"tree_1477399",35.82246496,-4.387147865
"tree_4238430",30.61846329,-16.4775747
"tree_1029131",38.40913329,-7.631906851
"tree_2122162",26.84031237,-15.25951947
"tree_3838600",25.01682568,-14.67374284
"tree_1956244",29.88955253,-6.276363125
"tree_3310220",23.36858411,-15.0850846
"tree_4308541",30.37650973,-17.92813359
"tree_335773",30.0929234,-4.449169151
"tree_3317693",22.89901014,-16.26898802
"tree_3263712",23.35587343,-15.89307412
"tree_1580134",38.43275172,-8.053795834
"tree_4256241",30.56428516,-17.72908853
"tree_2418083",28.38145971,-13.49813296
"tree_1939673",33.73908545,-7.141415835
"tree_270851",30.67737759,-26.12944486
"tree_72469",27.54613437,-32.68008264
"tree_1608566",32.69825209,-6.604138412
"tree_3646347",28.64099195,-13.45008449
"tree_4616731",34.03676621,-12.5681725
"tree_4146775",30.95020289,-18.6635546
"tree_555751",31.64858435,-7.85817637
"tree_322802",29.82527796,-5.481985835
"tree_2442",27.58111127,-32.64041787
"tree_1936040",38.28518163,-6.143395978
"tree_1295182",35.46918019,-10.28196464
"tree_175786",30.85812158,-27.83521053
"tree_118737",18.90044146,-34.17246985
"tree_2538177",28.27391474,-14.31243279
"tree_2950484",27.31673748,-12.13700011
"tree_243892",29.2108722,-31.22573756
"tree_1928512",36.53345169,-11.67338696
"tree_201889",31.85550391,-28.22753122
"tree_3706992",26.12626066,-12.11401257
"tree_1770752",40.16816512,-10.29647834
"tree_4046149",31.73590716,-10.27419798
"tree_3504006",29.54876884,-14.25717254
"tree_4873412",33.91164269,-13.58368092
"tree_3669350",29.71067225,-13.59981902
"tree_1266087",31.28367066,-5.151325837
"tree_1212363",37.97868298,-7.415733821
"tree_1042710",37.23452228,-10.67275283
"tree_81497",30.45868186,-27.72946784
"tree_4889657",33.09635656,-13.24580915
"tree_103079",28.55785001,-30.21374489
"tree_122908",27.55677168,-25.76723333
"tree_4316063",31.97291641,-21.09933245
"tree_4459701",32.57067872,-20.28205777
"tree_3432582",23.33982732,-16.34110579
"tree_7946",27.28624164,-31.62671239
"tree_1441510",31.22669797,-5.408786293
"tree_1878575",35.48594747,-8.047936265
"tree_4719786",33.86359453,-11.32603398
"tree_4719080",33.85647295,-12.59242211
"tree_3919165",26.70346974,-15.08499445
"tree_4167994",30.66533954,-20.63732795
"tree_3854039",31.41110874,-11.79732539
"tree_254270",25.20006831,-33.83649116
"tree_1508897",37.74538342,-8.962479798
"tree_1601613",38.43978316,-7.774519751
"tree_378576",31.33956159,-6.427089275
"tree_2656",31.37195738,-27.62660986
"tree_907641",39.62277781,-10.03766567
"tree_2642751",25.02584035,-17.11916644
"tree_1132860",38.26291541,-9.586208404
"tree_463834",36.12310408,-10.43674741
"tree_226803",23.33574584,-33.98045627
"tree_1161763",37.80938755,-7.094088545
"tree_1882948",32.87566072,-7.514174584
"tree_4902138",34.82167292,-16.24500711
"tree_137134",25.49124193,-33.25549234
"tree_4690007",32.99043427,-13.06704721
"tree_2261178",26.82498744,-14.75253151
"tree_2367791",26.01907628,-12.84339371
"tree_2093684",32.12921705,-9.158626152
"tree_4379156",32.69481063,-18.25311432
"tree_4491426",29.46269334,-16.11031493
"tree_4680747",33.30558689,-12.9784325
"tree_3723594",27.05540231,-15.12799467
"tree_746602",36.0901104,-11.26538064
"tree_4208621",31.70788532,-18.80445471
"tree_2927300",26.45105908,-16.07661385
"tree_214655",26.03735021,-32.66737188
"tree_129376",29.89887129,-30.33832834
"tree_4066704",30.52181191,-10.96851186
"tree_4598750",32.07234815,-18.29548351
"tree_269179",19.82624736,-34.61905917
"tree_3359371",29.69507687,-13.81806544
"tree_61411",31.99333811,-28.38375635
"tree_3772682",28.10552078,-12.9976356
"tree_78650",32.04931916,-27.47173694
"tree_4234226",30.56816147,-18.79598087
"tree_1454673",31.32820311,-3.779104875
"tree_2514039",28.02375775,-13.42619548
"tree_1073131",38.92954997,-7.486228946
"tree_3330302",24.79858061,-13.07777648
"tree_8872",28.63871154,-30.16308215
"tree_2435409",24.02719562,-14.39194263
"tree_2997113",26.44015134,-14.17504843
"tree_716309",35.17295826,-9.796521865
"tree_4073692",24.22173212,-13.58169943
"tree_260365",30.44885588,-27.10637026
"tree_1704530",34.97364399,-10.84763843
"tree_4101473",26.58700025,-12.46198083
"tree_77780",29.67431603,-24.1980407
"tree_82433",26.42173545,-25.62732485
"tree_139244",27.59959132,-32.52584075
"tree_1650542",34.64551014,-9.277273885
"tree_2941728",27.86843505,-15.18478742
"tree_86013",30.39702157,-28.3286764
"tree_200709",27.06051447,-27.87325265
"tree_3200169",23.64812891,-15.06254779
"tree_4769961",34.14368012,-12.41266855
"tree_4973442",33.00765228,-13.25302092
"tree_2982576",26.52047201,-15.34687212
"tree_285755",30.00073698,-30.21203209
"tree_4259090",30.58880505,-17.18180477
"tree_2883394",22.90730364,-16.52067905
"tree_3022816",27.93090669,-13.51922741
"tree_4750005",33.43756156,-14.31720884
"tree_2663761",31.0379917,-14.27357934
"tree_2004413",38.6345901,-5.332521746
"tree_2500831",29.13238141,-8.768018254
"tree_4886752",34.19704692,-13.06407235
"tree_4332422",31.77459383,-17.94084435
"tree_2897618",32.86887042,-10.96337347
"tree_4588040",30.89890946,-18.03045069
"tree_3463021",27.43140403,-13.13096334
"tree_4665779",34.03514357,-11.11662199
"tree_1910501",39.41598136,-6.95066432
"tree_349203",32.33694426,-6.892429217
"tree_407749",38.98517047,-10.49930958
"tree_121116",30.25026285,-29.67953247
"tree_4288161",30.42978639,-18.42304182
"tree_4298368",31.90025823,-17.60414449
"tree_4065614",29.69552761,-8.492348059
"tree_4595164",31.24363017,-16.13339262
"tree_1868363",35.03187873,-10.35840948
"tree_4105886",22.81625551,-13.29476084
"tree_3289047",26.94515294,-12.88341908
"tree_4312550",30.29745114,-19.48659871
"tree_70353",18.96606821,-34.0005591
"tree_3478189",30.43527112,-10.41239367
"tree_4667160",33.88829471,-14.24491077
"tree_3738829",25.77622117,-16.94734584
"tree_2682171",25.11968302,-13.8015685
"tree_1056386",38.00752991,-4.200452975
"tree_554372",31.735035,-7.412398374
"tree_1043531",36.56292965,-6.881160815
"tree_3301220",28.50919753,-14.04848173
"tree_2529059",28.38822071,-14.53194126
"tree_3982754",26.53949296,-15.80716382
"tree_4312619",32.84472448,-19.49777696
"tree_2897578",29.07387622,-10.72682717
"tree_4041290",27.2391212,-16.82032841
"tree_1713531",39.02339265,-8.081561178
"tree_4666820",33.97835119,-10.76432666
"tree_499399",39.52280516,-6.254547498
"tree_3703524",30.13102613,-13.00133164
"tree_529545",30.89495825,-4.999427774
"tree_2166989",24.68679875,-13.34515313
"tree_251036",26.95251881,-28.32182521
"tree_1130717",34.44790866,-6.558974656
"tree_101419",26.7988188,-24.61407011
"tree_1277382",29.91686696,-5.097507947
"tree_4003437",29.62512306,-14.17649078
"tree_767944",32.2440932,-6.048651251
"tree_2654224",25.03936235,-16.59937758
"tree_2182139",28.83156199,-11.00538207
"tree_2239867",30.39777011,-12.89775249
"tree_151420",28.6490784,-31.06212036
"tree_4222783",30.8802491,-19.36480982
"tree_81818",31.16984863,-27.79680781
"tree_210177",28.63492538,-24.66085652
"tree_64852",26.19582799,-28.24853552
"tree_813121",35.93118184,-3.561128901
"tree_3183076",23.94921876,-14.55411748
"tree_18976",26.29066225,-32.70865931
"tree_3812203",32.40371364,-10.44033931
"tree_3215209",25.11914214,-17.01279272
"tree_27558",23.20070619,-33.78600872
"tree_3488232",30.14878503,-10.66760044
"tree_2369202",32.08170976,-9.666876171
"tree_3607839",27.42365142,-16.5644906
"tree_4417511",26.47009564,-18.34677728
"tree_1820131",37.33079892,-8.100041358
"tree_2852794",29.22802702,-12.35506623
"tree_4506476",30.89485286,-16.68590492
"tree_1940948",37.99824481,-7.908208076
"tree_2331479",32.1548187,-9.103546202
"tree_2725888",28.55300881,-13.65120294
"tree_250155",26.30589703,-25.46722339
"tree_1950769",39.42373398,-6.996278813
"tree_4650967",34.62479268,-16.06462253
"tree_4886808",32.96005485,-13.36705716
"tree_3103119",25.58051276,-16.98079046
"tree_1914327",37.02024367,-8.365434769
"tree_4824855",33.8136533,-10.24652104
"tree_258647",29.61860541,-29.24628494
"tree_62825",31.28721955,-27.33453287
"tree_4788868",34.12655226,-13.43638037
"tree_2620824",27.92180188,-16.08391578
"tree_9279",30.03751681,-26.15117034
"tree_155489",19.01285431,-33.88895684
"tree_190413",24.8029724,-33.69613194
"tree_3125741",24.87520528,-12.3756198
"tree_4938425",35.10265997,-16.43738127
"tree_4094339",31.06656819,-9.805342298
"tree_914444",32.2522064,-7.076329543
"tree_2894797",32.44139494,-11.84050591
"tree_2913880",27.35189468,-12.00935165
"tree_385802",31.32594944,-6.773615183
"tree_2983033",28.93910696,-14.18117844
"tree_3227667",29.86527377,-13.88910145
"tree_944527",34.73132976,-10.47307674
"tree_4006118",28.63855799,-13.44882243
"tree_4373022",32.68282113,-20.37680249
"tree_3142200",28.92621599,-14.56421397
"tree_756091",39.1720445,-8.143762759
"tree_729652",31.60260955,-2.176107034
"tree_4758779",33.7546974,-13.6201004
"tree_245014",32.58226604,-27.08725905
"tree_4297216",30.48089953,-17.69834833
"tree_3791312",28.98246751,-15.92597785
"tree_2765090",26.19278889,-12.13672967
"tree_922803",30.7329647,-4.81967422
"tree_1951137",31.04144658,-4.394990673
"tree_3739432",28.94127048,-13.80400247
"tree_4673720",33.0871616,-13.52021728
"tree_959815",30.74747831,-1.064050945
"tree_13913",26.91240356,-33.5161981
"tree_2267234",28.50973841,-14.21840924
"tree_4204259",30.81065591,-20.80563281
"tree_139454",30.73290791,-27.04768442
"tree_34971",30.36637171,-25.88794046
"tree_3018461",29.30969989,-8.694367976
"tree_4430335",30.80659931,-18.11077186
"tree_2783846",26.60232518,-12.36858831
"tree_4362566",30.43411343,-21.20931206
"tree_871783",32.57763585,-3.503434681
"tree_1385329",34.32431758,-6.990419244
"tree_219165",30.88264147,-25.50418375
"tree_1425515",32.06533237,-2.841123066
"tree_229251",28.02382137,-26.30919841
"tree_2792430",23.86357943,-14.34055872
"tree_3030278",23.95751225,-14.24193766
"tree_3245022",26.40400252,-15.64390721
"tree_232682",32.23790591,-27.62300397
"tree_3646762",28.58320794,-13.17198032
"tree_2968171",25.20577309,-11.70357228
"tree_289137",24.94306026,-26.87379044
"tree_160417",30.58362509,-27.14170797
"tree_3458952",29.03466243,-13.81536102
"tree_4212777",31.28194249,-19.41754594
"tree_3404554",27.29510228,-14.17585975
"tree_4934415",35.65093178,-14.41943579
"tree_289069",23.30158027,-33.74084496
"tree_3445762",25.76278931,-14.26330255
"tree_1032526",35.44294751,-7.935612831
"tree_2691130",27.98634689,-16.1498134
"tree_4393728",31.67822708,-17.57033928
"tree_2686887",28.06774932,-13.46676173
"tree_893782",34.82048481,-9.343982827
"tree_2744768",29.1555491,-9.496858516
"tree_2737774",26.94226824,-13.09427342
"tree_4254712",30.06352063,-16.62983335
"tree_245342",29.72407697,-24.22950208
"tree_1319479",36.45141823,-7.732060411
"tree_263290",19.34540523,-32.69117075
"tree_1713506",31.08318448,-6.673371476
"tree_5036425",28.70219481,-22.06011801
"tree_4468487",31.29609551,-17.2083982
"tree_666990",38.94947239,-8.920471194
"tree_4598120",33.03060683,-19.86873277
"tree_1064247",37.50586374,-4.18053044
"tree_2647381",29.33683404,-15.23346692
"tree_3782687",30.56210747,-13.1436741
"tree_1837039",32.04441834,-2.880877989
"tree_128954",30.92492024,-28.69773911
"tree_2160726",25.76873899,-13.31513411
"tree_1114595",37.37118462,-9.092201646
"tree_661227",35.09795624,-8.351552098
"tree_4056042",30.36910347,-12.18820373
"tree_153215",29.42280693,-29.8422482
"tree_4470867",31.97589125,-18.7509974
"tree_3847143",30.02086691,-12.8452868
"tree_2829149",27.02457215,-16.53122628
"tree_5047318",25.1239132,-25.59452001
"tree_4137112",31.69364215,-21.13746472
"tree_4426248",30.79902699,-16.9086587
"tree_4461847",31.76287477,-18.61866129
"tree_161827",27.69722013,-25.62299778
"tree_1249497",35.49550302,-10.89974353
"tree_4769053",35.53779776,-15.99980668
"tree_619137",33.76558857,-6.948590934
"tree_4887955",33.81897195,-12.02350301
"tree_3031043",27.92558804,-13.10202608
"tree_4424694",31.5303866,-19.83357535
"tree_64728",21.22802747,-34.39522362
"tree_1954615",37.79379218,-10.09112297
"tree_3397172",31.579683,-10.38949627
"tree_9380",28.14479815,-26.65978094
"tree_4321308",25.85187004,-18.20470526
"tree_1044611",32.53535707,-7.278439607
"tree_224834",30.78284915,-25.88848134
"tree_4593481",32.96137422,-19.75496698
"tree_3386752",26.73384916,-15.85241772
"tree_3027260",31.99534926,-9.934342968
"tree_2870400",27.21397029,-14.87269775
"tree_1265385",38.38506413,-8.555194664
"tree_3511227",30.75312825,-11.76072562
"tree_2481443",26.18332349,-12.26122297
"tree_4464601",29.31854887,-18.43863729
"tree_1906902",37.04800884,-9.284395516
"tree_2353812",26.95930596,-16.81347722
"tree_438814",30.54879507,-4.155739955
"tree_1394116",38.34440799,-7.631095526
"tree_1724859",31.18297684,-4.282486944
"tree_4410643",32.70012928,-20.35480657
"tree_4438994",32.06901272,-18.57656254
"tree_221881",25.25027998,-33.83126262
"tree_24834",30.34617887,-26.92012611
"tree_175715",31.63581657,-29.0010845
"tree_3070593",30.44473652,-12.18513872
"tree_232245",31.41135146,-28.60975543
"tree_4319734",30.76098511,-19.74838623
"tree_4315233",30.42762287,-18.18811817
"tree_1832167",38.00987373,-10.79499246
"tree_3112456",28.79279893,-11.90739514
"tree_2630777",26.9987902,-16.59910713
"tree_1057583",39.50702949,-9.980512338
"tree_3879130",24.0169189,-12.18567961
"tree_1820726",39.1921472,-5.961298596
"tree_95127",30.63284515,-25.7245937
"tree_403844",36.71861293,-11.55457292
"tree_1547370",35.23615107,-8.029906822
"tree_4202624",29.4985717,-16.65597604
"tree_3959231",30.67379919,-8.977610537
"tree_2098030",29.30185713,-12.3624583
"tree_140797",22.85562488,-29.64428491
"tree_258130",31.99649324,-25.59874818
"tree_4414609",31.15294266,-19.06434914
"tree_2567481",25.95155643,-16.20372143
"tree_4494922",31.33548959,-20.05263309
"tree_54895",28.21601399,-32.4060351
"tree_1886020",38.24813135,-8.708444936
"tree_1178240",35.3743459,-8.240220283
"tree_3686843",26.950111,-13.00223311
"tree_3159480",30.00139523,-8.547698452
"tree_2279159",28.52154762,-12.80426982
"tree_4401673",30.61900417,-16.69654229
"tree_3330697",23.84230482,-14.3737329
"tree_535522",33.52904373,-6.354160175
"tree_3492399",27.77982088,-13.21921747
"tree_1277843",35.42158276,-9.020534607
"tree_4467700",30.21965459,-17.04883762
"tree_3965944",24.52525593,-15.29161188
"tree_1844365",39.21901091,-7.18531753
"tree_268443",27.73499156,-32.91266247
"tree_3269232",29.51207915,-12.41564516
"tree_3503268",26.69139008,-14.68248712
"tree_4530567",31.31124015,-16.34217358
"tree_1487815",31.54518613,-1.42463982
"tree_1088942",33.94200559,-7.115814025
"tree_4933519",35.60369495,-15.98844813
"tree_2607514",27.46602035,-12.72998851
"tree_1261592",34.43366548,-9.850880637
"tree_128048",28.43525059,-32.4432659
"tree_3220474",29.32159925,-13.49443693
"tree_40752",27.77375462,-32.61625841
"tree_1817734",31.05956606,-6.752520734
"tree_3029055",31.08504826,-12.46107936
"tree_429725",31.4974084,-4.405087161
"tree_3350539",27.65262394,-14.05253836
"tree_3649517",23.81066334,-13.15999074
"tree_3027156",30.05169707,-13.78453067
"tree_1136875",31.03216147,-3.579428786
"tree_88100",30.455076,-27.32678021
"tree_3011797",27.22911492,-13.56258822
"tree_1384951",31.22137932,-6.803634207
"tree_4401306",27.94958214,-18.59828802
"tree_553691",38.24813135,-7.728093934
"tree_4345929",31.51884784,-17.23057442
"tree_22409",32.77770394,-27.09438068
"tree_4782899",35.10707716,-16.42773552
"tree_1462436",38.72266338,-8.640473933
"tree_4513671",30.26887465,-18.90091223
"tree_4336381",32.82930941,-18.33965565
"tree_4701736",34.67563538,-16.14764811
"tree_1179056",30.26194839,-4.778116352
"tree_1229773",34.10526119,-9.494077946
"tree_3332138",24.12139889,-14.42015871
"tree_189203",27.73381966,-26.13377192
"tree_233789",31.43271621,-28.29496134
"tree_248958",26.90392978,-28.06661844
"tree_3338486",26.54616381,-14.49795576
"tree_3247324",28.17150813,-13.63380453
"tree_4496004",30.0215123,-17.09373094
"tree_3294116",26.01249557,-15.46397336
"tree_248930",28.17716079,-28.19778264
"tree_4326142",29.90251875,-17.51264506
"tree_4735681",34.85376513,-16.47091604
"tree_2946155",32.22450207,-9.240930563
"tree_2816670",30.72905909,-10.74855265
"tree_4065583",27.32746493,-16.46379616
"tree_1106092",39.65045283,-10.43900109
"tree_4875441",34.94237926,-16.71593618
"tree_1702908",35.64785088,-10.78453538
"tree_1946039",32.4330406,-8.436831366
"tree_95382",32.12747629,-26.91949508
"tree_2856111",31.36910039,-10.72385231
"tree_4577373",28.38526081,-18.81373987
"tree_3400236",25.03548604,-16.27430671
"tree_2524995",27.45916921,-13.9863703
"tree_4978704",33.85998867,-14.47649898
"tree_4341194",30.90008136,-19.14313781
"tree_1934011",37.90620506,-7.289888304
"tree_4654315",33.34921786,-12.14493131
"tree_3835230",28.28518307,-14.41826562
"tree_2406892",26.13834031,-15.00629593
"tree_2588568",29.06323892,-11.17503914
"tree_3413595",22.94444406,-14.63209482
"tree_428481",34.31773687,-1.496306859
"tree_4149741",31.45862989,-21.31198974
"tree_1097136",38.03863051,-9.857551532
"tree_2961886",25.69382712,-12.6121661
"tree_1523130",30.86061237,-3.661372608
"tree_1677977",35.36424948,-6.944444162
"tree_156133",29.96467833,-28.32732419
"tree_3967983",31.51964532,-10.34307046
"tree_11510",30.54900879,-26.44595174
"tree_3164238",25.86772003,-14.08436032
"tree_7502",31.79735933,-28.69458396
"tree_2188394",24.77802717,-17.02415127
"tree_16332",27.59742781,-26.44883645
"tree_1053799",32.46053534,-3.612963551
"tree_648427",38.73059629,-8.769925339
"tree_33475",26.98596321,-33.12333652
"tree_4255789",32.66271843,-16.98501339
"tree_5025635",28.82398296,-22.18407043
"tree_1223068",30.9435473,-6.78993183
"tree_539779",31.50462013,-5.417620721
"tree_105113",24.912771,-25.97790738
"tree_4564410",29.83238467,-20.23103444
"tree_4223415",30.49874856,-17.81256486
"tree_2646254",26.59583462,-17.08328784
"tree_283925",30.60634205,-26.2559214
"tree_1578",29.70613779,-30.46002709
"tree_4185930",32.54805192,-18.36120083
"tree_1855692",34.33243078,-9.34227003
"tree_2826670",27.93270962,-13.42177827
"tree_4654605",35.33235359,-14.08390784
"tree_1960192",39.2151346,-7.081648229
"tree_3285342",27.95749996,-15.09914756
"tree_2377574",27.02060569,-12.05316319
"tree_4052124",26.05134878,-16.59270668
"tree_101340",31.19653204,-29.31182197
"tree_124384",27.54748657,-32.52728311
"tree_4925640",32.98439444,-13.34388932
"tree_5028641",22.19414667,-19.40870801
"tree_188367",29.83270366,-27.96150678
"tree_4962223",33.8911794,-12.32630752
"tree_711295",38.6100702,-5.445025475
"tree_791507",38.33268892,-8.55825967
"tree_1461620",33.40256796,-5.450885044
"tree_5041250",23.08650848,-19.81310844
"tree_3426365",33.01544889,-9.68310267
"tree_1960039",36.83463169,-9.519319167
"tree_247289",30.30606362,-24.23662371
"tree_2772525",25.02142316,-13.11626934
"tree_57625",29.98433029,-29.76237777
"tree_4989785",33.16153257,-13.18315683
"tree_4362673",31.18728853,-20.80229736
"tree_1450298",34.30493605,-6.529586662
"tree_111158",30.74985548,-26.87541309
"tree_404328",31.51020922,-1.024205875
"tree_3310960",28.88204413,-12.0936393
"tree_4276588",30.16908233,-17.89892589
"tree_1780870",31.10662261,-8.053705687
"tree_4068810",25.00204163,-11.70753876
"tree_1457609",31.58863682,-4.225153313
"tree_4338065",31.99662498,-18.20795056
"tree_4393023",30.67354288,-17.7368412
"tree_2293820",24.95192009,-14.71088349
"tree_4527355",31.08307902,-22.03947779
"tree_2063886",29.33566213,-8.465394041
"tree_786765",35.74935602,-10.3834704
"tree_175953",25.58715794,-33.661876
"tree_3943032",27.61043531,-13.02179506
"tree_1971506",35.53706063,-10.41123575
"tree_2625531",27.35072277,-13.29629334
"tree_276213",29.74589246,-30.01632248
"tree_4350183",32.0361092,-18.40375032
"tree_2776622",29.78161767,-13.5276111
"tree_2573771",25.20162634,-17.0264951
"tree_4393797",30.45277378,-16.8454655
"tree_1056915",35.0032121,-7.815356441
"tree_2874984",31.72770382,-11.23390527
"tree_2161220",29.54768708,-13.83032546
"tree_1606757",35.68508145,-4.651098921
"tree_2468710",29.44428886,-14.39672044
"tree_3710707",24.69626415,-14.67193989
"tree_4033932",25.35730963,-15.28557201
"tree_46491",30.88354293,-27.76219128
"tree_4721917",35.23806021,-16.44035613
"tree_2776170",26.45809052,-15.90614546
"tree_1388949",30.99808603,-1.168711866
"tree_2862159",29.0407924,-13.5228333
"tree_3470325",26.76044243,-16.3182084
"tree_4139382",30.0936296,-19.53816292
"tree_3094328",27.0057315,-15.0526316
"tree_184143",30.82368557,-27.22761827
"tree_4893925",33.98006398,-10.74260118
"tree_241985",25.29832814,-32.65321877
"tree_2866506",25.67174119,-12.59990608
"tree_3405606",24.90477338,-11.57511249
"tree_1430625",35.39535008,-7.607206513
"tree_913107",39.09569027,-7.560780696
"tree_4082202",27.97552929,-15.81031897
"tree_4614688",29.95146837,-18.35858656
"tree_957445",36.99193761,-7.999887798
"tree_712636",38.3469321,-7.440975042
"tree_77657",23.04141709,-29.4420847
"tree_3237586",32.94946153,-12.46919261
"tree_3557790",22.46910071,-14.18108829
"tree_2928914",27.66344154,-13.68906477
"tree_200026",21.28941732,-27.97169341
"tree_284413",29.85325709,-31.17832013
"tree_3832040",22.71565183,-15.35309228
"tree_1358931",36.89421863,-8.394011437
"tree_3775792",23.95138228,-14.42538725
"tree_4623796",34.77659961,-16.24473667
"tree_3555267",25.58474966,-17.83232108
"tree_4432801",30.16619764,-17.29674247
"tree_1443272",37.54399577,-5.052344191
"tree_2278981",25.98310776,-12.25193781
"tree_1419024",32.0213408,-5.728087742
"tree_4818243",34.01098427,-12.21587717
"tree_2725368",26.4004868,-12.31134483
"tree_2014165",36.03557167,-2.654247882
"tree_4585326",31.41337628,-20.1820845
"tree_4191237",30.15312638,-17.55239999
"tree_4153047",31.44033012,-19.10148979
"tree_710758",36.13121728,-2.433928079
"tree_871894",34.75738215,-8.047395382
"tree_2492906",24.99555107,-16.89136442
"tree_173374",25.56957935,-33.81449524
"tree_2303912",26.07289383,-13.44061904
"tree_4196150",30.16619764,-19.39392737
"tree_298810",31.30296204,-4.223260221
"tree_4888615",34.93841281,-16.45793484
"tree_918453",34.33252093,-4.577989527
"tree_2036723",33.03356837,-10.31007658
"tree_2162341",26.97165606,-14.99701076
"tree_453129",31.69618179,-3.561399342
"tree_4925156",33.7575821,-14.43917803
"tree_2242956",24.00132353,-11.68130592
"tree_765691",31.24734155,-4.975538761
"tree_4813541",33.54104989,-11.16268722
"tree_2721876",30.8260569,-11.56781057
"tree_4318027",30.95732447,-16.7076304
"tree_203064",18.93541835,-33.58651293
"tree_4868483",35.09094091,-16.56061252
"tree_4298340",31.18440384,-18.23400311
"tree_1689683",37.27689121,-8.112842263
"tree_1687662",31.03757027,-7.805800836
"tree_4411741",29.88430913,-20.13214294
"tree_4560024",31.04152143,-17.30620793
"tree_280723",29.40649039,-30.42099334
"tree_1102055",34.45935728,-2.577352304
"tree_129115",31.46543944,-28.87415722
"tree_4472291",29.90693593,-20.8416917
"tree_2008329",38.13878345,-5.533730338
"tree_1819582",38.09713569,-9.358947265
"tree_776177",30.41907402,-6.16827661
"tree_2786390",26.30709486,-14.57241737
"tree_1248737",33.74512528,-4.663539237
"tree_57391",27.63285543,-31.98270376
"tree_3890032",30.69741761,-14.17045092
"tree_4064384",25.0313393,-13.3687717
"tree_4719384",34.53437561,-16.24933418
"tree_230939",29.8451439,-28.19246395
"tree_2492587",29.80929269,-12.25987077
"tree_2448708",27.29735595,-13.29854702
"tree_279939",28.47653775,-30.20725429
"tree_1506473",32.5748413,-5.925870739
"tree_3479446",23.19946897,-13.27276491
"tree_5026734",25.83652256,-18.84943467
"tree_4553335",29.33459497,-16.16800915
"tree_2204333",29.99400321,-10.01998283
"tree_22185",26.74112496,-32.77428649
"tree_4958215",35.13105616,-16.65923358
"tree_4841316",33.76488397,-14.46946749
"tree_4334933",32.76593633,-20.23202606
"tree_4241506",30.34072152,-19.24238989
"tree_2320039",28.3723549,-12.70060052
"tree_4604234",32.31682581,-21.225809
"tree_31171",24.26605907,-28.21301752
"tree_4216725",30.13230251,-16.16016634
"tree_4479922",27.07209484,-18.98078267
"tree_3176203",23.23462617,-13.97176645
"tree_269434",30.92401877,-27.56882549
"tree_60341",29.1374027,-31.52394456
"tree_99041",26.8792296,-25.47849179
"tree_4043815",25.15357817,-14.91416547
"tree_1082304",37.99427835,-5.560864651
"tree_231749",31.36997415,-28.94843853
"tree_4369461",31.46827558,-19.01161301
"tree_1903305",39.81983841,-5.211814621
"tree_1099523",36.04215238,-8.885403926
"tree_4033204",25.95606376,-16.99440269
"tree_1226578",31.23300823,-2.479722866
"tree_4388490",31.50586672,-18.57998813
"tree_50216",22.37910979,-32.05815698
"tree_1075456",35.63018213,-6.539863445
"tree_3398569",27.31277103,-14.05443145
"tree_3939112",25.92090656,-12.51210268
"tree_754646",38.3077183,-9.00421796
"tree_4900164",33.67023001,-13.98465575
"tree_4615983",34.80824108,-16.22634664
"tree_2887512",29.10380492,-13.82870281
"tree_2880509",22.77127232,-13.4741538
"tree_223142",25.43057324,-33.86110135
"tree_4602703",30.4321302,-17.79958366
"tree_283584",30.18229229,-30.10998544
"tree_4553127",29.08191397,-18.17549756
"tree_569644",36.93658756,-6.890806567
"tree_2062007",23.37354217,-14.58639018
"tree_1449871",29.79075178,-6.00492985
"tree_3771799",27.58330116,-13.68248402
"tree_314411",37.86563907,-5.660837917
"tree_1014450",34.3318899,-7.586472653
"tree_2219243",22.81706683,-13.62614201
"tree_4468776",31.79073007,-18.69826128
"tree_1606138",32.1374497,-6.213079778
"tree_117827",29.29624106,-28.44316337
"tree_3237033",29.60655285,-9.963370373
"tree_177250",31.18914001,-28.48562271
"tree_4721325",35.56330926,-15.44206583
"tree_4887018",33.90551272,-10.36695772
"tree_827834",40.29887778,-10.50598048
"tree_60417",30.12955652,-25.45334072
"tree_3093797",28.96533964,-10.41590941
"tree_1354376",30.60820172,-2.888270061
"tree_227406",30.92816552,-28.8246664
"tree_3380520",30.29869892,-9.944078868
"tree_4103516",31.81163036,-12.44314006
"tree_3024881",23.09922588,-14.44774376
"tree_2585082",24.154663,-11.72015937
"tree_2793676",29.9455043,-8.37110005
"tree_2767685",31.4054295,-9.355958414
"tree_4165181",32.78982518,-18.20055849
"tree_128594",25.53721671,-32.71974742
"tree_2517191",27.90539519,-14.13826836
"tree_4253145",31.39823164,-17.4741522
"tree_582245",35.41058486,-10.37634877
"tree_1877678",31.13024104,-2.569239054
"tree_883371",36.30556093,-5.285194457
"tree_5035837",26.01564398,-20.76064585
"tree_2058224",23.69599679,-13.49299457
"tree_3883461",25.52876858,-11.90505131
"tree_211124",22.72076552,-33.8953573
"tree_4610528",29.98040544,-18.07272973
"tree_154208",28.8257658,-32.02110647
"tree_1944232",39.99102692,-10.57945046
"tree_3853097",32.09171604,-12.85078578
"tree_4272317",30.82769362,-17.34370918
"tree_2390148",23.53328206,-13.39329175
"tree_4546170",31.37650631,-16.84744874
"tree_193635",28.32905786,-31.03714958
"tree_4302358",32.19620962,-17.65020972
"tree_4999954",35.15314209,-13.83852711
"tree_3884085",25.57546455,-16.54781337
"tree_2985248",23.4537727,-14.2374303
"tree_4219117",30.16502574,-18.11726246
"tree_4307561",30.49856827,-19.36814526
"tree_631902",35.20279681,-9.244640592
"tree_4463497",29.16340652,-18.29800763
"tree_2902698",27.78919614,-13.31242969
"tree_2274547",30.10326096,-9.703295647
"tree_615242",38.8478771,-9.233462337
"tree_3988415",25.62297184,-16.0814818
"tree_1874024",31.28448198,-5.239039081
"tree_4676987",33.24338571,-12.929753
"tree_1244710",30.60793128,-4.130498733
"tree_2128418",31.77512096,-11.40509484
"tree_2495018",27.78342675,-12.39914822
"tree_3060161",25.63433032,-15.12673261
"tree_1303080",34.62288333,-9.41519913
"tree_1080375",35.64108988,-2.03232222
"tree_137166",29.51115063,-30.97125197
"tree_934789",38.62133854,-7.952109772
"tree_4276168",25.56691654,-18.21128601
"tree_2902380",27.00203548,-16.87901425
"tree_3633144",27.31168927,-14.47650072
"tree_3924590",30.70147421,-11.39589982
"tree_1555107",38.14302035,-11.06669617
"tree_4545701",31.91233788,-18.47000852
"tree_4348801",29.31052582,-17.015393
"tree_235296",18.73385049,-33.99767439
"tree_2262737",27.81029046,-15.99935769
"tree_3808467",26.9690418,-12.14240894
"tree_118792",30.74561859,-27.74019536
"tree_82003",31.54828419,-27.62201235
"tree_4661256",34.81743603,-16.21489794
"tree_308208",31.1772976,-5.431142804
"tree_26253",28.43191517,-30.46426401
"tree_4211340",29.08588042,-18.20127967
"tree_71702",24.26056012,-33.62707917
"tree_172923",30.35212855,-30.45425767
"tree_98353",25.78665243,-33.55901802
"tree_5008500",34.27565478,-13.65661002
"tree_2804659",23.11094495,-13.14646866
"tree_4335022",30.57221807,-20.36481291
"tree_3223894",30.25993586,-12.09652401
"tree_1761833",32.25770535,-6.169358377
"tree_4211206",26.7184496,-19.78318306
"tree_2837526",27.53660519,-12.59134209
"tree_108385",30.3734933,-26.19858777
"tree_3287568",27.52894272,-14.11410891
"tree_2230870",30.04105976,-8.53381578
"tree_1998165",38.82633205,-6.581962196
"tree_4946392",33.78237242,-11.65344868
"tree_606494",37.62783217,-7.923352809
"tree_2597262",30.26227967,-9.900357467
"tree_3591488",30.14175359,-8.987075995
"tree_4886553",33.7227855,-13.97086323
"tree_3787517",30.25227339,-8.565727895
"tree_3313650",25.56347504,-12.83437899
"tree_928840",36.28302426,-4.210549464
"tree_499549",38.94577637,-7.340641188
"tree_1639566",30.63200044,-4.78046018
"tree_1169751",37.7743205,-6.139790089
"tree_2807242",30.15933218,-12.24779104
"tree_84133",28.45796754,-30.35716911
"tree_17827",31.5171836,-27.50211655
"tree_2600392",25.32359478,-15.0234239
"tree_1878641",38.45285442,-5.223894348
"tree_90348",20.88438851,-28.74227184
"tree_1559607",35.38236896,-3.192607071
"tree_1231314",37.09245114,-10.01765299
"tree_376802",37.07135682,-10.53437685
"tree_652660",38.94442417,-6.811657309
"tree_4557334",30.55644241,-20.37851529
"tree_4222157",30.74818429,-19.37427527
"tree_3677304",26.53291225,-14.7868776
"tree_3547271",25.59394462,-13.95211435
"tree_4992278",33.64048162,-10.06171924
"tree_4391351",31.39489622,-16.92515564
"tree_139297",30.72443413,-27.50301803
"tree_3045825",22.86394309,-13.11527772
"tree_3505282",32.25650414,-12.51561843
"tree_1601800",37.51397694,-4.125811078
"tree_53905",28.73552902,-25.93797216
"tree_3619245",27.16411918,-12.30458379
"tree_1430066",32.23237413,-5.599087072
"tree_1880961",33.20208178,-6.35884783
"tree_430462",30.51129406,-6.002766317
"tree_678441",36.97616195,-3.334859382
"tree_1433325",36.13707681,-10.70556642
"tree_210773",27.6016647,-26.6936763
"tree_3997785",25.56022976,-16.72314971
"tree_63537",30.89381965,-25.87063219
"tree_3505807",22.02080136,-14.4109637
"tree_1016149",38.78062769,-9.041629056
"tree_970557",36.18503484,-10.48542691
"tree_4236921",32.75277492,-18.79048189
"tree_411238",39.17510948,-9.567908518
"tree_135245",30.02985434,-30.39043344
"tree_3981829",30.10398213,-13.26194725
"tree_1832902",36.54174518,-6.96526817
"tree_383295",36.95876364,-9.422591202
"tree_1872978",30.19118326,-5.625229765
"tree_3702282",31.43779215,-10.71591935
"tree_4348598",26.92524598,-19.12348571
"tree_3016983",27.91413941,-12.5780003
"tree_4939321",35.7762356,-15.66554079
"tree_3636895",25.72483757,-13.354258
"tree_4849941",34.20525026,-11.70843848
"tree_4488585",30.29132117,-18.94508437
"tree_273457",31.15497444,-25.61803968
"tree_3468069",25.69184389,-14.37111863
"tree_288315",30.52079289,-24.5027383
"tree_1994590",38.87573242,-5.613690921
"tree_47929",30.27306995,-28.31885035
"tree_2163802",25.55770566,-17.52654172
"tree_1258436",38.20666389,-9.15656676
"tree_4995263",33.92291102,-10.74656766
"tree_4738491",33.05191427,-13.6493081
"tree_3652229",30.215764,-8.387867433
"tree_2999845",29.48710852,-11.89666762
"tree_3906460",31.47186759,-10.366058
"tree_4566940",29.91063194,-20.82573564
"tree_238872",28.78060233,-30.88326828
"tree_2585640",28.85932717,-15.1320513
"tree_4645800",33.94643929,-10.60801138
"tree_131700",26.36629527,-32.72137007
"tree_1273089",33.82778976,-6.900362172
"tree_1880924",36.76296509,-9.543568769
"tree_910670",32.88079908,-6.098863252
"tree_209156",19.16988974,-33.95602637
"tree_209342",28.27632208,-30.83756364
"tree_4906617",34.21570727,-13.47676632
"tree_2386768",31.92025709,-12.17477179
"tree_3375322",25.79379977,-13.46468834
"tree_5003595",34.35741778,-15.97799105
"tree_4425267",31.97607155,-18.42863095
"tree_4524916",31.44979552,-19.95455292
"tree_3997500",29.38127634,-10.86727653
"tree_550021",38.88240327,-9.085711046
"tree_4376047",31.30619193,-19.08057564
"tree_135484",26.70245206,-32.61553723
"tree_3047173",23.49271606,-14.14484911
"tree_29629",29.04779695,-30.0514799
"tree_4410430",30.59439414,-20.74938095
"tree_1833263",32.92578226,-2.011137624
"tree_2871829",22.01692505,-16.11330377
"tree_4432475",29.98590438,-18.08589123
"tree_3329634",29.77467638,-13.59026342
"tree_154234",30.28424813,-28.30361547
"tree_1921508",31.79822781,-1.459526793
"tree_1144375",38.82281633,-6.3582168
"tree_4149478",29.74674537,-20.08373388
"tree_2246739",29.99598643,-9.816430406
"tree_63662",19.94370842,-34.51268545
"tree_1694782",31.70537675,-8.574305875
"tree_4444326",32.85626325,-17.9296661
"tree_162916",26.88779353,-27.19210027
"tree_1596500",36.04647942,-10.23653044
"tree_168288",28.72101541,-32.35221721
"tree_1553888",38.21216284,-9.00097266
"tree_4457220",28.40590438,-17.98835194
"tree_4262129",29.9932964,-17.13673116
"tree_1871652",35.49370009,-8.123750076
"tree_615420",38.80704066,-6.307554063
"tree_32150",29.1159478,-28.85558689
"tree_309348",33.3812032,-7.233816734
"tree_970021",34.56654166,-9.761725038
"tree_697970",38.33692582,-9.92047429
"tree_4169616",31.74349324,-19.48308297
"tree_3301039",32.84047422,-11.72773174
"tree_2105809",27.4040896,-12.43277313
"tree_4254304",31.70112432,-16.80489925
"tree_4748830",35.6449821,-15.94310407
"tree_4149484",30.02322509,-19.77146392
"tree_4996101",35.72313923,-14.55727088
"tree_1885295",31.72854444,-1.0152813
"tree_3679388",23.54563215,-17.03695217
"tree_1546154",38.92549338,-5.594489564
"tree_2354187",24.72042346,-17.39510707
"tree_3005051",29.16925139,-11.75766061
"tree_2874842",22.6558846,-14.89595573
"tree_233376",30.29028796,-28.93861248
"tree_3899974",30.14644121,-13.66806047
"tree_652952",39.36162293,-6.154393938
"tree_749535",36.95434646,-3.218659617
"tree_1191486",39.10614729,-4.647853621
"tree_93209",25.70633179,-33.56009979
"tree_1806125",36.4183344,-4.105708248
"tree_1346950",39.05251002,-6.678239426
"tree_2834079",30.4060636,-12.52877992
"tree_3630360",29.17276711,-8.807953472
"tree_819632",30.89531884,-3.701758562
"tree_88147",26.63132636,-32.96837345
"tree_2426601",29.27445255,-10.74909353
"tree_3108836",25.88277452,-13.07480162
"tree_35452",29.94430519,-29.71045297
"tree_1060131",37.25886188,-11.51049093
"tree_3278244",25.67886277,-13.85412433
"tree_2625853",25.79127566,-13.96139952
"tree_4033796",26.12662124,-16.6828539
"tree_3939817",24.9407419,-16.65166296
"tree_85286",27.30282862,-31.87569901
"tree_4301368",29.38967457,-16.9814075
"tree_4042691",29.43193877,-9.238496588
"tree_4962399",33.96780404,-10.57321456
"tree_4723557",33.03586817,-13.27654935
"tree_3551405",28.02303658,-15.67095137
"tree_2277572",30.64008434,-12.52174844
"tree_976090",34.68201954,-9.429262096
"tree_1651137",33.08795611,-6.406084973
"tree_3285081",30.58491458,-9.039361382
"tree_2065800",27.7659383,-16.28936129
"tree_248983",30.57118486,-25.37662543
"tree_3927619",29.25380896,-12.35137019
"tree_1221146",39.43689539,-9.57692324
"tree_3825821",29.13535625,-14.18433359
"tree_2348877",23.1796367,-17.13701559
"tree_3083323",26.19098596,-15.66878784
"tree_3372670",30.82407367,-8.843561623
"tree_62323",30.38638427,-25.92237669
"tree_4258680",30.67219068,-19.56042928
"tree_4488494",29.4918107,-19.01206375
"tree_3675381",24.42257888,-11.55969732
"tree_3545039",30.70715345,-14.43755713
"tree_909374",31.12519283,-5.65587982
"tree_275394",31.70793387,-25.4311645
"tree_3678230",31.86112088,-13.07849766
"tree_646464",30.53833805,-4.248321148
"tree_140296",27.01661306,-25.14332443
"tree_4237060",29.02989936,-20.22355222
"tree_972746",36.17241431,-10.90307897
"tree_4298095",31.90954333,-18.0218867
"tree_43783",30.43893975,-26.13566501
"tree_4629044",34.87395797,-16.49381343
"tree_2715274",23.51173701,-13.27880478
"tree_3818700",30.35422927,-8.456649761
"tree_4999783",33.78093007,-11.7581096
"tree_4108992",29.93459656,-9.632349786
"tree_4324956",31.14960724,-21.58829096
"tree_2563185",30.76637981,-11.69284476
"tree_4073677",26.20658133,-12.51147165
"tree_3285468",24.04612642,-13.78191641
"tree_2318523",26.29835064,-17.63949618
"tree_326769",39.05287061,-7.146554226
"tree_3240932",26.06045359,-14.86918201
"tree_4473298",31.12986512,-18.83140872
"tree_3712498",28.78414485,-14.75496548
"tree_4236742",30.81858881,-17.27123081
"tree_4196889",31.21658618,-19.62488454
"tree_823769",38.53777258,-6.330271162
"tree_3942318",29.65658425,-14.27736552
"tree_881175",34.23236799,-7.828247494
"tree_105988",24.43589532,-34.03111901
"tree_1163142",39.41562078,-10.42827357
"tree_4412147",32.7065297,-19.95004556
"tree_3737820",29.09731436,-14.21291026
"tree_4928566",33.78111037,-14.46946749
"tree_2370083",23.06722382,-13.30963513
"tree_3591508",31.10361847,-11.49190661
"tree_2099936",26.76720343,-16.77435333
"tree_179045",29.18382821,-29.97999315
"tree_1760240",35.74827426,-3.008526451
"tree_1311521",30.40690422,-4.909911586
"tree_1555353",29.99881028,-5.76216339
"tree_4188891",30.34820369,-16.92578667
"tree_2221493",26.45502553,-13.78849715
"tree_2514372",30.69714717,-11.47342643
"tree_588317",30.18252918,-4.541299609
"tree_2668614",30.71012829,-10.11211328
"tree_4336328",32.06486598,-18.31008736
"tree_4593911",32.9739046,-18.20236143
"tree_143428",27.42930434,-25.76119347
"tree_2533418",30.64756651,-13.10896742
"tree_3626311",30.86554114,-10.92100428
"tree_814172",31.05776312,-6.264824281
"tree_3017582",24.40797513,-17.43387038
"tree_2454539",31.27237303,-12.33352104
"tree_1436908",33.89377712,-1.349637334
"tree_4422489",30.1259021,-18.2956638
"tree_3337469",27.43320697,-12.56988705
"tree_4008963",27.61386088,-16.47840001
"tree_2830119",31.0745011,-12.01602254
"tree_187582",27.4999793,-31.32435862
"tree_697333",32.50542837,-6.508311919
"tree_4843163",33.28764771,-13.05388572
"tree_411255",33.84455704,-8.514448122
"tree_3021",29.19248229,-28.29532193
"tree_1463820",38.65983116,-7.681487822
"tree_2897209",23.26572677,-14.85719243
"tree_1947738",35.01204647,-9.463067303
"tree_607356",36.23831152,-10.52076462
"tree_1213301",31.79236827,-3.580240111
"tree_247344",27.44354751,-32.49185525
"tree_2024104",27.22911492,-16.99656622
"tree_858422",33.4351109,-4.977071263
"tree_1333755",39.39957467,-9.401046017
"tree_4774962",35.29557376,-15.25005226
"tree_4194544",31.7553926,-18.5047152
"tree_98960",29.35537725,-29.92500335
"tree_4496956",32.51352576,-18.75171858
"tree_2571384",30.50819977,-13.33577782
"tree_4183054",32.71283996,-19.99827432
"tree_4472837",32.28229965,-21.19038114
"tree_2053231",30.16996949,-13.27943581
"tree_3854471",25.90233635,-15.40727076
"tree_930657",32.66489782,-7.088589565
"tree_1019354",37.57131021,-4.435466774
"tree_1679449",34.67796294,-7.592782959
"tree_4516261",30.65614458,-17.74892092
"tree_83189",27.2656882,-32.96494785
"tree_169557",26.64593012,-27.29928531
"tree_2568896",27.41526778,-13.71619908
"tree_289903",23.01671691,-29.54052546
"tree_4260763",29.2416538,-22.04146103
"tree_992320",29.9254309,-6.281681811
"tree_4858842",34.71575063,-15.60378994
"tree_4259178",32.64883585,-19.93201612
"tree_3903",30.36195453,-26.09536921
"tree_2982402",26.17863587,-14.60847625
"tree_3532053",23.61666772,-14.52148419
"tree_4993127",33.61857599,-14.46577146
"tree_22720",25.23847077,-33.35231045
"tree_3841367",28.82182616,-11.93885652
"tree_1812783",37.26499185,-10.4615379
"tree_1704710",34.61810555,-9.620374199
"tree_3500929",25.90215605,-16.11961408
"tree_236496",30.182112,-25.18839804
"tree_466077",31.73296162,-1.365863833
"tree_274349",29.93682302,-30.856765
"tree_1471614",34.71483292,-3.336842621
"tree_3692567",23.64731759,-16.86504143
"tree_3704466",31.81694901,-12.27303226
"tree_372361",29.99412265,-5.866283428
"tree_2758115",28.30032771,-12.81959485
"tree_74560",26.75915429,-27.29378633
"tree_1610760",39.31934414,-7.922271043
"tree_1296625",35.13698974,-11.14963162
"tree_4159176",32.49125954,-19.34696067
"tree_2613956",24.81444643,-14.63894601
"tree_353658",36.9017008,-9.959868625
"tree_1237246",31.80237455,-1.088300547
"tree_3709939",27.94028194,-15.88027321
"tree_209861",31.59498014,-28.11169205
"tree_3010564",23.69392341,-17.08680359
"tree_1072795",35.38949054,-8.332891623
"tree_232676",30.01732396,-31.17705807
"tree_2087899",27.55021734,-16.13385734
"tree_16516",25.39866134,-33.90347055
"tree_1291165",39.70318863,-7.915510001
"tree_279234",25.8316356,-33.43605722
"tree_56079",31.0248027,-27.82132785
"tree_2337844",27.8279592,-14.02576463
"tree_3697306",26.97021371,-14.40068691
"tree_1087458",31.02206504,-6.722231268
"tree_2441580",27.13103536,-13.58656738
"tree_76553",30.35248913,-26.60073451
"tree_4554620",31.19125498,-19.40934254
"tree_992287",33.16818664,-6.281411369
"tree_4234459",31.46313722,-17.47983148
"tree_4373717",29.29862647,-15.77208257
"tree_3045469",22.22904015,-15.87324173
"tree_1152731",37.36406304,-3.6470392
"tree_2684236",30.38361708,-11.00484119
"tree_423367",39.3731617,-10.13150893
"tree_4442107",31.60169259,-19.04649999
"tree_394595",39.0625163,-9.315947042
"tree_2072597",29.76088394,-13.5423051
"tree_4987642",35.69807847,-15.87233851
"tree_1924343",36.34486487,-10.61451773
"tree_1055370",35.88890305,-9.240223379
"tree_50519",23.86851243,-34.00741029
"tree_3937722",24.95588654,-11.43123753
"tree_4156073",31.11643328,-20.02180275
"tree_308000",40.32357796,-10.38743688
"tree_4224200",30.80966429,-16.84032711
"tree_1281249",33.98870156,-7.640290543
"tree_157389",30.68522035,-27.19714851
"tree_3786701",25.16340416,-13.25302267
"tree_1467177",34.54012869,-1.496397006
"tree_4348516",32.77657363,-18.30648147
"tree_4369717",28.84041114,-20.36012526
"tree_2859538",26.53246152,-14.50399563
"tree_1444311",34.02557154,-7.243101898
"tree_1399129",38.13580861,-8.370212572
"tree_3499042",23.34298246,-14.58368577
"tree_350578",36.56085627,-6.588813385
"tree_2753998",22.37462701,-15.76100844
"tree_4210673",30.81345045,-20.9228242
"tree_4809308",33.14566677,-13.18162433
"tree_272288",31.78915599,-25.08247506
"tree_993264",38.74024198,-7.905954396
"tree_4385390",31.04449627,-18.98051222
"tree_1771274",34.21776423,-8.94589271
"tree_3983843",25.8361687,-16.31144736
"tree_251389",29.15795613,-30.13513651
"tree_1357176",32.31584994,-6.827342925
"tree_2328121",31.62115046,-13.55654836
"tree_4148744",31.36208285,-19.53645012
"tree_660917",38.60565302,-8.509490025
"tree_4812401",34.4197091,-16.21525853
"tree_592223",38.73005541,-6.738007032
"tree_3121424",31.25055753,-11.25112339
"tree_1947149",33.18170864,-6.426458244
"tree_3785617",25.2148779,-16.14179029
"tree_272615",19.02556499,-32.67972205
"tree_4444905",31.6790384,-16.27212919
"tree_3625592",27.20207093,-16.74135944
"tree_974073",35.16178007,-8.978165414
"tree_1148993",31.35867268,-1.450782513
"tree_4641779",35.28845218,-15.2844885
"tree_3700682",29.24984251,-14.27781625
"tree_3989668",30.76015969,-10.61450373
"tree_3574192",23.38895725,-14.20741128
"tree_907047",39.85733942,-10.24960179
"tree_4134493",31.14582108,-19.35318083
"tree_1592297",38.11660737,-10.63236688
"tree_4351493",32.64793439,-20.54862309
"tree_510511",31.01602522,-6.709971247
"tree_812715",39.34927283,-10.49723619
"tree_1169004",31.5499639,-1.410396559
"tree_4598755",30.73953021,-20.8628763
"tree_2718590",24.13510118,-14.13177776
"tree_1356623",30.86629161,-1.023214255
"tree_2955350",30.12714983,-13.30602924
"tree_4408622",30.70626611,-17.99249871
"tree_290045",26.45653205,-33.38539448
"tree_4877984",34.61163128,-13.72476132
"tree_4375258",31.28464689,-20.03415291
"tree_995625",34.83445754,-9.17730062
"tree_687088",37.84202064,-7.647862909
"tree_4728925",34.56727913,-16.1756839
"tree_1589675",32.76694384,-6.047208896
"tree_190516",28.20050876,-31.47165918
"tree_2500205",25.66660283,-14.1110439
"tree_767013",39.34909254,-8.676172232
"tree_2262579",26.17160443,-13.56240793
"tree_2804479",32.08630724,-10.34270987
"tree_1537346",38.24542695,-7.688879894
"tree_800135",39.92314649,-10.72242395
"tree_3144964",22.73809835,-16.83439137
"tree_467510",38.53633023,-8.56925763
"tree_3831629",30.59942819,-11.0967012
"tree_91790",29.68224893,-28.518256
"tree_192291",30.32219987,-28.34941026
"tree_32379",22.04096978,-33.95287122
"tree_5225",31.12315268,-29.61345456
"tree_1348994",31.67923421,-1.554992698
"tree_3401632",28.96200422,-13.83690621
"tree_2994195",25.08091996,-12.34596136
"tree_4949885",33.20300002,-12.90505266
"tree_2309453",24.99410872,-11.77587035
"tree_4260863",29.18531215,-17.61613407
"tree_4217702",31.18818999,-18.79282571
"tree_4222456",32.66668488,-20.07760387
"tree_4672078",35.55095917,-15.97321325
"tree_2577167",27.35261585,-13.37120568
"tree_2477579",25.89719799,-17.57963843
"tree_3847162",32.5896862,-11.37778023
"tree_489368",39.26128969,-6.160614097
"tree_190182",29.80106219,-30.36969958
"tree_265675",29.3568196,-30.67079129
"tree_5026646",22.11887421,-20.16459244
"tree_1077536",31.61207495,-1.531644568
"tree_630453",31.51624905,-5.266173394
"tree_741850",37.67777342,-11.43377565
"tree_2389693",24.79840032,-13.30954498
"tree_251002",32.34274645,-27.94537043
"tree_2063968",28.90701475,-9.191529887
"tree_3174825",25.57852954,-16.28305099
"tree_84873",30.26026913,-26.13818914
"tree_1849643",36.8315667,-11.28530318
"tree_499188",34.36019595,-9.770198877
"tree_286472",26.100543,-33.45426696
"tree_3426520",24.31341128,-11.45413493
"tree_1042698",38.45718146,-6.371197999
"tree_4203475",31.45862989,-21.91967214
"tree_2237077",27.36658858,-13.82942399
"tree_4892498",35.34109781,-14.42430374
"tree_560717",35.51199986,-7.986636157
"tree_3083164",28.58176559,-13.4239418
"tree_985344",37.285365,-9.544560389
"tree_4879453",33.03199187,-13.32522885
"tree_4478004",28.41041172,-20.481824
"tree_2336849",29.49585275,-13.86467155
"tree_263469",30.33491054,-25.70376969
"tree_1603530",31.21155333,-4.191798842
"tree_1281165",31.29908574,-2.268778375
"tree_1791477",29.70637451,-4.488563486
"tree_284639",30.80601683,-24.59306581
"tree_229663",29.45589074,-30.14117638
"tree_417887",33.9835632,-6.974643481
"tree_3215434",32.48349343,-11.82869662
"tree_347969",35.48134999,-7.967434799
"tree_1475549",34.8073234,-4.339189545
"tree_92510",29.63483181,-29.62066634
"tree_1937857",34.87015562,-9.184602545
"tree_40183",28.17193228,-26.53348469
"tree_3339749",28.20774709,-13.59008312
"tree_4042113",28.81019724,-14.70331113
"tree_238109",29.79628442,-26.59604686
"tree_2051080",24.9096413,-12.87350288
"tree_2243879",25.21370599,-11.50768237
"tree_28774",28.24404959,-26.62633632
"tree_4395712",30.81651544,-17.46531777
"tree_2160065",22.30584511,-16.53447158
"tree_1156693",34.39787726,-9.393113061
"tree_2342630",25.60539324,-15.44396067
"tree_242313",29.21276528,-25.88135971
"tree_28682",25.61447237,-32.67287087
"tree_284122",29.9064436,-26.37626794
"tree_3440783",25.08506671,-16.92444845
"tree_3805189",24.84960362,-14.72494646
"tree_1416659",35.33233756,-1.921891878
"tree_800124",37.40426845,-8.656069402
"tree_708833",31.81364289,-2.840221594
"tree_1270573",31.42952796,-5.009614409
"tree_1037704",38.30176862,-6.572316444
"tree_4585878",32.75701181,-20.10329583
"tree_3810790",25.62657771,-11.74945721
"tree_81586",29.704425,-29.04967385
"tree_4661869",34.86341081,-16.47362046
"tree_24573",30.08286056,-29.3771787
"tree_1385577",38.37442683,-10.08337031
"tree_2139911",25.31043336,-16.9938618
"tree_4995918",34.02540774,-13.19172082
"tree_30593",29.30110898,-31.71199166
"tree_3130521",25.62288169,-14.01801197
"tree_3377807",25.10453839,-14.66635077
"tree_4714036",35.30981693,-15.32541533
"tree_2215028",28.60358109,-13.54672231
"tree_2209321",22.350648,-14.57241737
"tree_4729124",34.4115959,-14.23887091
"tree_7130",22.12588791,-34.04554256
"tree_30056",30.20068221,-24.17027535
"tree_526844",34.5789819,-2.898096108
"tree_4908389",33.71088614,-10.6950936
"tree_4719726",33.97844134,-10.55040731
"tree_1266456",38.80469685,-6.672470004
"tree_3122174",22.17161673,-14.42322372
"tree_4444335",31.53642643,-21.05597164
"tree_2529474",22.17684523,-16.18352846
"tree_1161306",31.17369173,-4.637126102
"tree_259567",31.84171147,-28.31542476
"tree_4144491",29.6536239,-16.77911714
"tree_2761533",31.42336868,-10.58358324
"tree_4534124",31.2442612,-19.63480074
"tree_4586821",31.31827158,-19.79904897
"tree_56375",30.79285542,-29.2410564
"tree_2277821",26.35514303,-15.70385511
"tree_3121417",30.41066108,-10.65795469
"tree_4163063",29.84148948,-17.23697487
"tree_1751613",37.57293285,-11.25303048
"tree_1727006",37.18629382,-10.79147672
"tree_1440895",35.3082684,-8.185140332
"tree_2665387",31.40633097,-10.15574454
"tree_22930",29.71911891,-28.16704244
"tree_101089",28.57254391,-24.45541101
"tree_223206",27.35358117,-25.9741212
"tree_2959379",31.17645698,-9.074608944
"tree_4585360",28.45088755,-18.5178767
"tree_2311778",24.89053021,-13.83357076
"tree_120105",28.33185241,-32.49564143
"tree_1730892",34.64406779,-9.485153372
"tree_1750397",31.73837042,-5.815169955
"tree_4430111",28.90378423,-18.88874235
"tree_123674",29.24828305,-24.20813719
"tree_2781530",28.64982632,-11.82797544
"tree_1782998",39.91566431,-10.79769687
"tree_2605317",25.21992611,-12.26690225
"tree_4283477",30.4603461,-19.0428941
"tree_5039399",22.33189077,-19.54798547
"tree_991580",33.91315865,-4.600436184
"tree_4327446",30.82985714,-17.4514351
"tree_1223534",31.28907946,-6.974373039
"tree_2988560",27.60024873,-14.25645136
"tree_574726",35.14393104,-8.541852876
"tree_3487130",26.3910214,-15.60775817
"tree_4692569",33.21760378,-13.12077495
"tree_122129",18.8204814,-33.88381845
"tree_89180",32.61805426,-27.28089528
"tree_4608824",25.70366898,-18.39158044
"tree_2127764",32.14309964,-10.15367115
"tree_4201573",31.57726285,-18.73008325
"tree_1139873",31.28691594,-4.035393418
"tree_4658488",33.38734988,-10.89711351
"tree_1151980",38.1699742,-9.514000481
"tree_2436004",24.90432265,-14.90569163
"tree_2480934",24.55879049,-13.21146481
"tree_1600503",36.49045173,-11.15080353
"tree_4872655",34.15314551,-12.40888237
"tree_1134622",36.30844562,-6.838611328
"tree_2621473",24.2641912,-13.35407771
"tree_3433917",31.31663504,-13.52707022
"tree_1287046",33.35424935,-6.232551577
"tree_3563027",31.14238154,-11.25698296
"tree_37043",22.43914745,-33.84451427
"tree_188285",31.71460472,-24.94238628
"tree_4519915",32.59826359,-18.48452223
"tree_245374",26.2865155,-33.47418949
"tree_3849219",28.59871317,-13.50417282
"tree_61362",28.90951202,-26.00053433
"tree_4406479",31.72456245,-18.63975574
"tree_2667667",27.68065956,-13.79615967
"tree_910442",31.24274407,-2.963002105
"tree_9596",29.41325139,-29.72938388
"tree_883619",33.35470008,-6.296556102
"tree_3066616",25.25661581,-14.65255824
"tree_4772902",33.96573067,-11.10733683
"tree_187453",31.87677851,-28.54052236
"tree_3580743",25.59277271,-16.54646116
"tree_986050",37.88105414,-6.631993903
"tree_2527175",27.33711063,-13.91199884
"tree_205275",29.32193285,-24.27376436
"tree_19547",29.16940475,-31.62887593
"tree_5048287",26.31583237,-20.36102323
"tree_358365",38.42004104,-9.828704422
"tree_1144239",31.10265616,-2.62738401
"tree_2258652",26.2857301,-17.24041445
"tree_2116541",26.7652202,-16.77390259
"tree_2571300",23.47874333,-17.08734447
"tree_1215826",39.69480499,-10.46775805
"tree_4072719",27.56968901,-13.80508424
"tree_1057377",32.23156281,-5.683645163
"tree_4142977",31.37488367,-18.98510973
"tree_1539583",38.716894,-5.775234737
"tree_4234576",30.51587642,-18.04018659
"tree_4838581",35.14935593,-14.00547976
"tree_3433781",23.05252991,-16.9470754
"tree_4553294",31.23777064,-18.42232065
"tree_4227231",31.19143527,-19.90479166
"tree_19272",27.85668952,-24.70962616
"tree_2386165",30.06440775,-13.39770896
"tree_457847",32.20983747,-6.267168109
"tree_1672135",38.26670157,-9.095176504
"tree_1937021",39.05269032,-7.447285348
"tree_158970",30.53575723,-29.08843716
"tree_4798050",35.80364017,-15.59306242
"tree_3488555",29.03276935,-14.08733518
"tree_4624620",33.93129465,-13.0108855
"tree_1178225",38.17033478,-4.87475417
"tree_172565",31.91824596,-28.60344512
"tree_1062917",38.61592974,-7.610451813
"tree_4961275",33.63570385,-10.72520277
"tree_1706512",35.18116161,-7.136367591
"tree_1931450",31.70050883,-4.211270641
"tree_2728161",23.86375972,-15.00936093
"tree_108113",26.63412091,-24.88478221
"tree_746039",39.4313063,-9.380492451
"tree_3866665",23.87520835,-13.11951464
"tree_4819488",33.57422385,-14.36210215
"tree_1812012",32.6694953,-6.728812015
"tree_4092218",25.52074553,-14.33064252
"tree_3503891",27.03241491,-16.66626681
"tree_4205220",31.29402214,-19.0381163
"tree_4918381",35.32532215,-13.98925326
"tree_1606830",39.30564185,-7.352720915
"tree_192526",24.28039238,-28.92328745
"tree_4628672",33.23220753,-12.93002344
"tree_165167",19.23164018,-33.98865967
"tree_213345",30.45967348,-30.12891636
"tree_3508214",25.30403295,-15.86621025
"tree_4185112",30.47612176,-20.38852163
"tree_4934380",35.56105559,-14.5000274
"tree_473815",29.9700535,-6.317740699
"tree_231552",29.47608359,-25.33218285
"tree_3373889",22.23444895,-15.22778764
"tree_4660936",35.05416109,-15.88829457
"tree_4193602",30.3611848,-18.43205655
"tree_651953",32.89170682,-6.488299236
"tree_3267629",26.06036345,-15.93814773
"tree_3595249",22.34785345,-15.85854773
"tree_4114428",26.56554534,-12.33640576
"tree_3351638",26.04837394,-15.60784832
"tree_2129343",30.51721443,-10.0468467
"tree_1238044",30.99556193,-7.783534473
"tree_1722366",33.46720312,-6.686352675
"tree_5024522",25.46502817,-18.70429765
"tree_4190107",31.07208113,-19.88504941
"tree_3950551",31.12002517,-12.4191609
"tree_1999110",32.66643031,-6.540133887
"tree_2237049",30.25182266,-8.400668338
"tree_145206",24.57399996,-32.28181223
"tree_4801783",34.94914026,-15.17252565
"tree_2063502",23.55031978,-14.52527037
"tree_201446",30.37917254,-28.42405216
"tree_1776102",35.60512136,-7.198118435
"tree_2801029",27.43591137,-12.58755591
"tree_427302",37.77828695,-8.327302496
"tree_3296081",29.58978557,-14.29278069
"tree_3079435",30.07856078,-12.79813981
"tree_588438",30.95120977,-7.806431867
"tree_102595",30.23890438,-29.60029307
"tree_52697",29.41784887,-30.84035821
"tree_4843392",35.23310215,-16.86269585
"tree_85234",26.9341289,-33.44993989
"tree_4151789",31.39624842,-17.00926299
"tree_4385495",30.78947145,-18.31657796
"tree_87250",27.13046826,-24.82853034
"tree_209549",26.18933743,-29.39809285
"tree_226824",24.75546513,-29.5732489
"tree_2085620",30.46258556,-12.01223636
"tree_412655",31.0474864,-7.910191315
"tree_2065551",25.96381637,-15.23121324
"tree_4355685",30.87123444,-17.57890327
"tree_819541",38.25822778,-5.410859679
"tree_245108",32.23952855,-27.34607172
"tree_837959",37.92216102,-7.919927215
"tree_56738",29.85343739,-29.50113113
"tree_1503528",37.53750521,-10.79643481
"tree_515601",39.21215976,-8.873865082
"tree_2410825",27.31646704,-13.44314316
"tree_4594048",31.43131546,-19.01350611
"tree_368806",36.83273861,-11.27755052
"tree_4333028",30.74268535,-16.98366118
"tree_99784",30.8256688,-24.64715414
"tree_1179161",35.96913358,-7.592602664
"tree_2280388",28.75439645,-15.06777633
"tree_2874676",29.83011657,-13.37463127
"tree_4606948",29.08416763,-18.1562962
"tree_48744",31.44497615,-22.91749946
"tree_1578836",38.34981679,-6.842577805
"tree_111997",28.09909381,-25.14873326
"tree_2600541",26.59222875,-12.56943632
"tree_292058",28.66728802,-32.00280659
"tree_167095",25.73644076,-33.28875666
"tree_2863376",23.70149573,-15.94770333
"tree_4186350",30.65875883,-17.14709809
"tree_1499191",39.38001285,-6.185765171
"tree_1288301",35.6189138,-2.051343284
"tree_3905565",29.51415252,-14.06759294
"tree_816004",37.19332526,-11.05705042
"tree_2083165",21.99961689,-13.41564826
"tree_1519407",39.33043218,-7.173958981
"tree_2045750",27.35459908,-13.92020224
"tree_4798032",34.54753702,-14.20344305
"tree_83939",32.79834752,-26.99314536
"tree_4980564",33.87693623,-10.49307368
"tree_1006980",38.43067835,-6.46873729
"tree_4305845",31.66506567,-18.47316368
"tree_1086280",34.87006547,-9.669865022
"tree_180473",30.09863622,-30.15244478
"tree_805226",32.7073569,-6.924341333
"tree_4273011",31.25129264,-19.26862273
"tree_2864956",23.9102754,-15.47605308
"tree_2811066",29.99400321,-8.795873744
"tree_269059",24.8832029,-33.71938993
"tree_1810207",33.8120141,-8.942737557
"tree_799662",39.3812749,-8.109777257
"tree_191469",30.42812216,-30.01460968
"tree_120658",30.61562715,-29.79095443
"tree_2619117",31.80955699,-11.29547582
"tree_3194373",32.43697776,-9.872231535
"tree_4228196",30.99491562,-20.27845188
"tree_57738",30.6035475,-30.48058066
"tree_2259417",31.02780513,-10.33648971
"tree_1883654",36.27977898,-11.13592924
"tree_4512514",30.86393256,-17.30124984
"tree_1930553",34.21271601,-1.198280154
"tree_20811",29.92411234,-29.63932681
"tree_3128883",26.75079673,-11.99501824
"tree_569255",31.42447975,-1.13292342
"tree_2030609",30.00283758,-14.46288849
"tree_3202833",27.54471839,-12.53202522
"tree_3249081",25.63865736,-16.94509216
"tree_3376992",29.6875947,-13.81689353
"tree_186871",30.60255589,-24.27565745
"tree_911913",35.6471297,-5.583221161
"tree_12282",25.36810163,-26.09122243
"tree_3421773",26.33648267,-17.73342959
"tree_2757390",26.13996295,-15.56430721
"tree_4062595",24.83662251,-14.0203558
"tree_604104",30.51174479,-4.68030662
"tree_4247934",30.57239836,-20.39771665
"tree_2846555",26.67011547,-16.92354697
"tree_827620",32.56213062,-6.777852102
"tree_3964106",32.05755045,-10.29610376
"tree_820270",35.65181733,-9.676535917
"tree_3494714",25.60097606,-14.22634219
"tree_219745",30.46237788,-26.54520383
"tree_187410",30.82539836,-28.63310356
"tree_3914909",31.19304396,-9.030436807
"tree_3202804",25.24300366,-11.48613719
"tree_4218053",31.08749621,-20.07300637
"tree_4172905",31.76206345,-21.19515894
"tree_342008",35.72465583,-8.34434032
"tree_3870232",29.37568725,-11.57114602
"tree_4574926",32.66217755,-20.0652537
"tree_270775",30.63383677,-26.49391006
"tree_4637055",35.71682897,-14.51012389
"tree_2224661",29.55480867,-9.152315847
"tree_442368",30.91623286,-3.697792084
"tree_4482784",31.50289188,-20.21480794
"tree_4393936",30.56698956,-17.64290779
"tree_3940399",27.25868303,-14.07390325
"tree_525410",38.37767211,-7.853128126
"tree_3349867",28.48630028,-15.40645943
"tree_296058",38.26625083,-5.020432076
"tree_1265504",37.6688489,-8.971945256
"tree_3910691",28.68119736,-10.37020477
"tree_891009",29.87639111,-6.153582613
"tree_523612",34.52886036,-8.559792173
"tree_343306",37.74132682,-7.712047729
"tree_1881071",37.76260143,-8.82825059
"tree_3938003",28.44140724,-15.66139577
"tree_362158",39.09965673,-5.077224823
"tree_277042",30.40432345,-23.25519094
"tree_965945",30.98925166,-3.781448703
"tree_2631385",24.9434463,-15.29134143
"tree_2944346",25.12509182,-16.92102285
"tree_4317199",29.74422126,-19.29341322
"tree_4318661",31.8864658,-17.82302194
"tree_329329",30.70276557,-3.9987035
"tree_4208606",28.5018204,-20.3896034
"tree_52114",29.8424395,-31.06527552
"tree_1185792",38.43482509,-8.924437672
"tree_1524381",29.94697595,-6.302235377
"tree_2881573",27.1743959,-14.28241376
"tree_54458",28.04689891,-31.3378807
"tree_1866905",38.67704917,-8.557989228
"tree_182772",26.32563914,-32.67214969
"tree_4485112",31.47801141,-17.98781105
"tree_118224",28.93574468,-30.8697462
"tree_285410",18.83887131,-34.03842093
"tree_189981",28.96828762,-31.94448134
"tree_1496080",37.13536095,-9.470188933
"tree_3311952",30.10948108,-13.63632865
"tree_4305428",28.81778434,-20.57873226
"tree_3107249",27.39895124,-13.86566317
"tree_2577320",23.73430912,-14.23553721
"tree_4718188",35.63118967,-15.86368438
"tree_2889236",29.28914645,-13.78975921
"tree_1464916",31.76180856,-1.005545401
"tree_3251926",29.9091752,-9.886024059
"tree_4450258",32.7571921,-16.91884533
"tree_211409",28.34185868,-25.79436764
"tree_523053",39.57139421,-9.555107613
"tree_1487651",30.81689124,-6.994295574
"tree_4961511",34.64110922,-16.35832216
"tree_4383501",30.73376083,-17.01800727
"tree_3723668",24.4614321,-13.33911327
"tree_2015223",29.98210385,-8.66182483
"tree_1544006",34.72195451,-9.689336822
"tree_3348941",31.12876939,-10.3723683
"tree_4316099",29.31854887,-16.58007209
"tree_994151",38.69949569,-5.687521493
"tree_4840037",34.14431114,-12.41726606
"tree_3115826",27.68453586,-13.56339955
"tree_3545153",26.69310287,-14.27087492
"tree_262750",30.68774445,-30.21762122
"tree_2101566",26.51226867,-15.60352125
"tree_193228",31.01813185,-27.2461886
"tree_2387647",25.48576862,-15.80878647
"tree_2963922",30.5857259,-11.10589622
"tree_99032",28.44363423,-26.27178731
"tree_4965330",34.9627524,-16.68609745
"tree_8342",26.868412,-25.68979687
"tree_258034",29.9787412,-29.35959999
"tree_959228",32.24805965,-6.369935938
"tree_1057774",36.79073026,-4.759275583
"tree_954683",38.54300109,-6.456567415
"tree_4602358",32.24921584,-17.88278954
"tree_232355",30.74507771,-27.36797749
"tree_3235819",24.58114686,-13.19433683
"tree_4211114",29.48766395,-19.86620865
"tree_3080379",27.03755327,-12.83203516
"tree_627164",36.96895021,-9.613523011
"tree_885779",36.63225243,-7.083901909
"tree_804964",36.69066747,-11.42196636
"tree_3172922",26.18539687,-15.09869683
"tree_4341282",32.66776664,-20.23932798
"tree_2046557",27.35324688,-13.61902038
"tree_3750302",25.86799047,-16.12466232
"tree_2165614",25.13554884,-14.1207798
"tree_4939773",33.66310843,-10.71411466
"tree_1459569",37.25814071,-9.846643718
"tree_2238410",30.67704447,-10.6915796
"tree_95498",29.98252736,-28.32020256
"tree_2306052",29.88880205,-8.657137175
"tree_1421751",30.80958936,-6.990148802
"tree_1360330",31.03585748,-2.08289481
"tree_80231",30.46986005,-30.59768189
"tree_2464100",22.8502408,-15.66193665
"tree_1674806",32.22687519,-8.868275955
"tree_2876223",29.27310035,-13.71214246
"tree_295377",39.12796278,-7.972122454
"tree_4129462",31.75988618,-12.12573171
"tree_3695307",27.80938899,-12.6671559
"tree_116280",27.30688521,-32.74841423
"tree_1914691",39.22099413,-10.97222189
"tree_3820735",29.40191993,-13.83573429
"tree_1820698",34.31692555,-2.448441782
"tree_4596378",31.32710595,-18.50417432
"tree_210422",30.54513248,-26.3013556
"tree_554500",30.58945121,-1.245607444
"tree_1513502",38.40138068,-7.431239143
"tree_411189",38.37046037,-7.174409717
"tree_3926725",25.87312883,-17.60415847
"tree_1807517",35.82616098,-10.22300836
"tree_157050",23.92052703,-31.59588204
"tree_4932628",33.78660931,-10.5687072
"tree_3150085",22.34451802,-14.7931879
"tree_80753",28.2249385,-30.82701642
"tree_2162018",29.24037711,-10.45034565
"tree_3481042",25.66534077,-15.85241772
"tree_2917805",27.46656123,-13.56357984
"tree_1721242",39.98372504,-10.61532905
"tree_1082197",34.26797592,-6.640467741
"tree_442149",37.15672571,-9.245632212
"tree_4989762",33.08355574,-13.29557041
"tree_2204752",28.53876564,-14.99881371
"tree_3591912",30.10984167,-13.54744349
"tree_4920395",33.0003504,-13.09481256
"tree_2376743",26.14573234,-12.63019554
"tree_53344",29.99974537,-30.47309844
"tree_4217900",30.81651544,-19.54582543
"tree_4080373",28.28563381,-13.26807726
"tree_4596229",29.40103304,-19.73215973
"tree_636178",30.66832954,-3.883585502
"tree_4484028",30.16096914,-16.31350676
"tree_4973991",33.39717587,-11.88702012
"tree_261927",24.22387044,-34.06988231
"tree_61393",26.29940647,-31.57343539
"tree_1904413",37.75755322,-8.339201929
"tree_1976312",32.24247056,-6.044684773
"tree_2310012",28.47142608,-13.11491713
"tree_1095526",31.62794076,-1.412109356
"tree_3818981",27.64640382,-13.47000703
"tree_2485783",30.90610714,-11.50687105
"tree_3362054",26.28113262,-16.66410328
"tree_222301",21.51649668,-33.50520013
"tree_4135179",27.33352007,-18.95310747
"tree_4262591",31.17520888,-21.05299678
"tree_426807",37.18106531,-8.220027306
"tree_4313840",28.21767822,-19.85475995
"tree_36715",31.78978701,-25.92174566
"tree_220922",30.57596263,-27.64698313
"tree_3185991",27.96362993,-12.72286688
"tree_4138582",30.99149005,-17.82635738
"tree_3187561",26.19855828,-12.11202933
"tree_691465",39.74384478,-10.7564996
"tree_77402",28.34889012,-26.68808717
"tree_3791787",25.86140976,-17.33389711
"tree_4151649",30.72041913,-19.64354502
"tree_4882238",35.5032716,-15.95915028
"tree_2844336",23.76622104,-13.05226482
"tree_4235192",31.59637394,-18.24473063
"tree_492700",33.42249037,-1.89881419
"tree_250311",26.21935626,-33.15569937
"tree_1093401",36.03376874,-4.321160101
"tree_4314970",29.85248737,-16.59134049
"tree_412642",38.54354197,-10.30864821
"tree_81834",20.91990628,-28.70918781
"tree_4370863",30.66344646,-18.85547803
"tree_4567570",30.50046135,-20.91435036
"tree_703297",38.08685897,-5.671204847
"tree_2639042",24.86619061,-16.57945504
"tree_947081",34.84221016,-9.370576257
"tree_4266337",30.25391031,-18.98979739
"tree_2069461",31.5269472,-10.32242674
"tree_380588",35.75178998,-10.16369149
"tree_410275",31.31918844,-2.357933974
"tree_1925900",35.10120152,-10.19596419
"tree_2526538",22.88819254,-15.31351765
"tree_2117286",24.51894567,-17.05813677
"tree_2013997",31.04676523,-4.739713637
"tree_486031",34.86853298,-9.369224048
"tree_2742051",27.32764523,-13.68410667
"tree_1490590",33.20072958,-5.75666441
"tree_1258599",37.49441511,-9.054520108
"tree_4065377",32.12002209,-13.32811531
"tree_2998959",26.05495465,-17.40439224
"tree_1673114",37.85680469,-7.120952416
"tree_2390477",24.21794596,-12.77677492
"tree_4204723",32.31529332,-20.97808444
"tree_3452675",25.08632876,-14.17910505
"tree_1509793",32.71763362,-6.936601354
"tree_121267",30.68630211,-27.00702803
"tree_2408908",26.11273866,-14.41520062
"tree_244304",30.48644703,-25.89172664
"tree_3919696",28.14807,-13.62181495
"tree_4772160",34.15693167,-12.60017477
"tree_1518386",39.33043218,-10.70096891
"tree_2871526",25.95128599,-17.90741372
"tree_3216053",27.2553476,-12.11392242
"tree_3738414",31.51513799,-9.031157985
"tree_672817",38.83913287,-7.971311129
"tree_1422737",35.60115491,-7.907937635
"tree_4188956",30.55427889,-17.59828492
"tree_804091",30.80003382,-1.527948532
"tree_2457431",27.72149599,-12.62595862
"tree_4990035",35.10888009,-14.41096195
"tree_3221257",24.83743382,-13.73053249
"tree_683497",33.51425967,-4.856544432
"tree_99082",31.07023661,-27.89146239
"tree_1769722",34.84473426,-9.57530059
"tree_210701",27.05149981,-32.36258414
"tree_3339855",28.32385599,-14.50877343
"tree_4208153",30.20018292,-17.05253366
"tree_4597833",30.71203549,-18.74216298
"tree_2562282",25.79821695,-14.30179542
"tree_4634862",34.14485202,-10.87890378
"tree_3934796",23.64857964,-14.42971432
"tree_4635843",33.17613633,-13.0576719
"tree_1323686",38.46835965,-9.864763309
"tree_536659",34.81877202,-7.178736783
"tree_1149101",35.54310046,-2.514790134
"tree_4500971",28.41672198,-19.79922926
"tree_3470310",27.16889695,-13.21561158
"tree_2853118",24.22470696,-11.42537796
"tree_3530843",28.58032325,-15.46568615
"tree_1996835",32.40112869,-7.259328397
"tree_2274201",25.47972879,-16.85043758
"tree_4576296",30.92415051,-16.75072077
"tree_275234",28.02895973,-31.21032239
"tree_3345995",25.88890449,-12.32108073
"tree_3006798",30.80613449,-12.36597404
"tree_3309056",26.04314543,-12.24400486
"tree_4185735",31.48143698,-18.25113108
"tree_2742191",30.51874693,-12.52751786
"tree_3330368",28.06143906,-14.4772219
"tree_1835758",39.19088515,-7.755678983
"tree_160439",30.90644018,-27.80798607
"tree_839788",37.89214218,-7.086606326
"tree_5047833",23.38886039,-19.61442397
"tree_3150138",28.08433631,-14.89216955
"tree_3712650",31.97722978,-10.95012183
"tree_3126479",24.68066878,-11.36065226
"tree_4042862",30.4748455,-13.12411215
"tree_2023510",23.71682067,-13.85773022
"tree_4092544",29.66289452,-10.07677557
"tree_4322108",30.8817816,-17.32360635
"tree_3946079",25.74593189,-14.54834806
"tree_2935879",24.4736019,-13.38337555
"tree_4635475",33.47776695,-11.18982153
"tree_4840678",33.66157593,-14.48975062
"tree_1920435",39.18908222,-4.85951929
"tree_4644216",34.81148636,-15.9973727
"tree_1640049",38.3913744,-4.636765513
"tree_1884200",39.8795155,-10.83646018
"tree_2525921",29.20098302,-15.79878013
"tree_4728488",34.87927662,-16.49002725
"tree_89439",22.53749742,-33.78934417
"tree_20527",19.20198194,-32.59849941
"tree_878876",29.87936595,-5.039272844
"tree_1821675",32.48099863,-6.204876381
"tree_4481763",32.16348639,-17.68906317
"tree_4261454",32.1700671,-18.62920851
"tree_249544",26.5741734,-25.46551059
"tree_2718333",24.4073441,-11.6931152
"tree_62234",27.6177108,-31.61147751
"tree_148299",27.33627302,-32.56397303
"tree_4866395",33.44215903,-11.0207955
"tree_4212564",28.31152086,-18.15809915
"tree_4380280",32.80587128,-18.35281714
"tree_3141916",28.07225666,-14.01684006
"tree_97221",29.92627586,-31.29506078
"tree_3089473",28.462772,-13.36146978
"tree_2253409",26.68850539,-12.84041885
"tree_427207",38.7182462,-9.138176727
"tree_74636",28.88661477,-32.17615969
"tree_124607",27.76284687,-25.61812983
"tree_4399315",31.20829269,-18.74730137
"tree_20473",30.04517927,-24.47911972
"tree_547985",39.30113452,-7.18630915
"tree_150680",30.43398169,-26.7566892
"tree_2973122",29.31997661,-10.55455583
"tree_1170732",31.65363256,-5.837977201
"tree_210767",29.50375861,-28.97899844
"tree_1953226",31.27690966,-1.489816259
"tree_29877",30.01948748,-28.28450426
"tree_4108213",25.61972656,-14.05298909
"tree_203886",23.88491911,-33.8594787
"tree_3358230",27.58988187,-13.31486367
"tree_2161066",26.11580364,-13.79931482
"tree_2959092",29.98724221,-13.18685462
"tree_568054",35.04891645,-9.331091775
"tree_4165466",31.7298811,-18.96257293
"tree_4225833",32.82939955,-18.35714421
"tree_177805",30.88020751,-24.7343265
"tree_3788543",27.95840142,-15.33993078
"tree_2672252",31.80577083,-9.010514272
"tree_2191625",26.2886148,-14.9277777
"tree_4322414",30.49820768,-19.28881571
"tree_4604173",32.25020745,-20.21913501
"tree_1151354",31.46684868,-3.741964221
"tree_1337689",38.47593197,-9.655802056
"tree_1933125",39.17519963,-6.764420167
"tree_858030",31.30683835,-1.511271297
"tree_1434194",31.61865566,-2.848244696
"tree_4056549",24.75630183,-14.93544021
"tree_1113764",30.67554127,-2.395885953
"tree_223417",29.47464124,-25.86891939
"tree_213597",32.04607388,-28.76616085
"tree_4024618",30.2007095,-12.38932217
"tree_2431112",32.92160621,-10.59548267
"tree_4212795",30.92063479,-19.83384579
"tree_4627947",33.44882989,-10.90838192
"tree_575410",37.99680246,-6.655702621
"tree_4089829",25.460798,-15.43819125
"tree_4693008",33.65553611,-10.61982067
"tree_99937",26.45986747,-32.71794447
"tree_1752286",37.32349704,-8.807606876
"tree_3646367",32.70507393,-9.668228379
"tree_4186070",31.74114943,-17.51661154
"tree_2599349",30.53470289,-11.13618569
"tree_46069",32.81195966,-27.13215237
"tree_4215179",31.04963462,-17.66995196
"tree_3583953",25.72321493,-15.30810882
"tree_4399298",31.51379962,-21.04470324
"tree_1080870",29.80292158,-5.467652427
"tree_4412811",31.15393427,-19.42286463
"tree_50805",19.53065656,-34.16706101
"tree_4594221",31.8998075,-17.36191891
"tree_196514",27.74779239,-31.61346075
"tree_1523202",30.76911351,-1.447627361
"tree_2951436",28.51370486,-15.43692919
"tree_4557446",30.12797547,-20.62705117
"tree_648972",31.38824079,-3.123013418
"tree_159922",31.02705637,-26.10844055
"tree_4222050",31.88448257,-18.72638721
"tree_3055713",25.74980819,-13.96031775
"tree_2207928",27.05855744,-12.14276953
"tree_288840",32.51213196,-27.54078971
"tree_8207",29.3780942,-24.03929144
"tree_522161",39.06783495,-11.11131905
"tree_840703",30.24878698,-5.361549151
"tree_823874",30.50336115,-1.069549926
"tree_67894",29.49411292,-31.1175609
"tree_4591221",32.79442266,-18.72395324
"tree_882960",34.18053365,-7.230030551
"tree_1954339",34.31043499,-6.869081088
"tree_4664438",35.60910374,-15.89577678
"tree_3918501",29.8887119,-9.820306737
"tree_3213921",27.77432194,-15.19930112
"tree_3053354",26.41923731,-15.08283092
"tree_777271",38.68732589,-6.392743184
"tree_291862",30.43930034,-30.275045
"tree_4535108",32.56905608,-18.1562962
"tree_4443777",30.7157315,-20.88090574
"tree_446155",37.18746572,-2.983375377
"tree_190465",32.21771307,-27.26160377
"tree_105666",29.52169778,-29.60155513
"tree_4241067",29.61287762,-16.49830856
"tree_4592245",25.73080312,-17.90145002
"tree_2841407",32.40398408,-9.733224523
"tree_1983602",32.42799239,-6.203974909
"tree_2549369",23.7630659,-13.11401566
"tree_4352896",31.71338427,-18.54591248
"tree_1213126",36.8991767,-7.607747397
"tree_2322697",31.00589949,-10.96806112
"tree_4072334",28.09326083,-13.97528219
"tree_4757811",33.28142759,-13.05848323
"tree_3653078",23.50506616,-14.26411388
"tree_525207",32.18558802,-6.521202971
"tree_4426864",29.77108496,-17.44936172
"tree_2070068",29.57932856,-10.481176
"tree_4394641",29.19721151,-22.0118026
"tree_1611064",37.70382581,-3.766664559
"tree_2566897",26.50568796,-15.89136132
"tree_4426142",31.29194877,-16.89775088
"tree_4122840",24.18143656,-12.86232463
"tree_308857",37.40138375,-9.633986429
"tree_526363",37.22397512,-9.077778091
"tree_1809462",38.77440757,-8.402575423
"tree_4526440",31.68453734,-17.85935127
"tree_415879",37.09254129,-10.70772995
"tree_3461510",30.99787644,-12.62280347
"tree_3854889",27.01546733,-16.78408923
"tree_107718",29.17436282,-31.01100689
"tree_4571001",30.33098568,-17.97492
"tree_2035396",26.07190222,-14.14926632
"tree_665898",37.10660417,-2.925230421
"tree_351663",38.99517675,-7.220294651
"tree_2745275",28.54074886,-13.6604881
"tree_3985309",27.10489282,-12.15466896
"tree_1776565",37.67380697,-7.733773208
"tree_1602621",37.74610459,-7.915239559
"tree_4495862",30.36956844,-18.48767738
"tree_2421876",24.84103969,-14.91101032
"tree_231139",28.35051276,-31.10160484
"tree_4997074",34.17604276,-10.37687391
"tree_288387",27.49222669,-31.34851808
"tree_3018418",26.16123756,-12.41807914
"tree_3502577",31.00112172,-10.38201406
"tree_1387330",31.0339644,-3.694907373
"tree_147374",31.32093439,-27.42504068
"tree_1837183",31.85853593,-7.349475616
"tree_2060046",30.0158187,-10.53481359
"tree_3991572",23.67661525,-14.44927626
"tree_53295",30.83720757,-29.29054722
"tree_4303801",31.28131146,-20.08706933
"tree_214405",28.7198435,-30.94474868
"tree_3660589",31.47907932,-11.95328008
"tree_727262",29.87557979,-5.045763444
"tree_3997828",30.99039427,-12.61550154
"tree_3756472",30.22063192,-8.399857013
"tree_5012538",33.08779263,-13.26383859
"tree_236323",24.68109416,-29.91878319
"tree_316544",30.89477796,-1.947133099
"tree_1125336",38.64414564,-6.988436005
"tree_1016635",30.58557491,-4.075869519
"tree_170111",29.03418481,-31.14757993
"tree_3510549",26.74106089,-15.44450156
"tree_197911",27.49781578,-33.20473945
"tree_584538",37.23677595,-10.55159497
"tree_4368119",31.43933851,-20.02108157
"tree_205988",19.35982869,-34.48501025
"tree_4115163",27.78279572,-15.91561092
"tree_1240811",35.2366018,-3.2321817
"tree_4484145",32.07757665,-17.61252818
"tree_591765",32.38850815,-8.241752785
"tree_971133",38.04584224,-9.290615674
"tree_4611789",31.24344988,-19.55348794
"tree_1473235",39.20017026,-8.300168183
"tree_3353998",28.02754391,-14.09103122
"tree_4178710",29.93073464,-17.33406342
"tree_2311376",33.01842373,-10.9283062
"tree_4803658",34.4732562,-16.22823973
"tree_934809",31.79651502,-5.743953652
"tree_1865066",37.06991448,-10.60523256
"tree_4539181",31.88177817,-18.27249597
"tree_3330922",26.50091019,-13.32243603
"tree_4952097",33.4430605,-10.06018674
"tree_3765419",25.01745671,-16.77390259
"tree_2755306",26.47828337,-15.88036336
"tree_1297789",36.94154563,-7.37300404
"tree_4228689",30.85158248,-18.26411228
"tree_1831870",29.91091728,-6.023770619
"tree_4291662",28.0629866,-19.8223971
"tree_2049925",28.94640884,-14.47704161
"tree_2403286",29.24317166,-11.79380965
"tree_4575744",29.67138279,-19.433502
"tree_3897110",28.49874052,-13.16368678
"tree_777074",38.22712718,-9.657695148
"tree_239245",25.61456252,-33.56343524
"tree_3088223",24.39445313,-17.06084119
"tree_493697",31.09391193,-3.442314867
"tree_3283075",27.45114615,-12.42132443
"tree_965002",33.89404756,-7.33604368
"tree_2297783",26.99752815,-14.68996934
"tree_1693837",34.94650984,-9.420247374
"tree_4631155",33.06805052,-13.41790019
"tree_64678",30.79564997,-29.15712934
"tree_2488552",31.9442361,-10.23507409
"tree_4982962",33.15251791,-13.24012987
"tree_4517204",29.97770104,-19.33857698
"tree_974827",40.21999945,-10.33127517
"tree_2137599",28.73294155,-13.47748925
"tree_1779258",30.61604448,-6.119867554
"tree_269468",26.87418139,-29.86244118
"tree_197999",31.64077463,-27.48534917
"tree_1252207",38.43392363,-4.591331315
"tree_138441",26.1954674,-27.52077703
"tree_4577233",31.11490078,-18.56511384
"tree_975833",39.76367704,-10.39726293
"tree_1252037",31.59602884,-1.302941075
"tree_4314081",32.96443921,-19.96212529
"tree_2012804",38.30203906,-7.518050914
"tree_3207659",25.9750847,-12.3966241
"tree_3390414",30.48755618,-12.48289499
"tree_4207172",27.89810841,-18.45883027
"tree_2477787",27.45971009,-13.03459596
"tree_3576550",24.72673372,-16.8837019
"tree_3781097",25.22091773,-16.24140297
"tree_59180",28.7252523,-31.05220417
"tree_2441595",27.20630782,-11.90045381
"tree_1642499",29.67590494,-4.640281255
"tree_3538487",31.13967714,-10.66633838
"tree_1392604",33.83220695,-8.917766778
"tree_3293372",25.19387373,-15.05804043
"tree_2807857",29.73140598,-9.691937097
"tree_1196588",35.43366241,-8.380849944
"tree_1294137",31.84140806,-7.957067869
"tree_2451415",22.03973216,-13.87819363
"tree_2171437",26.33783487,-14.11131434
"tree_4749414",33.74550245,-10.68878329
"tree_2045173",23.27014395,-16.93355331
"tree_1427316",39.92062238,-10.79616437
"tree_1343212",34.77342825,-1.539847965
"tree_3422921",29.91088798,-8.456920203
"tree_3053108",31.88446886,-13.28069787
"tree_4093580",25.58429892,-14.10419271
"tree_4744625",35.14791358,-14.32739548
"tree_1094874",33.9294752,-6.993844838
"tree_937035",36.39219187,-4.927490293
"tree_997474",38.88267371,-7.534006972
"tree_5090",29.78411463,-27.52907057
"tree_3723",27.59283033,-25.77525643
"tree_3682134",31.48620091,-10.27500931
"tree_3717906",27.51641234,-16.16189312
"tree_269148",30.24575552,-26.93445952
"tree_3833688",24.12743871,-12.82915045
"tree_3710873",30.13940977,-9.449621374
"tree_573563",39.0489943,-7.752253388
"tree_2493190",30.33502803,-11.10120857
"tree_2368678",31.87229906,-10.75855899
"tree_3654329",23.28718167,-16.79679998
"tree_2802310",30.7922519,-11.25707311
"tree_3895222",30.72978026,-13.0902168
"tree_3661344",33.37242967,-10.5978265
"tree_1553044",39.39858306,-8.968159073
"tree_2764283",24.02737592,-14.16594356
"tree_33016",27.4879898,-32.86903121
"tree_2287777",28.74547193,-13.8095916
"tree_483118",34.73087903,-5.333513366
"tree_3408895",27.00510047,-13.36985347
"tree_1405509",30.70240498,-3.836438506
"tree_1841015",31.00484703,-1.253810841
"tree_108049",29.24278411,-31.13811447
"tree_4128095",31.16987627,-9.17782751
"tree_3802989",27.81831351,-12.43439578
"tree_583588",38.18971632,-7.685724741
"tree_1683776",38.91314328,-7.635873329
"tree_4629278",33.03343421,-13.3656148
"tree_4551729",31.10516495,-17.62424732
"tree_2971256",26.64027693,-15.4188096
"tree_2590188",24.81697053,-12.48307528
"tree_4601794",30.64154083,-17.24220341
"tree_2415141",29.06143598,-14.54501261
"tree_159497",19.03385848,-33.04869462
"tree_259271",24.89275844,-28.09880099
"tree_227790",22.16302832,-29.00811599
"tree_2222389",22.67166026,-16.85115876
"tree_4127982",30.09929451,-9.96346052
"tree_4850172",33.91308503,-10.86321816
"tree_3983312",24.70753248,-11.38995011
"tree_3453091",31.10208598,-12.08426398
"tree_1085173",34.17052737,-2.424102032
"tree_3374922",29.05891188,-11.79930863
"tree_3477403",30.37721667,-9.830673667
"tree_1651245",40.13246704,-10.59711931
"tree_2132833",30.92179266,-12.6511097
"tree_4330418",29.76044766,-21.76137362
"tree_1357244",30.17441598,-6.16016336
"tree_2419104",24.85915917,-13.17044782
"tree_745948",38.29203278,-9.68095313
"tree_9178",32.00226262,-28.52898352
"tree_766806",38.46069718,-5.320892755
"tree_3362001",22.42844457,-14.76767624
"tree_2937587",27.01736041,-13.8924369
"tree_1813414",39.21549519,-7.36714447
"tree_2957325",28.08000927,-15.32090972
"tree_2437425",25.86023786,-13.94625478
"tree_2055367",28.0441309,-12.61279713
"tree_56934",26.94215195,-33.38359154
"tree_3866474",26.15375539,-16.11375451
"tree_4734190",35.33668063,-15.34335463
"tree_527044",35.45385526,-5.190539877
"tree_2747277",26.84941718,-12.76550652
"tree_1624615",30.56583279,-1.205311637
"tree_954463",30.35272608,-5.480453332
"tree_230059",26.5902195,-32.06942538
"tree_273288",30.72713853,-28.46966665
"tree_2211926",23.15241241,-13.95653157
"tree_3137577",32.64801109,-11.55960717
"tree_2894858",33.05709665,-10.44079004
"tree_4443648",32.79126753,-18.19334671
"tree_3604245",29.54525312,-11.28691184
"tree_1501056",31.27285306,-4.068567594
"tree_168405",30.97386986,-29.1341418
"tree_30977",28.24801604,-28.27125262
"tree_3618237",23.38219625,-14.62046583
"tree_3257374",28.16213288,-13.03378464
"tree_133891",29.02796469,-30.43902279
"tree_887218",36.30015213,-11.56340735
"tree_4898442",34.05632803,-10.3692114
"tree_2873508",25.7212317,-15.3006266
"tree_3906825",25.26698267,-11.55834511
"tree_4476441",31.52876397,-18.89820781
"tree_1840627",30.99420973,-1.241550819
"tree_796147",34.2669843,-1.567072425
"tree_4343075",31.40526308,-17.27672979
"tree_1917295",34.34234691,-9.231208657
"tree_4797491",33.24879451,-12.88594145
"tree_822229",38.40147083,-6.540404329
"tree_3715895",31.56697232,-10.28501565
"tree_3274553",30.26570525,-10.60548901
"tree_1261687",31.43313383,-3.162227458
"tree_1496166",39.07017877,-11.02513831
"tree_3001682",27.61656528,-12.39500145
"tree_693235",31.25004595,-1.591953058
"tree_549561",31.80841438,-5.831666896
"tree_1155465",38.11696796,-9.619653022
"tree_1300625",31.63875836,-7.047752875
"tree_2162527",24.21758537,-12.31567189
"tree_3858711",24.92262242,-14.5663775
"tree_1202444",32.89468166,-6.043332565
"tree_3925122",25.7090619,-16.74676828
"tree_167776",32.11539664,-27.4099861
"tree_4178419",30.81678588,-17.89937663
"tree_2423332",24.27627085,-14.89784882
"tree_2968833",28.85319719,-13.57583986
"tree_3786615",31.45203532,-13.63037893
"tree_246363",28.10567451,-31.15641435
"tree_355968",31.49281092,-4.557526108
"tree_44510",19.97841487,-34.68324399
"tree_1805470",37.41039842,-9.06128115
"tree_4527150",30.98031186,-17.06037647
"tree_286755",31.08907725,-28.32128433
"tree_4320849",28.7894783,-20.14719753
"tree_4225143",31.23326331,-19.39960664
"tree_127214",22.74420365,-33.89716024
"tree_3271062",29.13427449,-13.86340949
"tree_1310008",35.28582188,-8.375711552
"tree_2623715",26.72005672,-15.46586645
"tree_245280",30.72659765,-26.30973929
"tree_1444947",38.23902654,-10.70989348
"tree_4727207",35.11230566,-16.57774049
"tree_3734734",28.3451306,-15.03018494
"tree_1094242",33.6864398,-7.45530845
"tree_320590",33.66011697,-9.136283636
"tree_3857515",28.2075668,-14.36733244
"tree_3708694",24.18287891,-11.7320588
"tree_198819",24.63358688,-33.809447
"tree_2316440",26.42978447,-14.11446949
"tree_3194790",28.03529653,-15.31324721
"tree_2920124",27.27770398,-16.33858167
"tree_4336838",30.61413625,-17.13024056
"tree_3579687",26.71122235,-15.25420078
"tree_709857",38.42878527,-6.152861436
"tree_3970992",28.0197913,-15.02693964
"tree_274879",26.10333755,-25.09176022
"tree_3610333",28.15510144,-13.57493839
"tree_3152839",27.91080399,-14.09121151
"tree_1537751",34.83725209,-5.65651085
"tree_2797302",24.97571881,-15.51779125
"tree_1169353",34.96372786,-8.451074627
"tree_3911460",31.93161557,-10.48802718
"tree_364264",38.77548933,-7.059832602
"tree_2688830",24.27789349,-13.37291847
"tree_1995324",37.3570316,-7.806882603
"tree_369722",37.66677553,-8.638761136
"tree_3970873",27.15582569,-16.49291371
"tree_714380",34.84554558,-3.60232618
"tree_127518",29.24981555,-31.57839348
"tree_3762331",31.56453836,-9.1457351
"tree_1577878",38.26426761,-5.348838393
"tree_2051605",24.20144912,-11.09066134
"tree_1472519",31.3447901,-1.252729074
"tree_4288150",31.19504114,-19.7137697
"tree_281654",20.07063487,-34.06943158
"tree_4116363",24.91559098,-14.33379768
"tree_48352",29.28019496,-25.48056518
"tree_2433678",27.34900999,-13.67202695
"tree_2646776",29.22478174,-14.00322783
"tree_2828033",32.59806984,-9.693740042
"tree_2936464",23.35055478,-16.61253907
"tree_2176105",22.36930836,-14.70682687
"tree_3138049",28.55255807,-13.88765909
"tree_4454511",30.37281372,-19.3313652
"tree_1965188",30.88206728,-1.974988589
"tree_3080442",25.94885203,-16.50517373
"tree_830921",38.54417299,-9.107706967
"tree_639072",37.25462499,-8.02639108
"tree_2729014",24.82120743,-12.87548612
"tree_4861877",34.48993332,-13.58755725
"tree_31492",29.63942928,-29.11602221
"tree_1421937",34.99041127,-9.334968105
"tree_340660",39.58987428,-10.023783
"tree_216082",32.71991995,-26.88785341
"tree_4507926",30.3973336,-18.61947261
"tree_402626",34.89765035,-9.289714202
"tree_1829934",38.52118559,-8.116087563
"tree_4155314",31.20333463,-19.37148071
"tree_3646392",26.12562963,-14.76253785
"tree_207129",19.21018528,-34.35186281
"tree_1357357",34.90350989,-9.132677747
"tree_1694204",38.17493226,-4.996813504
"tree_4401157",32.72266594,-19.08733668
"tree_2038373",29.33268729,-10.53589536
"tree_3063638",25.02674182,-11.67607738
"tree_2695644",26.62441111,-13.29385936
"tree_76149",28.57146215,-31.9457434
"tree_552448",32.28294641,-6.045225657
"tree_4230234",29.03819285,-19.77552054
"tree_4458981",29.70059029,-17.1322238
"tree_3493576",27.36631814,-13.16891532
"tree_4187574",30.62360165,-19.38572397
"tree_1943611",36.49757332,-6.802101704
"tree_2230951",25.0622596,-11.66616118
"tree_2119275",24.62703152,-15.13178086
"tree_211229",29.39972939,-30.93654529
"tree_3453314",29.33809609,-9.158716299
"tree_597835",37.65676925,-8.180001941
"tree_3971579",25.67498647,-11.79786627
"tree_2468266",29.94874958,-8.457461086
"tree_194783",30.27054585,-26.90741535
"tree_4163148",30.33233788,-18.10049508
"tree_50094",28.6999211,-30.17723527
"tree_3047733",25.50037238,-14.01999521
"tree_4575902",31.01718184,-17.56366839
"tree_3128440",25.07902688,-16.71891279
"tree_3259999",31.39353014,-10.47567702
"tree_75175",27.99425327,-32.24277849
"tree_986604",39.8416539,-10.13024687
"tree_672232",30.60567761,-6.090840149
"tree_4506182",31.39985428,-20.99647447
"tree_118289",31.08520095,-25.92408949
"tree_3330209",27.27211488,-13.83519341
"tree_42243",30.21186039,-28.11827279
"tree_801090",36.88457294,-5.65101187
"tree_4781943",33.51247341,-14.33289446
"tree_4670489",34.56403385,-15.81617679
"tree_4667627",35.6530953,-15.93517112
"tree_1074711",38.2549825,-6.991140422
"tree_4588360",31.20621932,-18.81554281
"tree_1096823",31.25049669,-5.739085702
"tree_4638953",34.64949286,-16.39365987
"tree_3281406",30.46871553,-14.25248489
"tree_143409",24.85300378,-34.00903294
"tree_2303839",28.06098832,-13.35074226
"tree_4403622",30.98454876,-18.58945359
"tree_3814402",31.00788272,-11.71799584
"tree_136368",29.65664729,-30.41504363
"tree_2706985",30.24740547,-15.59739124
"tree_1671535",33.98942273,-9.217866868
"tree_3538150",29.42310439,-8.642353031
"tree_3945454",24.92676917,-14.08228694
"tree_3396708",24.61260805,-17.20354423
"tree_3620188",31.98903899,-10.3383828
"tree_4252744",31.60908461,-17.43457757
"tree_4749455",35.35461981,-14.04532483
"tree_11789",30.33959816,-30.34662189
"tree_4527358",31.42779974,-18.92714507
"tree_1921906",39.02663793,-10.97636866
"tree_4934122",33.8109489,-12.35163889
"tree_1637896",39.00545346,-7.240307334
"tree_755278",34.5872754,-9.528153595
"tree_4286585",25.73314693,-18.34308124
"tree_505547",34.41094852,-7.220474946
"tree_1736749",33.01214276,-6.758740892
"tree_1140865",35.17467105,-6.60972754
"tree_60719",30.05428408,-25.72297105
"tree_2301705",22.89801853,-14.27357934
"tree_4579558",31.31403469,-17.0755212
"tree_65796",27.66756188,-28.24835523
"tree_4629735",35.46225488,-14.1792836
"tree_173887",17.12797841,-29.22753432
"tree_4449807",30.84860764,-19.15918401
"tree_107444",27.91582571,-24.05488691
"tree_4547500",29.25472506,-16.06388911
"tree_4162365",30.97373116,-16.62794026
"tree_2811899",24.79317181,-12.90577559
"tree_3929641",32.45455636,-9.906036742
"tree_54146",30.58542803,-26.71224662
"tree_4499849",31.11922782,-20.80328898
"tree_5497",30.66692058,-27.42251656
"tree_4401065",30.51704833,-17.17792844
"tree_2697488",28.70634828,-10.23236967
"tree_1708282",36.0617142,-10.74532134
"tree_1012189",31.02540047,-2.44104971
"tree_4043374",24.97166221,-13.31919073
"tree_244688",30.1795879,-28.18317879
"tree_110251",26.72543945,-32.53269194
"tree_2568912",24.68770022,-16.6504009
"tree_996706",35.54832896,-11.42854711
"tree_3829797",27.19954682,-12.20424993
"tree_2426519",25.05468728,-11.46765701
"tree_2684981",28.12463187,-12.83996812
"tree_1241995",34.5952083,-1.864648394
"tree_1075100",37.29338805,-9.289083171
"tree_3300690",23.14880655,-15.2049804
"tree_552957",31.37913597,-4.128515495
"tree_3608717",32.06494248,-13.36705891
"tree_4545464",30.64947373,-17.3007991
"tree_3039213",28.66199612,-15.36138582
"tree_3963867",26.25165466,-17.29008556
"tree_13764",29.24260382,-29.78906134
"tree_1734745",39.3664007,-10.56439587
"tree_4752248",33.88667207,-14.46676308
"tree_26623",30.56649723,-26.61966543
"tree_43544",29.25874006,-30.03534354
"tree_403198",38.35134928,-5.720244934
"tree_201101",30.73615319,-29.81862963
"tree_736719",35.92595333,-3.237139797
"tree_4862277",33.29549047,-13.01899874
"tree_157872",30.65925812,-25.09049816
"tree_1276781",35.01511145,-10.64805249
"tree_2398532",31.32555956,-10.35776445
"tree_3310674",25.27816086,-15.95410378
"tree_3249508",31.16825363,-10.68572004
"tree_39182",28.04149011,-28.51564173
"tree_99098",31.12883192,-28.29577267
"tree_2319932",31.92088811,-12.13681981
"tree_21237",28.90707806,-31.48734479
"tree_2999455",30.00085435,-8.456920203
"tree_4871543",33.9607726,-10.47333144
"tree_4319720",31.11003287,-17.64299794
"tree_1834445",37.74754694,-8.972215698
"tree_3666031",22.32405473,-15.00287033
"tree_4475085",27.63776494,-19.33641344
"tree_2430408",31.90294893,-12.26951652
"tree_5008409",33.79012503,-10.78533096
"tree_1371159",38.77575977,-9.514992101
"tree_4328405",30.07578057,-20.89082193
"tree_2368199",32.69038002,-13.43457917
"tree_1538926",39.5918575,-9.764159013
"tree_630648",39.24821843,-8.37805538
"tree_216813",29.38909209,-28.9170673
"tree_2101918",26.49523095,-15.09545153
"tree_4907249",33.68050673,-13.60982362
"tree_4511404",32.77756524,-18.27817524
"tree_2251982",22.03585585,-14.99133149
"tree_237518",30.26630895,-27.79094824
"tree_4503966",30.46936076,-19.02955231
"tree_205303",28.44895288,-24.76416523
"tree_4745555",32.82952253,-13.53409995
"tree_3571518",27.29816727,-16.95554924
"tree_4313836",27.70023656,-18.00331637
"tree_4132541",25.7754257,-18.26294036
"tree_4280799",29.45439985,-17.1938845
"tree_2163058",27.59420891,-12.52003564
"tree_4840764",33.38635827,-10.9476861
"tree_197537",27.5574027,-32.90815511
"tree_141964",23.23397029,-33.87669682
"tree_2861355",29.78810823,-10.75242898
"tree_1794850",38.39921716,-6.534364465
"tree_2147956",30.78386826,-11.18892181
"tree_69028",30.15831329,-30.34572042
"tree_256045",25.07719845,-33.71966037
"tree_4387610",27.41582394,-19.06822547
"tree_3682861",29.14617385,-11.09886474
"tree_1120313",33.092193,-7.10950372
"tree_4459643",30.47648235,-17.70646158
"tree_112795",24.40353268,-33.15858408
"tree_4381280",31.70878679,-18.37418203
"tree_204079",32.11134004,-28.32939758
"tree_193568",30.07348531,-30.8890377
"tree_793168",39.79018016,-9.850880637
"tree_2150903",26.51884937,-11.9962803
"tree_78426",27.57155572,-25.3922209
"tree_3878816",29.31159297,-11.01944504
"tree_4342275",30.51858082,-18.14124162
"tree_2706450",27.22334554,-12.2897095
"tree_2697236",26.75431245,-16.10320728
"tree_52954",21.24623709,-34.07429953
"tree_665431",30.40465055,-5.800385811
"tree_214244",28.38161335,-31.21807505
"tree_4510744",28.66480551,-20.64661312
"tree_1988577",32.885667,-1.929013508
"tree_4990978",35.52824222,-15.9276889
"tree_584156",39.51793724,-9.98303646
"tree_146467",29.28551361,-28.48445079
"tree_573507",38.3224122,-4.93731634
"tree_3843881",31.44824916,-9.856455771
"tree_1728332",39.46943834,-9.423582821
"tree_1368187",31.57989259,-7.118067705
"tree_242852",31.21032447,-22.42259123
"tree_2303649",28.52019542,-14.06335602
"tree_3372",28.75518098,-28.30469724
"tree_50048",30.1608374,-25.35967776
"tree_209418",30.48509483,-27.23852609
"tree_3110772",28.59654965,-15.62542703
"tree_2004822",39.65532075,-9.764609749
"tree_2118312",25.626758,-16.11600819
"tree_325978",31.21533949,-3.762157198
"tree_386687",31.66210635,-1.359914117
"tree_1044517",40.09812116,-10.27213859
"tree_613799",31.85871622,-1.276167351
"tree_23930",21.58086138,-34.22980348
"tree_2466426",25.63730516,-15.85917876
"tree_4260730",32.83967627,-20.16171123
"tree_1166350",37.84012756,-8.3595752
"tree_4527528",30.89422183,-17.5258967
"tree_3237902",29.96434495,-13.26311916
"tree_2428903",24.75404816,-14.60225609
"tree_807951",31.62749003,-2.467012109
"tree_1776425",36.80100698,-3.117514438
"tree_4403590",32.77666377,-17.02080184
"tree_1136829",38.28319841,-6.147452603
"tree_3816615",23.34253172,-14.34659858
"tree_4937123",33.53059288,-14.24959843
"tree_4793802",34.20326704,-14.05704397
"tree_4917253",35.14475845,-14.32360929
"tree_4397889",31.18485457,-19.40456474
"tree_4179908",30.38300029,-18.16080356
"tree_102886",24.48971286,-33.50763411
"tree_2856845",29.34819252,-13.67049444
"tree_283182",31.64140566,-29.03867589
"tree_1275695",31.68058641,-1.777205592
"tree_4799264",34.22345988,-14.31919208
"tree_1076570",30.95679886,-3.705094009
"tree_125934",31.19427837,-29.35978029
"tree_535776",37.1449165,-9.205065963
"tree_4071745",26.25426892,-14.20578863
"tree_280551",24.43905045,-29.80970505
"tree_2966199",27.19260553,-16.07643356
"tree_208111",28.91365876,-30.52403162
"tree_3795998",30.65658117,-11.82013263
"tree_2695083",29.42355513,-15.14917927
"tree_315300",31.2812367,-2.403007583
"tree_473473",34.64460867,-7.717005826
"tree_2130042",29.68335781,-14.06515897
"tree_4612867",30.11427318,-17.34992933
"tree_2459224",32.89483265,-12.6688687
"tree_214951",26.93791506,-33.3069664
"tree_2830343",25.26283592,-11.56492586
"tree_336253",29.680863,-4.571859516
"tree_4219619",32.78784196,-18.09715963
"tree_1563",26.73634719,-32.73732613
"tree_62790",30.56523518,-26.15198166
"tree_1978470",39.78648415,-5.351632957
"tree_4971",27.60716364,-24.92120168
"tree_4363749",30.40752017,-17.79345365
"tree_4234764",31.94343847,-17.56907722
"tree_3636310",22.72800193,-16.88757823
"tree_2574300",32.25307857,-12.94823493
"tree_2687642",25.96228388,-17.47876369
"tree_607873",31.59332444,-7.134294205
"tree_2515070",22.7677566,-13.4789316
"tree_119833",32.41279038,-27.69584293
"tree_1958910",31.16837308,-5.317196719
"tree_1882211",39.27760624,-7.886662891
"tree_1964394",34.76693769,-11.08472562
"tree_139140",30.03742666,-29.86478501
"tree_2050859",25.13545869,-14.18974242
"tree_4979328",34.62109667,-15.22868737
"tree_4028933",27.29942932,-11.91199265
"tree_1224610",35.47431855,-3.21307049
"tree_143645",29.98415,-28.33065964
"tree_1734514",35.51876086,-10.87540378
"tree_374480",34.61071353,-6.843208836
"tree_4212583",31.26733874,-17.4676616
"tree_866789",34.08966582,-7.368045943
"tree_568539",31.76144797,-7.387067006
"tree_1350001",35.13996458,-8.401493657
"tree_4556109",30.79497039,-18.24635327
"tree_4023063",32.08567621,-14.01143122
"tree_2578210",24.13149531,-13.63858233
"tree_174416",29.63158653,-29.10159865
"tree_1064231",37.20315124,-9.789580529
"tree_39482",31.10295983,-25.11447732
"tree_4358352",32.81840166,-19.48470562
"tree_2653838",25.63252739,-11.98564293
"tree_835312",39.44266478,-9.047128036
"tree_38716",29.11216164,-30.59155188
"tree_724922",30.85538387,-2.319711553
"tree_213969",31.09115063,-29.13702651
"tree_123481",30.95701244,-22.74603945
"tree_133631",20.10128473,-34.07646306
"tree_2018283",27.217486,-14.50498725
"tree_4528433",31.15898249,-17.95427629
"tree_4896817",33.87441213,-10.43294548
"tree_2385",30.66701073,-26.22436988
"tree_2631361",32.00165952,-9.753958384
"tree_1804804",30.7762351,-1.503698931
"tree_263855",19.59610301,-34.46833302
"tree_2790168",31.20268966,-9.149070547
"tree_1678047",30.82157887,-4.126171667
"tree_134363",31.08997872,-25.86044556
"tree_1456667",29.82951485,-5.337209402
"tree_3544723",27.071809,-16.36914158
"tree_2723943",26.17286648,-14.50769166
"tree_4586544",31.41238467,-19.46685647
"tree_3515325",28.77801488,-13.5747581
"tree_1109897",30.92786178,-6.633977141
"tree_2216049",24.80642337,-15.50363813
"tree_2456576",24.23056649,-11.75414487
"tree_1918320",36.77738856,-4.560771408
"tree_2604239",24.21848684,-14.83348371
"tree_4380115",31.03241662,-16.80192439
"tree_1786336",31.24310466,-6.910098072
"tree_4065601",30.25596941,-10.62613272
"tree_4195833",31.33269504,-17.47027587
"tree_3242103",30.78125401,-12.73647911
"tree_2160840",25.12923857,-17.09951434
"tree_1962455",31.1651278,-4.481982739
"tree_3117798",30.21197784,-13.57214383
"tree_2670919",25.61548967,-16.08544828
"tree_2100835",22.41032509,-15.17396975
"tree_4475693",32.70941439,-17.23877781
"tree_5048390",26.71824707,-22.36941311
"tree_2997068",25.59214168,-15.06777633
"tree_191741",30.74733138,-25.70638396
"tree_3598565",25.03728898,-14.74595076
"tree_2488259",27.01970423,-14.61956436
"tree_1654650",38.79622306,-7.506061334
"tree_214577",20.25597635,-34.16480733
"tree_5024399",25.72510129,-20.93724425
"tree_237020",32.70035813,-26.88722238
"tree_3716060",30.53524377,-12.09535209
"tree_1741408",34.40040136,-8.195326968
"tree_1967365",37.20252022,-9.739458675
"tree_4906351",35.55447489,-15.93237656
"tree_4491989",27.17639449,-18.7089888
"tree_4542870",31.32629463,-17.69537347
"tree_2237236",25.27798056,-14.80526763
"tree_206111",25.11253593,-33.892112
"tree_19946",30.3920635,-26.76930981
"tree_4251945",31.73222491,-18.13249734
"tree_682901",37.23064598,-2.941817509
"tree_609419",37.23641536,-8.287277131
"tree_1845642",38.83660877,-5.399861719
"tree_10893",27.52341742,-32.75454425
"tree_147362",25.94702329,-33.67855324
"tree_4738266",32.98241122,-13.27249272
"tree_1061776",31.25139815,-1.420583195
"tree_272794",18.82967636,-33.34987648
"tree_432512",34.66074492,-2.250748931
"tree_2280692",31.13949684,-11.39445747
"tree_4115269",26.24372176,-15.52193802
"tree_3154811",28.97958281,-14.05920925
"tree_1234733",36.22848553,-4.237323188
"tree_1288412",34.2725734,-4.170884687
"tree_4119326",24.2842939,-14.17432725
"tree_46696",27.19257929,-31.78555179
"tree_4761427",34.21732991,-11.65660383
"tree_4483366",28.43240749,-19.5904483
"tree_4838054",34.38617455,-14.07651577
"tree_2323975",26.53624768,-15.59991536
"tree_2665926",31.33565598,-8.89260171
"tree_3975348",22.86439383,-13.10770536
"tree_810940",38.16005806,-4.657589521
"tree_200949",31.26819861,-28.92860614
"tree_14267",30.09620226,-31.03318311
"tree_5137",29.84613551,-27.39114533
"tree_4554542",29.95696731,-18.5373485
"tree_4249692",32.6060162,-18.46559131
"tree_4470059",31.23281258,-18.85908392
"tree_265835",26.92962157,-24.49119945
"tree_1880579",35.87997853,-2.619901791
"tree_1103026",31.6863558,-4.751072186
"tree_1187488",39.65180503,-10.41655443
"tree_141022",29.72461785,-31.13486917
"tree_351305",38.23100349,-8.10581078
"tree_3295993",26.62296877,-14.57656414
"tree_4337747",31.10714817,-18.5762921
"tree_3711093",28.38786012,-13.2166032
"tree_4395104",31.35099481,-19.83420638
"tree_20935",30.69252222,-29.32363125
"tree_4582622",30.9484901,-19.11780644
"tree_1854959",35.72645877,-10.32775942
"tree_284028",31.45867844,-27.79770928
"tree_1941149",38.2078358,-4.518852951
"tree_1641220",36.1186869,-10.28962715
"tree_1540282",29.90235335,-5.538417994
"tree_4564532",31.44709112,-17.94994922
"tree_3426901",31.56562012,-11.95499287
"tree_4124683",23.67021484,-16.30639912
"tree_422251",38.4576322,-8.730080268
"tree_35698",30.28478901,-30.42126379
"tree_2167913",27.12382362,-11.79714509
"tree_2754426",32.54884976,-13.69050713
"tree_834297",31.09183856,-3.44510943
"tree_3925078",23.68364669,-17.51680582
"tree_4287734",30.46593519,-16.09273622
"tree_35049",21.7005761,-33.27631635
"tree_1844930",37.08857484,-10.34921446
"tree_3318550",27.81317515,-15.20263657
"tree_1112838",32.64145969,-5.114365477
"tree_4763710",34.98339598,-16.65770108
"tree_3127043",24.6639015,-14.91101032
"tree_2643696",29.16780905,-11.70077772
"tree_200656",32.52682587,-28.19643043
"tree_3689809",29.30979004,-10.45972096
"tree_4107430",30.05737631,-11.15872249
"tree_2890028",30.2372189,-12.57574662
"tree_2300716",30.43869669,-8.503526315
"tree_1913508",30.55817032,-2.588620706
"tree_1265099",34.37858587,-6.131496545
"tree_2615446",28.79865846,-15.65120913
"tree_1948575",34.84221016,-6.745939987
"tree_376567",35.41274838,-1.855092789
"tree_103260",30.72389325,-29.34373408
"tree_559651",34.42780595,-6.583674993
"tree_3902267",28.26021245,-14.27457096
"tree_1655036",37.28590588,-9.288993024
"tree_49779",24.29292276,-33.86578901
"tree_1305517",30.0645272,-5.892606416
"tree_5027180",21.69581592,-19.14241313
"tree_2265942",32.61591888,-11.38796687
"tree_1640859",39.29770894,-8.853942547
"tree_4600215",25.70907778,-18.07624547
"tree_2114445",26.25985801,-16.21327704
"tree_4417591",31.68381617,-18.8273521
"tree_347603",36.21775808,-5.682923985
"tree_4579989",32.75322565,-19.41222725
"tree_1971518",31.48208346,-5.118061513
"tree_1744368",34.4400659,-5.985548198
"tree_4266978",30.93758236,-19.00025446
"tree_4056189",27.75430938,-15.93823787
"tree_4591008",29.80543083,-20.83159521
"tree_117980",27.07493793,-25.9968383
"tree_5005607",35.08787593,-14.8839644
"tree_1849326",37.53669389,-4.110936787
"tree_1013148",33.92785256,-7.613606966
"tree_4434621",31.84824362,-18.26266992
"tree_3068057",28.30690842,-14.6278579
"tree_1999312",31.55230771,-1.26291571
"tree_1017575",29.9725776,-6.333426315
"tree_4275613",31.39850208,-17.69014494
"tree_4072182",28.4370802,-15.18172242
"tree_1394487",32.24481437,-5.790559764
"tree_475790",31.1232096,-7.927679876
"tree_4867447",34.63579057,-16.14241957
"tree_4068026",30.4466296,-12.13817202
"tree_38705",28.05825738,-28.22942431
"tree_3289690",30.57833387,-12.08516546
"tree_518190",34.69355831,-9.354349757
"tree_1445549",33.93713767,-7.640831426
"tree_1969864",32.12131345,-2.871051942
"tree_283210",32.34833554,-28.35373733
"tree_273108",29.76437251,-25.28981366
"tree_3006303",27.35865568,-13.3445221
"tree_4998851",34.93579856,-16.14314075
"tree_3492044",22.74549038,-14.46802689
"tree_676748",29.86485234,-6.199287253
"tree_170317",30.10837206,-25.10212715
"tree_117881",27.12794415,-31.97792596
"tree_1428704",31.27654907,-5.319270105
"tree_176505",28.83117459,-27.02478703
"tree_1720928",37.58997057,-8.63281142
"tree_3887405",22.4667569,-15.8886569
"tree_3113863",27.72960919,-14.67960241
"tree_1101228",37.27734195,-9.341909441
"tree_3701167",32.2751645,-9.379306543
"tree_1044709",31.43944409,-2.615304283
"tree_2773563",23.49019196,-17.13458161
"tree_4627036",34.84619281,-14.48109648
"tree_270951",22.69236934,-29.45019795
"tree_4341331",30.88322394,-16.52796699
"tree_3924386",29.87167419,-13.37733569
"tree_3059624",29.56950257,-8.575644089
"tree_3892720",26.1195898,-15.47001322
"tree_4385065",32.09362275,-19.86125055
"tree_856037",36.34540575,-10.54717775
"tree_4752999",33.48425751,-10.94380977
"tree_4289086",30.12085389,-21.01477436
"tree_4988054",34.69528735,-16.11086805
"tree_4641820",34.85556806,-13.70546981
"tree_1366220",32.28763404,-6.144117156
"tree_3929143",25.44195734,-14.93453874
"tree_241425",31.52115005,-25.78039483
"tree_918695",39.12507809,-10.64345498
"tree_4088726",29.29753009,-15.3441677
"tree_1658106",38.17439138,-5.573665556
"tree_74262",26.66873722,-32.46931845
"tree_1290205",34.28681657,-1.564548303
"tree_200983",29.66953826,-29.24195787
"tree_2172587",29.10605858,-14.35299904
"tree_3547905",25.71302836,-15.48804266
"tree_4136505",31.46376824,-18.00593064
"tree_3005997",26.40490399,-13.06524602
"tree_1476996",33.26031652,-7.220384798
"tree_4755436",34.20398821,-12.77524067
"tree_2947934",29.24145887,-10.28465506
"tree_1211000",34.18368879,-6.314224957
"tree_509510",36.20432622,-4.680036178
"tree_4328897",31.53786878,-18.04081762
"tree_243217",28.61626503,-32.04193048
"tree_924804",31.16467706,-4.608549434
"tree_2903754",27.91008281,-13.11203242
"tree_3537658",24.06857294,-13.76839432
"tree_4264837",30.90242518,-17.93219022
"tree_3915758",29.85301383,-10.53427271
"tree_4392494",31.57356684,-17.98663914
"tree_138913",28.61689605,-32.46057417
"tree_1974817",35.48423469,-8.070653364
"tree_3494662",30.92017002,-9.994921899
"tree_465825",38.75078914,-6.469819056
"tree_1132578",39.47115112,-8.970412753
"tree_1106642",40.25281283,-10.32090824
"tree_2508152",26.67408192,-16.48480046
"tree_1240327",38.56499687,-6.956884478
"tree_266109",31.27288623,-25.7616442
"tree_720629",38.4533953,-8.154219836
"tree_323679",39.30041334,-7.3110729
"tree_2367243",22.12275723,-15.4333233
"tree_1073702",38.21621944,-4.496766883
"tree_3041193",23.6077432,-14.75036797
"tree_3545785",24.75981755,-13.20677715
"tree_466502",38.07054243,-9.376706268
"tree_4571991",30.70211936,-16.0464907
"tree_1151772",32.21173055,-5.6014309
"tree_2739697",31.13471907,-11.31467718
"tree_2260168",25.85419803,-14.34515623
"tree_5011033",33.233109,-13.15548163
"tree_900971",38.88745148,-7.486769829
"tree_1767728",32.20677248,-7.032878584
"tree_1698982",39.72491398,-9.756766941
"tree_4121307",25.31890715,-14.63065247
"tree_5016428",35.33668063,-15.10257141
"tree_4705769",33.70286309,-10.65894456
"tree_2215017",26.55626024,-12.27041799
"tree_5014486",33.86873289,-12.5731306
"tree_2030471",30.33935507,-10.38607068
"tree_239999",30.72479472,-26.38834767
"tree_1443639",33.14231454,-7.210919341
"tree_1333190",35.18575909,-9.544740683
"tree_4774113",33.37256584,-11.93696168
"tree_1564857",38.56139101,-6.940657979
"tree_60550",30.35510339,-30.573252
"tree_28293",31.08880681,-25.23320121
"tree_1592771",34.16656092,-6.471171265
"tree_45813",32.27901278,-28.03984471
"tree_4826367",32.99313867,-13.8241937
"tree_1539344",38.51144975,-10.8374518
"tree_159924",32.04120597,-28.58577627
"tree_4338168",32.70932424,-20.36544394
"tree_1363678",37.18539235,-3.041069597
"tree_4587223",30.5339959,-20.87044866
"tree_1340131",31.318918,-2.358745299
"tree_4595788",32.77242688,-18.18144728
"tree_2645213",22.88161184,-14.2376106
"tree_846867",39.87509832,-10.28097302
"tree_2443524",28.70724975,-15.09148505
"tree_4516268",32.08001061,-17.57403532
"tree_4495982",31.60647036,-17.28421201
"tree_4704424",33.74766597,-14.51445095
"tree_3623688",31.41318211,-9.215328753
"tree_80653",25.83911777,-26.42864347
"tree_3177075",31.31140653,-9.169894554
"tree_3922614",26.50541752,-11.9995256
"tree_494657",35.89539361,-7.891530841
"tree_288985",29.33933115,-29.75065863
"tree_4522601",29.98960039,-18.23643708
"tree_3357506",28.86906301,-13.15611441
"tree_1357443",33.97454853,-7.599814442
"tree_181995",31.21771649,-28.69395293
"tree_4879846",33.59703095,-10.65687118
"tree_520101",31.10085323,-2.605658531
"tree_3184028",23.54085438,-15.29341482
"tree_4302052",30.05008878,-15.68743433
"tree_4634530",33.12781773,-13.1710771
"tree_2083810",24.83905646,-14.89280058
"tree_4507430",32.9885985,-19.8094159
"tree_4577028",31.45087728,-17.88296984
"tree_2815453",30.02212896,-12.82635589
"tree_1284750",38.50694242,-6.094085449
"tree_3457697",26.49982843,-13.68176285
"tree_22845",25.4892587,-33.51628824
"tree_141334",23.55777699,-33.86299445
"tree_25066",29.70613779,-25.22788252
"tree_1473345",39.11588313,-7.805259953
"tree_552825",37.7202325,-9.034868015
"tree_671949",34.36371167,-7.56682056
"tree_2169008",26.469449,-11.99528868
"tree_4494213",30.47395824,-20.4123205
"tree_3013490",24.72033331,-14.3557936
"tree_3525607",29.33800594,-11.88945585
"tree_4253462",30.55463947,-17.67815536
"tree_1394107",36.71969469,-3.251653499
"tree_1592768",38.75890234,-5.681211188
"tree_2086292",26.00528384,-15.91119371
"tree_75914",29.80466806,-25.1266472
"tree_2584159",30.70922683,-11.18198047
"tree_1017240",32.3061141,-7.138621271
"tree_3943892",29.18854278,-11.7920067
"tree_2336726",26.19152684,-15.72242543
"tree_3280838",25.28176672,-11.52327784
"tree_2147659",25.82634271,-14.28601965
"tree_1425707",36.23254213,-5.997898367
"tree_579252",36.71572824,-5.070914518
"tree_955950",31.7335025,-1.280584564
"tree_3887345",25.379666,-15.53077245
"tree_2963587",24.19613047,-14.07173971
"tree_375517",34.85456025,-9.047488625
"tree_3649558",30.74573622,-10.13690377
"tree_3279538",30.49458762,-8.711676242
"tree_5035763",24.54201649,-21.09707527
"tree_4440990",30.8336433,-20.82077754
"tree_4563134",32.65307274,-20.25212889
"tree_4620815",33.34389921,-12.0353123
"tree_4568154",30.7184359,-17.83798637
"tree_2198990",30.09127145,-12.67617062
"tree_5038391",26.20684505,-20.86575751
"tree_1840900",38.24542695,-8.47171834
"tree_4725986",35.11248596,-16.44197878
"tree_1229369",35.56554698,-2.195488686
"tree_2314139",25.28807699,-12.34217518
"tree_587225",30.93300014,-3.066761554
"tree_4695323",33.46289276,-11.0337767
"tree_988888",39.02249118,-9.21489201
"tree_634907",30.80652438,-5.133476688
"tree_451394",33.78127409,-2.06928258
"tree_4764552",33.81139963,-10.01475254
"tree_4203745",29.26139591,-16.77010242
"tree_3853618",23.26590706,-14.28538862
"tree_999284",31.83013973,-6.68977827
"tree_3725563",31.76141867,-9.986628355
"tree_2615516",22.68094537,-15.06723545
"tree_3541557",24.52390373,-11.76640489
"tree_146928",25.80720587,-33.55946876
"tree_263649",29.49221984,-24.60325244
"tree_3115729",24.90946101,-11.77307579
"tree_1167568",37.20531476,-9.228774682
"tree_17067",25.29715623,-30.59200262
"tree_1375404",35.58087191,-8.083454269
"tree_1000995",33.06578003,-6.612522103
"tree_18230",30.37700902,-25.90984623
"tree_4659969",33.71440186,-10.69031579
"tree_34559",24.03834868,-30.18958543
"tree_4991872",33.20290988,-13.91064488
"tree_2249805",25.03801015,-11.61892404
"tree_110193",26.75428637,-28.89236696
"tree_3054334",32.28922738,-13.90172206
"tree_1717379",34.85546172,-6.78830918
"tree_4295503",31.10633685,-19.62993279
"tree_2543564",32.54488331,-11.77740285
"tree_2511140",30.22225456,-9.898374228
"tree_4184763",31.29600536,-17.40951664
"tree_1008392",36.36046024,-10.58368738
"tree_506018",36.21099708,-3.302045795
"tree_4292495",30.78352177,-18.50651815
"tree_1068221",38.35693838,-10.02937213
"tree_238617",29.70776043,-25.1636977
"tree_41117",30.38989998,-23.49462195
"tree_348120",36.43978931,-2.646765662
"tree_2766321",25.74656292,-15.11934054
"tree_82958",30.34536755,-29.85360675
"tree_218430",27.41470059,-32.40134744
"tree_1889510",32.68229613,-6.918752205
"tree_915455",31.24400613,-3.391201394
"tree_1676396",33.31170012,-6.330090867
"tree_2318579",26.58745098,-12.41050677
"tree_3064724",26.96011728,-12.49776928
"tree_4017098",29.31655104,-8.491446587
"tree_1972424",37.63964138,-8.24355573
"tree_235207",29.39071473,-28.82980479
"tree_3327",30.16119798,-28.66997377
"tree_899066",31.18189508,-5.812645833
"tree_4568895",30.20018292,-20.78255512
"tree_208150",30.83378199,-24.63056705
"tree_26413",26.33339175,-26.09032096
"tree_2026278",30.64423108,-14.38545203
"tree_172801",29.84604536,-28.17236112
"tree_4407918",30.19982234,-16.64074116
"tree_4268717",30.29150146,-17.5988258
"tree_4015845",24.79389299,-11.74774442
"tree_2554021",32.99787029,-11.04225228
"tree_4341881",31.79154139,-18.14547854
"tree_2440827",29.73338921,-9.110126949
"tree_4889189",35.05614431,-15.88577044
"tree_130998",30.03598431,-27.62084044
"tree_4475447",30.85572922,-17.55753838
"tree_2641533",28.41932131,-14.54951997
"tree_224966",31.25332441,-28.65473889
"tree_253814",27.0396906,-33.39053287
"tree_1498366",38.75899249,-5.697257393
"tree_3332786",28.74997927,-14.45459495
"tree_3749936",32.32104915,-14.15656825
"tree_3240208",29.63125304,-9.927131191
"tree_180471",28.20862196,-31.13126328
"tree_1066420",36.46187524,-5.559242001
"tree_1340451",37.67227447,-4.527597231
"tree_3864687",25.7200598,-14.25293562
"tree_1243529",36.81182458,-4.860601057
"tree_1420451",33.66922179,-9.108157703
"tree_3097051",31.4890856,-10.64362128
"tree_1391591",29.89478103,-4.441957374
"tree_859756",34.06757989,-2.243537154
"tree_4414672",32.76566589,-18.34885066
"tree_2613185",30.0536803,-13.12762789
"tree_5025354",29.32673089,-22.1477411
"tree_4222652",31.74069869,-17.51417757
"tree_2884396",31.93810613,-13.59693431
"tree_2655595",24.83662251,-12.94381771
"tree_4386420",30.20775524,-17.29719321
"tree_4489654",32.89457557,-19.88225485
"tree_3015094",29.63630125,-9.453677999
"tree_4438923",31.54381845,-21.06264253
"tree_4940416",33.14719926,-13.24806283
"tree_2835078",27.41643969,-14.4545048
"tree_4305811",31.40652513,-19.13006646
"tree_1256282",32.0387391,-5.749632927
"tree_4439633",30.02385611,-17.14168926
"tree_4187763",30.75764969,-17.96031615
"tree_4536920",31.46277663,-17.43836375
"tree_4315507",30.47981777,-20.78598072
"tree_183921",28.61824825,-24.15026267
"tree_4137549",32.77684407,-20.32902447
"tree_4592898",30.67119907,-18.85421597
"tree_1910423",38.66785421,-8.979247181
"tree_1530324",36.70707416,-5.959585799
"tree_125334",30.77275273,-26.13422266
"tree_4402151",29.79190883,-20.33839978
"tree_3302202",27.48693438,-12.30160893
"tree_2249792",27.24921763,-12.4791088
"tree_910424",31.14935213,-1.588888052
"tree_2896686",26.03295886,-15.77561229
"tree_888620",36.79226276,-3.469629474
"tree_4390311",31.86789559,-18.67563433
"tree_2134082",22.18919532,-15.07525855
"tree_2613420",28.86726007,-11.845464
"tree_4126821",25.4445716,-13.70826613
"tree_2897910",29.4918863,-8.889085968
"tree_1670793",39.38893737,-6.190452826
"tree_49565",29.65286113,-30.73551699
"tree_389827",36.82949333,-9.531849631
"tree_3591114",22.05289357,-16.09536448
"tree_4238185",32.86581879,-19.72575928
"tree_2560082",28.7705327,-15.18154212
"tree_3047651",28.96479876,-14.56177999
"tree_4974494",34.85079029,-16.48308591
"tree_2370436",29.39254467,-10.48703557
"tree_2252695",31.23838773,-10.40896807
"tree_49510",26.47546284,-33.05004683
"tree_887347",29.86764689,-5.982663487
"tree_113364",26.47825739,-32.52800428
"tree_223265",19.8332788,-34.67179529
"tree_5002983",34.61812183,-16.11447394
"tree_149328",32.46687836,-27.7956359
"tree_2911544",23.72917076,-14.69114125
"tree_57394",29.67864307,-28.15009476
"tree_4346488",32.0842475,-18.48190796
"tree_4404832",30.13897336,-17.98573767
"tree_2893458",26.29005714,-11.95778744
"tree_3061147",23.70311837,-14.7107032
"tree_4484201",31.03899732,-19.09896567
"tree_202641",21.62818836,-30.5115913
"tree_147687",29.24368558,-30.01686336
"tree_1941629",37.33440478,-7.110495339
"tree_198986",27.39333583,-31.42144718
"tree_3170829",27.79199068,-12.55059555
"tree_2174369",28.51082017,-15.03829819
"tree_124205",27.1841055,-33.16426335
"tree_2447130",31.14283227,-10.93614901
"tree_3407758",27.26084655,-12.86620096
"tree_10582",29.32328505,-31.07275773
"tree_140497",20.27707066,-34.48419893
"tree_899078",34.77126473,-9.770649613
"tree_5033339",28.83290748,-22.13863623
"tree_4202897",29.69184607,-16.8405074
"tree_381367",35.13194153,-9.534373753
"tree_1506051",31.23174618,-2.038271937
"tree_1639148",35.90422799,-9.317930281
"tree_331749",31.54022806,-2.350902491
"tree_1211692",31.72773312,-1.592584088
"tree_4916002",34.00260064,-12.37715055
"tree_243305",28.42650637,-31.78906753
"tree_4149679",31.22695305,-18.16981829
"tree_4845237",34.27998182,-11.72187042
"tree_3805654",26.42401508,-15.65111898
"tree_3662359",26.17611176,-14.52851567
"tree_4136263",30.80506681,-17.49317326
"tree_1059494",30.6829333,-4.574834374
"tree_4233551",31.78126468,-17.73467766
"tree_1735805",35.34676103,-9.266275925
"tree_1779662",38.49783761,-6.133119195
"tree_3019056",29.4283329,-12.28547258
"tree_3659486",27.31448381,-13.37391009
"tree_1889579",38.72004913,-10.01783329
"tree_959011",39.46159558,-9.665357662
"tree_2578146",27.46764299,-14.0801234
"tree_3302325",29.88582721,-9.917936174
"tree_4764795",33.25330184,-11.41546002
"tree_2902181",26.34378455,-15.90975135
"tree_474995",31.24905434,-1.540569143
"tree_4300900",30.77387608,-18.1452081
"tree_2228493",26.06081418,-16.63904235
"tree_4169466",31.74763998,-21.36148056
"tree_2473054",29.45429514,-8.412297329
"tree_1031998",31.77758422,-1.305915933
"tree_3528896",25.29817342,-16.49363489
"tree_4999008",33.16099169,-13.21056158
"tree_808220",31.42853635,-1.085505983
"tree_4977148",33.58909804,-13.89108294
"tree_83196",25.4571665,-33.95602637
"tree_4345004",32.01970252,-18.12537571
"tree_4407960",31.41067188,-17.65372546
"tree_132387",30.58191231,-26.46145706
"tree_3767319",23.25752342,-14.13691615
"tree_4843946",33.16847386,-13.05875367
"tree_250538",19.51587251,-33.98920055
"tree_4524829",31.768554,-18.50092902
"tree_267182",26.9420618,-33.39990818
"tree_4267232",31.33350636,-20.73676034
"tree_4375490",30.60674423,-20.81581945
"tree_87157",28.45598432,-25.64914047
"tree_4473251",31.23641844,-20.4543291
"tree_3858416",29.67695739,-13.76478843
"tree_2424174",27.23551534,-16.1448553
"tree_2841552",31.74284846,-10.64199863
"tree_714889",34.39102611,-9.084178543
"tree_810086",31.24797258,-6.472884062
"tree_4904276",33.97781031,-10.63730923
"tree_2379850",28.39822699,-13.01503402
"tree_3045488",22.58475888,-16.88072704
"tree_269229",25.91502124,-28.96953298
"tree_131555",30.74850328,-24.45252629
"tree_1562948",31.02801472,-4.469452275
"tree_1321579",35.36028302,-3.30898713
"tree_1289258",39.96208985,-10.16919047
"tree_4191001",32.78504741,-18.06750119
"tree_1927140",33.39526608,-6.382736843
"tree_4119730",26.77946337,-16.80383147
"tree_383362",39.65559119,-10.4485567
"tree_461036",37.15131691,-9.927505773
"tree_4394293",31.87384527,-18.19623142
"tree_1233675",38.42058192,-5.39850951
"tree_2704824",23.79308474,-15.33920961
"tree_4195692",32.73600764,-20.23635313
"tree_3302353",30.923235,-9.855734594
"tree_1618579",35.22380098,-8.251488685
"tree_3722486",28.90467094,-9.264819576
"tree_2629152",25.78667818,-14.68591271
"tree_4508585",27.74711281,-17.97537074
"tree_4614637",31.02168917,-17.47451279
"tree_1421993",35.39634169,-10.92182959
"tree_1549032",35.50911516,-8.131953473
"tree_3234438",29.63576037,-13.68374608
"tree_271427",25.80729601,-33.53729254
"tree_4536610",29.68562595,-16.07434619
"tree_3389874",31.90763655,-9.09615413
"tree_2028593",32.91349301,-10.67183736
"tree_1558956",36.27292783,-11.65274324
"tree_3057136",30.67497109,-9.058652887
"tree_3345835",29.85283353,-8.66281645
"tree_4891383",34.6201952,-16.35507686
"tree_4356653",32.16159331,-17.59116329
"tree_4748197",35.14412742,-16.48524945
"tree_2225959",26.04738233,-17.03397732
"tree_2841374",28.68525396,-15.92751036
"tree_4492339",29.51975615,-19.89640796
"tree_4555924",31.10732847,-16.02792037
"tree_27352",28.36439534,-30.36131589
"tree_4136311",31.50460467,-21.27304614
"tree_849068",36.46854609,-6.329549984
"tree_1851286",35.78045662,-11.3074794
"tree_988631",32.1859486,-6.04802022
"tree_945182",38.58059224,-8.325319257
"tree_4746050",32.97105274,-13.39842839
"tree_3616983",27.51469955,-13.8195078
"tree_3833022",24.99311711,-14.33533018
"tree_974807",31.48334552,-4.088309835
"tree_3125574",25.59268256,-15.16639739
"tree_269735",19.84806284,-34.71470537
"tree_935342",35.27563531,-8.265281209
"tree_2624729",23.24778758,-14.55574013
"tree_106664",29.41676711,-29.05138665
"tree_3508898",28.52785789,-13.29548201
"tree_4279657",32.18782598,-19.84736788
"tree_1549824",37.25741953,-9.10211784
"tree_601558",38.39344777,-8.664903829
"tree_574977",33.59268727,-7.125640072
"tree_2149792",27.9226132,-13.72927043
"tree_4899151",34.9240795,-15.98880871
"tree_905218",35.25652422,-8.240761166
"tree_283054",20.24542919,-34.07132467
"tree_4609573",31.33945604,-19.97285281
"tree_4082547",33.35521166,-12.40581911
"tree_4156458",27.99375399,-19.5661987
"tree_1791591",38.58618134,-5.810302005
"tree_291052",29.74039351,-30.17903821
"tree_1507912",35.18639011,-6.360019744
"tree_291590",27.42344481,-32.45597666
"tree_2015040",34.1603408,-7.064880846
"tree_172645",29.92798865,-23.54573542
"tree_4526164",30.76666435,-18.58963388
"tree_1039613",38.23839551,-7.653902773
"tree_1801057",31.77740393,-6.617750642
"tree_3156358",22.38048654,-15.25915888
"tree_3716618",25.51831157,-13.65381721
"tree_384526",39.30356848,-9.634437166
"tree_616865",38.2671523,-6.308816124
"tree_2625846",30.26976185,-10.30241406
"tree_3916755",30.35855631,-11.85456887
"tree_728151",34.85744494,-11.28539333
"tree_2526341",27.23028683,-11.77776344
"tree_3087035",29.35585498,-14.46478159
"tree_1062651",35.01961879,-9.191814322
"tree_3298278",26.23056035,-14.45991364
"tree_3637283",25.97589602,-15.46631718
"tree_1175203",38.7599841,-5.792272561
"tree_2793595",28.60006537,-13.48614338
"tree_15459",30.26324397,-26.88740267
"tree_1829635",30.26059619,-4.382910946
"tree_1825069",30.62893545,-4.360464288
"tree_106772",31.25377515,-29.4760702
"tree_1619200",31.71060525,-7.22714584
"tree_2285679",25.82417919,-15.24139987
"tree_689065",31.84952126,-4.374256813
"tree_2439897",29.34431621,-8.929652217
"tree_1295031",34.58267792,-4.125811078
"tree_97240",27.08891066,-32.68558162
"tree_3724423",26.17241575,-17.48949121
"tree_3763868",31.1948469,-11.64777115
"tree_3960262",23.53661749,-15.29053011
"tree_131852",27.43958106,-25.97898915
"tree_476484",39.54984916,-10.92372269
"tree_180012",30.10530707,-25.580268
"tree_4788381",32.88676564,-13.65363516
"tree_45674",30.20257529,-30.3592425
"tree_56462",29.91771193,-29.5814523
"tree_3639452",22.255994,-16.34101565
"tree_65979",31.38629069,-22.76704375
"tree_109711",31.26107702,-27.80780577
"tree_3173820",31.39307941,-10.55131053
"tree_2457301",23.75468226,-13.12050626
"tree_188173",30.5567614,-28.4567756
"tree_1068979",32.08904094,-6.130865514
"tree_1485846",37.12427291,-2.902783763
"tree_4285497",31.01393656,-20.31387973
"tree_2678212",31.04935018,-9.901709675
"tree_4414944",31.43122531,-19.76930039
"tree_1023200",31.2690669,-6.719616999
"tree_2708301",32.87824567,-11.43322077
"tree_2514629",23.89504062,-13.00917445
"tree_1056927",36.98499632,-9.329649419
"tree_324184",39.37424346,-8.003223245
"tree_4498681",30.17719553,-21.08869508
"tree_1524161",37.71779854,-11.19993376
"tree_4904735",35.23427405,-16.87261205
"tree_3634881",28.78089957,-15.18271404
"tree_3273560",23.85447462,-13.98898457
"tree_2851344",30.5248769,-9.442319449
"tree_661333",31.59675002,-4.581505268
"tree_815411",33.17215309,-5.740798499
"tree_1766504",33.91216704,-7.329372786
"tree_5003525",35.66346216,-15.9486932
"tree_1343924",35.1394237,-8.531125357
"tree_4438023",31.12030958,-18.80878177
"tree_3525063",28.48954556,-12.92191194
"tree_4420424",30.36569214,-18.81752605
"tree_2158084",28.42031292,-14.61974466
"tree_3602873",29.5566116,-11.51444342
"tree_4802557",34.51165866,-15.66328711
"tree_2780",29.81133891,-25.02009318
"tree_3034723",30.76106116,-10.93497709
"tree_4720531",34.15711196,-12.41780694
"tree_1297290",32.73061474,-2.866724876
"tree_2739703",24.79695797,-11.3189141
"tree_4528184",30.79415907,-16.82229766
"tree_2295360",23.15655916,-14.62163775
"tree_2690482",26.47242384,-16.18614273
"tree_1948203",37.49252203,-11.53609274
"tree_4567326",30.02529846,-20.95401513
"tree_2243980",29.63972682,-8.383360072
"tree_2137690",23.23624881,-14.56376323
"tree_4387304",31.64838854,-17.56538119
"tree_2643272",30.408768,-12.10175255
"tree_624472",32.51570509,-7.280873582
"tree_1196843",35.2381343,-11.14169866
"tree_287367",19.36036957,-34.05906465
"tree_1567603",31.4297984,-4.222899633
"tree_998024",31.15007331,-2.451146198
"tree_132277",30.15371581,-30.67529865
"tree_88005",31.30308535,-28.16569023
"tree_1932353",35.37263312,-8.30188098
"tree_4422121",30.63649261,-20.43774201
"tree_2892110",24.6476751,-13.29088451
"tree_2877769",24.99131418,-14.98096456
"tree_959173",32.66048063,-7.291060218
"tree_681321",35.92793656,-5.44745945
"tree_4315800",29.8515859,-20.08589742
"tree_3007849",24.11391671,-11.32486382
"tree_2289196",29.73699507,-9.714473902
"tree_3211703",25.89999253,-15.40204222
"tree_2156848",28.26057304,-15.74361003
"tree_107208",29.42091385,-30.64762345
"tree_204142",30.41955823,-26.53321425
"tree_567505",34.48604069,-6.686442823
"tree_130797",30.08890038,-28.14955388
"tree_3006739",26.77180091,-14.59747829
"tree_1063149",30.83401911,-3.623150187
"tree_44759",30.68053272,-26.04317397
"tree_3547664",26.40598575,-15.04668188
"tree_648506",37.63342126,-4.239306426
"tree_4622993",34.5372603,-15.81797974
"tree_4167390",30.99094917,-18.94021642
"tree_4563396",32.35108153,-18.47009867
"tree_4519249",31.75881817,-17.75126475
"tree_2607437",26.55508833,-14.15792045
"tree_231739",32.2651302,-28.16794391
"tree_2336841",31.49999335,-10.61856036
"tree_165566",30.87200417,-28.57459801
"tree_471328",37.23740698,-8.712411414
"tree_3616093",26.31728143,-14.12916349
"tree_1486982",33.28627876,-2.004106141
"tree_4541793",30.82922611,-19.63678397
"tree_1627978",29.97492141,-5.330268066
"tree_3414340",24.89584886,-14.96365629
"tree_880228",35.32061849,-7.268523413
"tree_167371",18.65073529,-32.53512592
"tree_4916193",34.08021689,-11.11490919
"tree_1006",25.23522549,-27.44595484
"tree_3079813",27.34684647,-16.18632302
"tree_2964784",27.06297463,-13.27943581
"tree_223742",29.18076323,-30.07302508
"tree_3154926",31.34106478,-12.14033555
"tree_1817347",37.45664366,-8.681761359
"tree_1764095",34.584571,-9.652646904
"tree_676656",37.74204799,-8.155121308
"tree_4674335",33.72134315,-11.03792347
"tree_98469",30.60399823,-27.21905429
"tree_2097989",31.07702521,-13.09210989
"tree_4659924",35.15188003,-15.92552537
"tree_4782168",34.72260178,-16.34840597
"tree_558976",38.5723889,-8.0711041
"tree_78736",19.44014934,-34.36286077
"tree_2455910",26.05693787,-17.61407467
"tree_2601106",27.59312715,-13.84060224
"tree_3404081",33.38739402,-10.56717644
"tree_40195",26.93016245,-32.37466387
"tree_206656",22.91070448,-27.50950863
"tree_257377",26.93539095,-25.70449087
"tree_3670252",28.4249104,-12.71493393
"tree_3787689",22.33063544,-14.78886084
"tree_163304",28.56461101,-23.94698069
"tree_3838439",27.99346847,-12.54311333
"tree_4184870",32.68579597,-20.17270919
"tree_1001257",38.7534034,-7.58106382
"tree_3636431",29.03213832,-9.09128618
"tree_4816183",34.62217843,-16.18812421
"tree_1184095",37.41752001,-11.07616163
"tree_3228833",26.75647597,-14.24878885
"tree_3008564",31.15464148,-11.19865771
"tree_4557311",25.94499151,-18.12429394
"tree_4381916",31.79388521,-17.60279228
"tree_4261718",30.56176106,-18.58719991
"tree_745742",33.1746772,-6.225429947
"tree_835723",30.00079351,-6.451519171
"tree_2636950",27.98625674,-12.54293303
"tree_1730923",38.42238485,-7.505971187
"tree_1255772",31.65011684,-1.421845256
"tree_4898204",33.74595318,-10.58754796
"tree_220660",28.87886216,-30.56360624
"tree_3509498",25.51641849,-13.93210167
"tree_746537",37.54273372,-4.405988634
"tree_4861798",33.01134829,-13.74675724
"tree_4571558",29.53904753,-17.21606071
"tree_4612558",29.43105187,-15.72187056
"tree_3682948",28.97805032,-15.14205764
"tree_2696539",23.49677266,-14.08904798
"tree_283899",19.37470289,-34.57795204
"tree_2973391",31.33890126,-8.872228439
"tree_556557",38.55147487,-8.956349787
"tree_3792676",26.96660784,-17.32785725
"tree_84864",26.83397599,-32.80890302
"tree_3277304",28.48927512,-15.67068093
"tree_4827063",34.15017067,-12.43015711
"tree_2632724",22.3626375,-16.38284396
"tree_4018441",26.06595254,-12.40843338
"tree_158014",30.39756245,-30.54115959
"tree_2125378",29.06882801,-9.853841502
"tree_1926881",39.41210506,-9.656523234
"tree_5012096",35.06560971,-14.49002106
"tree_287932",30.49825623,-27.41467375
"tree_1831876",35.60566224,-6.861689016
"tree_3597864",31.45888647,-10.48342968
"tree_137835",29.741926,-29.71468989
"tree_2408741",29.2326245,-11.69086152
"tree_2412705",24.92649873,-14.7853451
"tree_3629968",29.51766824,-9.656328946
"tree_1983692",31.06605662,-3.394266399
"tree_103180",30.83197906,-26.27836806
"tree_1802321",35.90873532,-2.293388566
"tree_1876282",35.70752797,-8.361648586
"tree_1840915",31.25671681,-8.169364569
"tree_809593",34.61377851,-9.596935923
"tree_2576137",25.41915024,-15.51382477
"tree_2699428",23.56654618,-14.4222321
"tree_1475675",30.89063121,-4.691394728
"tree_1206516",32.31945581,-6.463598898
"tree_4828367",32.96041544,-9.510559144
"tree_1635381",39.68236475,-10.14295763
"tree_158157",27.27452257,-33.04653109
"tree_4093288",28.896107,-13.20614612
"tree_4698284",33.19398536,-13.92299505
"tree_248130",30.87759326,-28.74930332
"tree_2953052",25.43970368,-12.13059965
"tree_1777136",38.77747256,-5.792993739
"tree_190066",30.61400451,-25.69277173
"tree_1151791",31.18189508,-5.294209178
"tree_277778",29.52440218,-30.61273648
"tree_1722070",38.55408913,-6.287451233
"tree_4568126",31.83985999,-18.26798861
"tree_2643944",26.47557897,-15.34867506
"tree_4094200",25.50974763,-12.02810227
"tree_3228588",25.34667232,-14.38527174
"tree_4377200",29.36091779,-21.67348008
"tree_4468701",32.79514383,-18.39671884
"tree_4661241",34.82329556,-16.41854051
"tree_4892150",33.70394485,-10.68896359
"tree_1339128",36.30033242,-3.235967883
"tree_2806019",24.88295789,-14.08445047
"tree_3096",29.92708718,-31.22853213
"tree_3319735",29.31952588,-10.51426003
"tree_906148",34.88385791,-10.86449596
"tree_1346782",34.37831543,-9.183250336
"tree_3297491",24.15493344,-11.9168606
"tree_1657645",37.06216186,-8.368589922
"tree_1077548",32.65110538,-7.780469468
"tree_2613655",24.04765892,-15.92967389
"tree_114",28.69090644,-31.13243519
"tree_2670275",27.65172248,-13.77145933
"tree_2577535",24.64551158,-14.79174555
"tree_4565496",30.34351606,-18.74576887
"tree_3588052",25.4295171,-12.17954959
"tree_3332334",27.36785064,-13.37634407
"tree_1494372",38.26670157,-5.09678677
"tree_264789",30.68053272,-30.34049188
"tree_3077087",27.68282308,-12.43601843
"tree_41735",29.84604536,-24.1673005
"tree_1246901",38.7060764,-7.737559392
"tree_1262066",35.51803968,-11.48353691
"tree_268659",28.15985263,-32.66097143
"tree_3794686",27.06703123,-13.82771119
"tree_3343418",24.96156578,-13.72674631
"tree_3846525",25.53471826,-15.8027466
"tree_64578",26.23305855,-29.04742017
"tree_4472819",32.25065818,-17.96311071
"tree_4120954",26.60710295,-12.09778607
"tree_3720413",28.70887239,-13.73864574
"tree_1565125",29.96707866,-5.118872838
"tree_583216",30.91596242,-4.650648185
"tree_272778",17.25959249,-29.23754066
"tree_2805387",29.08262045,-9.585112643
"tree_3738058",30.41931516,-9.172058088
"tree_2963865",23.68373684,-17.03559997
"tree_1537513",30.66274045,-2.415087311
"tree_1566438",40.17402465,-10.39329645
"tree_547211",32.12654195,-3.587451889
"tree_214910",29.88120255,-29.82214537
"tree_267499",30.40540521,-22.91479504
"tree_4358988",32.7359175,-20.31568268
"tree_3269200",27.12896198,-13.59522152
"tree_275776",30.80322229,-25.42656699
"tree_4792673",35.37418162,-14.78516305
"tree_2770838",28.27815163,-16.05615044
"tree_2870167",30.23595685,-9.823011153
"tree_132156",24.65540237,-33.37872359
"tree_348923",31.41889065,-8.608742112
"tree_150971",27.58318464,-31.6572723
"tree_4580765",31.62882673,-18.41213401
"tree_2414509",26.88836054,-14.66689165
"tree_982225",30.08066345,-5.580877334
"tree_377063",33.63577737,-7.129876991
"tree_4523936",31.84049101,-17.82743915
"tree_5011086",34.17081425,-14.1095998
"tree_683749",35.03061668,-10.17369783
"tree_3174359",23.6268543,-14.21417232
"tree_2573972",28.44411164,-14.9229999
"tree_1699798",34.82499214,-11.1421494
"tree_2706047",25.16024902,-12.44620507
"tree_1971199",31.28980063,-4.397244353
"tree_4527773",27.29024968,-18.92065447
"tree_614673",38.56373482,-8.841502231
"tree_3119741",24.35298566,-12.67797357
"tree_933186",31.01323067,-3.389849185
"tree_271119",32.15037354,-27.23591182
"tree_4231719",29.59376654,-19.20588027
"tree_2057282",26.18197129,-16.43972685
"tree_105433",32.09565453,-27.66375052
"tree_82249",29.65863052,-30.38475416
"tree_2166409",23.21551508,-14.15034809
"tree_4245963",30.18008022,-19.35101729
"tree_244243",30.98856376,-25.64030605
"tree_3600614",29.95433867,-8.680214863
"tree_4191110",29.76423382,-19.82176607
"tree_4595270",32.8602297,-19.69619099
"tree_4335648",30.01952907,-18.31495531
"tree_3693117",28.99544863,-15.13691925
"tree_104273",19.27770511,-34.39233891
"tree_2869774",24.26779707,-11.6478613
"tree_3626624",26.73637327,-16.08373549
"tree_134869",25.22161335,-29.47643079
"tree_4577837",31.66191054,-17.95039996
"tree_114341",29.54351327,-31.46039077
"tree_1483175",35.30574429,-8.42538267
"tree_1063779",31.46216105,-4.110125462
"tree_4044771",27.55174983,-12.85601432
"tree_5031444",22.0610902,-19.25708039
"tree_141345",30.19310989,-29.62977121
"tree_561824",34.26545181,-9.499216338
"tree_3801226",29.62854864,-10.44637917
"tree_280966",26.26668324,-25.7181031
"tree_3304",19.58600659,-34.47293053
"tree_2596623",26.59015538,-12.37201391
"tree_2882954",23.95111184,-14.8563811
"tree_4131002",24.91477966,-17.20435556
"tree_180446",31.83801546,-28.15153712
"tree_245902",24.19718704,-28.25024832
"tree_4971407",33.49543569,-12.57718723
"tree_172447",30.27370098,-25.80924193
"tree_4482572",31.11832636,-20.20714543
"tree_2596207",27.21036442,-14.58035032
"tree_578709",30.55276152,-4.065863178
"tree_3381555",23.35821724,-16.93607744
"tree_1179835",36.2521941,-10.68456212
"tree_5042745",28.70534995,-22.04452254
"tree_108475",18.62964098,-33.48608892
"tree_51458",30.42100057,-28.01586555
"tree_4180049",32.71320055,-18.11717231
"tree_19488",29.55090529,-31.13369725
"tree_3488149",28.68038604,-15.58071401
"tree_3243066",30.869147,-11.00168604
"tree_970937",37.58104605,-3.457549747
"tree_4732503",33.79382104,-12.55555189
"tree_1553831",35.78847967,-10.61136257
"tree_3595448",29.45104986,-8.579249978
"tree_2748216",29.70012509,-13.64092616
"tree_1407139",32.38012451,-7.090933393
"tree_295173",39.08983074,-7.507143101
"tree_215181",30.80484493,-22.81437104
"tree_968052",31.21993697,-6.727189365
"tree_958108",32.98104216,-6.066049664
"tree_146950",27.61428523,-32.90869599
"tree_2837826",26.92351774,-15.27745876
"tree_43741",29.45670206,-25.59721568
"tree_4847534",34.73071497,-14.90821401
"tree_4592684",30.19170914,-17.54744189
"tree_1802077",31.51471655,-1.134906659
"tree_4735788",34.07084164,-10.32170382
"tree_4268435",28.91604417,-16.72719235
"tree_154455",30.65925812,-27.63021575
"tree_4749484",33.78805166,-10.35415682
"tree_828719",36.27418989,-10.67888284
"tree_1402160",31.59837266,-1.297351947
"tree_3403330",25.24309381,-11.68716549
"tree_4446692",30.08272186,-18.16972814
"tree_4222383",32.81272243,-18.68284611
"tree_1320164",38.18908529,-4.858347377
"tree_239722",29.87948976,-29.29703782
"tree_3843348",23.51426111,-14.85584022
"tree_1542250",34.49370316,-8.048296854
"tree_4307100",30.62883015,-20.9793465
"tree_4439355",27.97644584,-18.67698654
"tree_2978969",23.6902274,-14.0318045
"tree_1927253",31.5810645,-3.820031713
"tree_4560644",29.17683837,-21.87513941
"tree_429483",31.30737923,-2.329808042
"tree_2091186",27.14167266,-14.24680561
"tree_2763473",24.02070506,-13.22742086
"tree_2834007",23.14970801,-15.14818765
"tree_4142757",28.44295465,-20.17892935
"tree_2507875",22.81328067,-16.33849152
"tree_4453816",30.5539183,-17.61586363
"tree_203206",28.66945154,-31.32399803
"tree_575865",29.60928655,-4.829590414
"tree_2726597",25.20288839,-13.14980411
"tree_1687107",39.24154757,-7.498398821
"tree_3242048",26.60088283,-14.65102574
"tree_87343",27.58048024,-32.44425752
"tree_2557142",26.86951989,-16.67978889
"tree_347347",31.1556624,-4.483605389
"tree_956880",31.57268086,-2.362801924
"tree_1655162",37.62296425,-8.069661745
"tree_204914",27.63555983,-32.98487039
"tree_3905139",28.24858353,-15.05425425
"tree_4714559",33.84547506,-12.71430115
"tree_1006753",29.73891745,-4.869615779
"tree_416274",37.37884709,-8.752977662
"tree_3866764",27.01294323,-12.93967094
"tree_4724558",34.79580084,-16.3910456
"tree_611155",35.17845721,-10.25419929
"tree_3050035",28.7152728,-13.86395037
"tree_48821",19.32449121,-34.05681097
"tree_1157871",31.12816767,-4.576457024
"tree_967706",29.98231344,-5.824635413
"tree_2239040",27.87573693,-13.7221488
"tree_4358326",30.72159103,-16.62956291
"tree_3785049",27.94569074,-14.98835663
"tree_1967484",30.5156211,-2.55319285
"tree_300235",30.47388319,-4.183595445
"tree_4449088",30.86943151,-18.03937526
"tree_102657",29.39585309,-30.97089138
"tree_342903",39.77070848,-10.37815172
"tree_1772062",35.48477557,-10.86945406
"tree_5546",30.85541719,-29.7338011
"tree_3090534",25.36794693,-17.37743822
"tree_3917724",22.81039597,-14.49642326
"tree_2561791",28.98859748,-13.50273047
"tree_290333",30.54783688,-27.74893964
"tree_4438761",30.12536122,-16.74819665
"tree_4845988",34.10762146,-13.19253214
"tree_4229577",31.29564478,-17.08706004
"tree_3905988",25.20910851,-16.75911845
"tree_2149805",24.51885552,-11.60486108
"tree_3850150",23.52760282,-14.85565993
"tree_3602409",31.20701669,-11.33883663
"tree_1601496",34.51299455,-9.308284529
"tree_2146582",26.69634815,-15.41926034
"tree_227044",26.66269739,-25.65617196
"tree_3390729",25.06811913,-11.30881761
"tree_115790",28.25946466,-31.23637494
"tree_4055188",23.03657395,-13.01241975
"tree_2866568",25.89214977,-13.91479341
"tree_360268",39.98669988,-10.56277322
"tree_3569311",29.80929269,-9.300608021
"tree_3352033",26.92712361,-13.19199301
"tree_2636472",27.0812744,-16.47758868
"tree_4149477",29.72655252,-21.87676206
"tree_2944426",23.31025922,-16.51914655
"tree_145186",24.78674601,-34.02733282
"tree_4772141",33.85043313,-12.53373627
"tree_548595",38.19178969,-5.473511996
"tree_262163",31.58975164,-28.80456357
"tree_2911935",28.01690661,-13.86755626
"tree_4801545",33.9727621,-10.7758655
"tree_3472962",25.16565782,-11.38814716
"tree_1701016",38.33737655,-8.653996016
"tree_3419816",22.68977974,-16.92553021
"tree_914930",36.78703425,-6.639295827
"tree_4145889",32.69859679,-18.33523843
"tree_4239420",30.59691824,-17.21038144
"tree_3336182",31.43553848,-10.31656718
"tree_212730",27.64205039,-25.23220959
"tree_651928",31.4325028,-4.200993858
"tree_2550255",32.08820032,-11.72151158
"tree_4806727",33.6518401,-10.05784291
"tree_4013847",25.35721948,-14.20425612
"tree_283956",29.21934599,-24.53095438
"tree_906079",38.2238819,-8.894418648
"tree_1838042",37.34594356,-10.78669891
"tree_2893773",31.82398045,-13.07047456
"tree_3237788",25.13482766,-14.4075381
"tree_4524422",31.31024853,-17.42592344
"tree_515885",34.72123334,-1.890791087
"tree_325787",39.14166507,-7.513092817
"tree_3735218",22.82788443,-14.09914447
"tree_707008",37.50685535,-7.171254564
"tree_4368800",31.33900531,-17.37273658
"tree_4988771",33.72233476,-10.59484989
"tree_4255477",31.13689656,-18.88017837
"tree_1599640",38.65252928,-6.43664488
"tree_1972721",38.75087929,-7.088679712
"tree_2917627",27.47124886,-12.74522339
"tree_4718290",33.07391005,-13.37958762
"tree_3494601",28.30790003,-14.50002915
"tree_200059",26.8873428,-25.76416833
"tree_2693147",25.06460341,-14.92218857
"tree_3306978",25.53625075,-14.12537731
"tree_4538594",30.38209882,-17.92551932
"tree_3378461",28.14797985,-15.7299978
"tree_1452396",31.76009577,-1.262014237
"tree_4638940",33.26141504,-12.94084111
"tree_28591",29.93483979,-30.38114827
"tree_3448058",24.10859806,-12.10121166
"tree_4140474",29.92352291,-18.29196777
"tree_2658015",23.11319861,-13.6509325
"tree_4780910",34.92471052,-16.70620028
"tree_4307713",31.79009905,-18.32721533
"tree_265881",28.54117288,-26.57143667
"tree_4146933",26.11473762,-18.29539336
"tree_1259980",38.21495738,-6.6936546
"tree_1716025",30.93471293,-3.776400459
"tree_2215832",25.1433916,-14.34515623
"tree_1078779",38.17123625,-9.791293326
"tree_73330",29.00101085,-30.77626353
"tree_156143",26.05790365,-32.64591685
"tree_786473",34.77288737,-5.554554346
"tree_4598330",31.26373287,-17.89730324
"tree_4620503",35.11816519,-16.5987448
"tree_873043",36.10732842,-11.3008085
"tree_3579169",27.28013794,-13.64867882
"tree_4786256",34.74910489,-15.93318788
"tree_283236",19.46764406,-34.62636109
"tree_2671778",25.19910223,-14.79075393
"tree_190615",28.01976477,-25.6871826
"tree_195985",30.15633006,-29.2897359
"tree_2598833",26.06487078,-12.68455431
"tree_493030",38.64026934,-7.858536959
"tree_2646357",26.67669618,-15.7267525
"tree_4215523",31.95957471,-18.00277549
"tree_2714339",25.38083791,-16.42917963
"tree_2571790",22.86385295,-16.26339889
"tree_1398518",39.21477401,-5.970403465
"tree_2104167",27.63080845,-12.34632195
"tree_252115",31.45083568,-28.56468182
"tree_504482",36.79172188,-9.505526643
"tree_2099551",28.09064658,-13.07299868
"tree_4289814",30.58564991,-20.89505885
"tree_4181723",30.76432054,-18.59161712
"tree_3171483",26.47557897,-15.07327531
"tree_4316702",30.86528476,-18.1370047
"tree_4441888",31.26742888,-18.77533715
"tree_1524",28.44444555,-31.9570118
"tree_676131",37.19017012,-10.83213311
"tree_2794839",25.366144,-14.40167853
"tree_2338167",29.17844635,-13.88486453
"tree_2068645",22.86132884,-14.51111726
"tree_120969",30.51069647,-29.97746903
"tree_3134979",31.13715303,-12.97996675
"tree_4447797",30.5030756,-17.68653905
"tree_45651",30.41928779,-25.93815246
"tree_841243",31.73206016,-7.192439161
"tree_2946311",27.51262618,-16.37725483
"tree_5038751",26.39020336,-21.35859235
"tree_4198426",29.86970537,-17.25220975
"tree_2186897",27.29266832,-13.66184031
"tree_1709237",37.38037958,-9.633535693
"tree_2536192",22.99456561,-13.50579547
"tree_992686",39.2408264,-5.939212528
"tree_3869536",31.69326779,-9.116166812
"tree_225952",31.86542004,-25.38302589
"tree_3851344",23.67111631,-14.86296185
"tree_33749",30.86740669,-27.09942893
"tree_64293",30.34455623,-27.56494916
"tree_4229414",31.22713334,-19.40303224
"tree_27695",25.78917654,-25.69700865
"tree_632624",36.05955068,-2.820208911
"tree_1438915",30.28250183,-5.39138788
"tree_91062",27.42687038,-26.91498772
"tree_460238",31.71312936,-4.189545162
"tree_5018193",22.42375022,-18.72962902
"tree_763491",39.00878889,-9.417272516
"tree_1083715",30.91019304,-5.324769086
"tree_3574672",29.73176657,-9.028814157
"tree_937909",35.11364176,-8.089764575
"tree_473510",34.74935909,-5.55248096
"tree_4285384",29.73583763,-21.94446262
"tree_29736",30.06176625,-27.1555005
"tree_827927",37.2179353,-9.332263689
"tree_3294467",31.93603275,-12.02152152
"tree_1045632",38.65487309,-9.606942264
"tree_191683",18.90666158,-32.36907474
"tree_4273033",27.15421842,-19.0898608
"tree_1406067",37.84742944,-3.918111886
"tree_3572842",24.53850749,-14.26970301
"tree_857913",31.39878795,-5.835723521
"tree_61238",31.01380482,-27.23573152
"tree_188673",24.10018927,-33.92645809
"tree_3288130",23.6577746,-17.0959986
"tree_2075141",25.45593008,-12.26221459
"tree_71909",30.55847418,-29.48274109
"tree_2364983",31.86238293,-9.046753454
"tree_1553778",34.37633221,-5.939212528
"tree_779437",38.91891267,-7.421863832
"tree_272433",30.90031021,-29.75192069
"tree_509257",32.23084164,-6.273839003
"tree_205589",30.33247658,-26.05083648
"tree_3556775",26.91765821,-17.42476551
"tree_4293035",29.64848554,-21.69331247
"tree_3729250",25.76891929,-16.40105369
"tree_2644824",25.64586909,-17.355262
"tree_2615559",29.79685246,-9.369480496
"tree_2144565",25.18026158,-11.7223229
"tree_3703676",27.63847092,-12.42988842
"tree_3665589",29.27282991,-13.6944736
"tree_3228532",25.63315841,-16.12141702
"tree_4609753",31.94515125,-17.84339521
"tree_86347",26.84894033,-25.64706709
"tree_216711",29.58651321,-29.86009735
"tree_359601",33.78199526,-7.282315938
"tree_3227631",26.42662934,-15.45549952
"tree_3381958",29.93414582,-10.4535008
"tree_1335443",31.66075415,-7.203076532
"tree_4897056",35.46387752,-15.90452107
"tree_4401239",27.77469768,-18.64687737
"tree_3693305",23.01881506,-13.01602564
"tree_1845807",30.66463353,-6.004749556
"tree_3420125",26.0602733,-14.87206672
"tree_5024115",24.93568697,-20.87305943
"tree_44059",30.38782661,-25.79797353
"tree_2576762",24.0939943,-12.7645149
"tree_530018",35.12463965,-9.324060292
"tree_2129264",26.34414514,-15.55276837
"tree_131166",26.43462642,-27.2039997
"tree_2829905",29.68813558,-13.67860769
"tree_4336296",27.69500805,-19.4317892
"tree_1938838",34.95750774,-10.04280407
"tree_3914015",25.69517932,-11.8389734
"tree_3718957",32.90339659,-10.68905548
"tree_3385008",24.31836934,-11.51723798
"tree_4654659",34.90523885,-16.37526984
"tree_4152257",29.94497781,-18.88919309
"tree_4765400",34.05164041,-11.09913343
"tree_3953128",28.23659402,-14.02089668
"tree_190564",30.67007571,-27.4147639
"tree_5036704",22.40833514,-19.86818839
"tree_3164984",27.36460536,-14.43332021
"tree_2039205",26.34468602,-14.35651478
"tree_2663164",28.92747804,-15.78011965
"tree_4033429",29.12408791,-13.91046634
"tree_3825395",32.03925068,-12.81238307
"tree_3797320",30.46736333,-10.56158732
"tree_5035498",22.21812568,-19.60162306
"tree_1763795",31.73864086,-5.780914012
"tree_4168665",31.20757152,-16.27726758
"tree_180152",30.53620797,-26.37004778
"tree_4986050",35.40131576,-15.39518928
"tree_4240423",26.01828072,-18.75577521
"tree_3093983",27.08001234,-16.40276649
"tree_3426736",22.88206257,-13.11572846
"tree_2362807",25.54607674,-14.98916796
"tree_1822369",32.15394654,-6.175939124
"tree_231973",24.98470801,-29.51257982
"tree_48921",29.41207948,-30.41846922
"tree_2191538",23.75837828,-14.00503077
"tree_509418",31.44665582,-5.179812358
"tree_2638877",23.61324215,-13.95094244
"tree_3417566",26.04296514,-15.14674529
"tree_5037324",22.32927652,-21.74054612
"tree_36980",30.47085166,-27.45235529
"tree_2251399",25.12932872,-14.74730297
"tree_3356004",24.86294533,-13.26239798
"tree_4600068",30.75882159,-20.84538773
"tree_4548500",30.26400674,-19.56682973
"tree_4610460",30.84085503,-16.58187503
"tree_2325146",27.77846868,-13.59305798
"tree_1702311",33.54427851,-6.313593926
"tree_4346239",32.73763028,-20.13151191
"tree_822671",35.2665305,-4.559960083
"tree_197443",28.21015445,-31.33355364
"tree_3193840",22.39310707,-15.1807308
"tree_4576230",30.38092692,-19.49245828
"tree_3534763",24.39463342,-11.50948532
"tree_207966",32.58767484,-27.79572604
"tree_1428033",35.47603134,-8.211914056
"tree_3467449",28.19954374,-15.53996746
"tree_1329960",38.04665356,-9.334877958
"tree_4113719",23.42267211,-14.49651341
"tree_2090908",30.00319817,-13.45801745
"tree_276130",27.41064399,-25.76525009
"tree_2071086",30.41697135,-13.13988791
"tree_1026111",37.34278842,-10.78769053
"tree_4849004",34.58548875,-14.4820881
"tree_2303038",25.42455904,-16.9048865
"tree_4565967",30.96480664,-16.76811918
"tree_1814093",36.89070291,-10.67248239
"tree_2613582",31.38523665,-8.843471476
"tree_3904347",26.05333201,-15.86521863
"tree_2879554",27.87285224,-12.9101928
"tree_3348246",23.41086289,-14.564845
"tree_1486805",33.67571235,-6.932634877
"tree_4356739",32.91485856,-18.23301149
"tree_1227018",34.7654052,-11.19551655
"tree_1622303",34.8734009,-7.182342672
"tree_1840936",39.24037567,-7.481811732
"tree_2414578",23.6309109,-15.30342116
"tree_133250",26.84100743,-25.79896515
"tree_3179876",31.1919622,-9.94498034
"tree_4885712",34.6230799,-16.21345558
"tree_3496567",30.03772434,-10.1308639
"tree_288868",25.18798866,-33.61436842
"tree_1137687",38.01960956,-9.339205025
"tree_3944139",29.23550919,-10.28717918
"tree_4409751",32.37100394,-17.16062017
"tree_5042827",24.1475347,-21.75019187
"tree_3190683",22.63902717,-15.27565582
"tree_2390885",27.94911632,-16.20696673
"tree_4861109",34.98817375,-15.7398221
"tree_64093",29.6296033,-30.62544724
"tree_3785329",25.19414417,-14.23319338
"tree_60157",30.46120597,-29.49635332
"tree_4239880",29.11607954,-16.37895364
"tree_1033609",32.3223405,-6.440431063
"tree_3799249",26.15141158,-15.67059078
"tree_2555669",31.13553039,-9.858799599
"tree_2247118",26.52362714,-12.18396681
"tree_85954",31.84784144,-28.18939895
"tree_1171952",37.72537086,-9.315947042
"tree_209272",28.4215483,-32.14992685
"tree_2266220",24.74972112,-14.96744248
"tree_4301083",31.06631175,-18.80481529
"tree_125263",30.70983038,-26.10798982
"tree_2208509",26.61656835,-13.29115495
"tree_1726104",34.37056282,-9.756857088
"tree_4207717",29.98455218,-19.83979551
"tree_4791978",34.62939016,-14.89099589
"tree_3699749",30.67758535,-10.20631713
"tree_2066316",25.09173756,-15.01170476
"tree_4151188",32.82182724,-19.6717611
"tree_1694",29.20131666,-31.9392528
"tree_4298948",31.02781914,-20.32289446
"tree_2658912",30.07892136,-13.26329946
"tree_2956372",26.15691052,-12.40338514
"tree_2150923",25.85131334,-13.17856107
"tree_3777173",28.24822294,-14.53284274
"tree_54887",30.88552616,-26.90281784
"tree_1385717",37.5028889,-11.26610182
"tree_397928",32.52616211,-6.679140898
"tree_3272494",24.26680545,-11.40184954
"tree_4447241",29.63865956,-21.627505
"tree_1754493",31.227329,-3.79127475
"tree_4268759",31.34207029,-19.7624492
"tree_1390389",32.94381159,-6.144207303
"tree_115584",25.07503493,-33.62437476
"tree_3781299",30.59437998,-12.89585939
"tree_4382018",30.9848192,-20.44765821
"tree_2895412",27.41373529,-14.02423213
"tree_3046303",26.49532109,-15.49985195
"tree_1260914",37.40634182,-8.976813206
"tree_4804527",34.13691912,-12.63127556
"tree_4520572",30.86023655,-17.24400635
"tree_131625",24.66928495,-33.61581077
"tree_593210",35.90476887,-10.15233294
"tree_4927051",33.64661159,-10.07704427
"tree_3823146",30.75619324,-9.70870448
"tree_4378619",29.75711223,-19.72927502
"tree_4564457",30.78469368,-18.22841398
"tree_985442",33.77298059,-4.249583209
"tree_4071811",27.14554897,-12.06776704
"tree_4343046",32.09551583,-18.22751251
"tree_2820196",27.32539156,-14.53518656
"tree_3931806",27.05900817,-16.71719999
"tree_4605457",28.88323079,-20.53780542
"tree_1765918",38.55327781,-9.04604627
"tree_156605",23.14111926,-33.84505515
"tree_3224361",28.02628186,-13.85412433
"tree_1997794",31.36994101,-6.822474976
"tree_2020753",29.52758437,-9.162051746
"tree_4255346",30.31241548,-16.87990174
"tree_9498",30.10134062,-24.9239061
"tree_1696020",29.91966151,-5.70771447
"tree_174929",27.45905273,-33.2682031
"tree_542950",31.26419898,-4.989421432
"tree_734416",38.51027785,-9.986191613
"tree_1045337",38.12030339,-7.440163717
"tree_238743",29.95133663,-30.05346313
"tree_64019",29.92285029,-31.13613123
"tree_4432778",30.82679215,-20.75542081
"tree_509094",37.49829142,-11.53140509
"tree_4437239",27.94209997,-19.35146803
"tree_1362007",30.43917673,-4.874483729
"tree_4710497",34.60441954,-15.32063753
"tree_4077135",32.27489406,-12.58863767
"tree_4597146",32.77404952,-18.36264319
"tree_4457430",31.59078485,-17.58746725
"tree_3460643",27.03620107,-12.83293664
"tree_731712",30.03099264,-5.536074166
"tree_2716073",31.43067056,-10.34117737
"tree_1607057",33.16088476,-6.332885431
"tree_4278384",32.62503714,-20.54087043
"tree_4302843",32.73141017,-18.27763436
"tree_4777140",33.63435165,-10.72989042
"tree_4129335",28.29509921,-12.95400435
"tree_1322848",38.66055233,-6.313864368
"tree_3019416",29.62169749,-9.111749598
"tree_578128",31.18694329,-8.184689596
"tree_1683855",34.98914922,-9.489300144
"tree_1708460",31.22543592,-5.345322651
"tree_4830120",33.97095917,-12.28511024
"tree_2182840",24.89404593,-13.8145497
"tree_4345888",30.98941667,-19.80571986
"tree_1409508",35.5364296,-2.531287075
"tree_3080427",25.64803261,-14.08093473
"tree_3521755",26.57780529,-12.03242933
"tree_173891",28.19077293,-32.62166724
"tree_525898",36.98517661,-10.80896528
"tree_232803",30.32039693,-25.15648593
"tree_1096988",30.58900048,-5.501187192
"tree_409012",31.22390342,-3.34207116
"tree_71076",25.23558608,-33.50096322
"tree_3708289",24.34992067,-11.35551387
"tree_2091793",29.07910473,-10.33144147
"tree_4143788",29.95345159,-17.24112164
"tree_4361573",28.97617197,-18.007373
"tree_74339",28.86741354,-32.01515676
"tree_4256296",32.62485685,-19.42196315
"tree_4363967",31.44609951,-18.26438272
"tree_4423626",30.7920857,-20.84060993
"tree_2939933",22.95408975,-13.2570793
"tree_405829",33.59115478,-3.50929425
"tree_2495251",26.92225569,-15.05371337
"tree_751712",39.27535257,-7.301607442
"tree_3051434",24.60683866,-16.73369693
"tree_2448384",31.92972249,-10.96652862
"tree_3172798",27.72879787,-12.51435636
"tree_1489678",39.02402368,-9.308645117
"tree_3421770",31.40533935,-13.40735471
"tree_4301231",30.18693137,-16.98618531
"tree_105055",30.52674257,-25.95104351
"tree_3189271",27.87772016,-13.91082693
"tree_2414218",27.41409588,-13.47162968
"tree_3614177",28.47530239,-13.98411662
"tree_615765",33.52877329,-8.81364674
"tree_116737",19.00347906,-31.59759484
"tree_1220082",31.75766181,-7.908027782
"tree_4134025",29.96111406,-18.24382915
"tree_3710529",29.29816112,-10.05559098
"tree_3993630",27.10146725,-14.18820992
"tree_812299",38.9599294,-7.477935402
"tree_4888613",35.69185835,-15.97357383
"tree_3503004",33.10793936,-10.39120907
"tree_3171068",24.4411491,-11.67346311
"tree_2821958",27.17448605,-13.40239662
"tree_4541456",29.2375972,-20.3653538
"tree_2191768",26.22497125,-16.20489335
"tree_76346",25.60437595,-27.68772968
"tree_1635890",38.92161707,-7.286011974
"tree_2748286",25.14239998,-14.86350273
"tree_4304182",31.12499721,-17.64678412
"tree_155409",29.46598717,-29.69458706
"tree_4231227",32.02736498,-18.25050005
"tree_1719293",38.44095506,-10.38121672
"tree_56171",28.54928608,-25.73775519
"tree_2766033",22.05541768,-14.40690707
"tree_2561037",26.69670874,-15.50958785
"tree_4636006",35.64471166,-15.94337452
"tree_4673001",33.8697245,-12.54383276
"tree_3439081",31.43562863,-11.77190387
"tree_4287857",30.37813237,-18.21335939
"tree_105030",29.66160536,-28.04399148
"tree_2051460",28.71617427,-11.82806559
"tree_160249",28.92096064,-30.51853263
"tree_4494227",32.36847983,-19.38211808
"tree_4488525",32.67533896,-18.7059238
"tree_165242",29.63726577,-30.68350204
"tree_1706389",30.76298354,-2.50748821
"tree_3212278",29.68308737,-13.6734693
"tree_201149",29.16733138,-30.92545718
"tree_75278",30.55576979,-30.18273425
"tree_87712",26.46149011,-33.68342119
"tree_4642208",33.21652202,-13.20010451
"tree_1866809",32.76460003,-6.505517355
"tree_1862026",35.34802308,-1.870958699
"tree_2673040",23.1635906,-16.69971143
"tree_265624",31.3432006,-27.50833671
"tree_1419245",31.599815,-2.427707921
"tree_1288823",33.75954874,-8.893607323
"tree_4195197",31.77468397,-18.07967107
"tree_268996",29.02057266,-24.81951562
"tree_4439465",30.61314464,-17.61072524
"tree_166517",29.04455167,-31.78185576
"tree_207128",27.30255818,-32.59381175
"tree_206378",24.77448607,-34.14713848
"tree_446242",31.41952168,-3.991311428
"tree_1630432",31.56231399,-5.367228426
"tree_1488923",38.84057522,-6.614685637
"tree_3609631",24.51101276,-17.08130461
"tree_3840257",27.11336661,-16.5287923
"tree_1159412",31.75288404,-1.237404047
"tree_4209493",31.03034324,-17.03756922
"tree_237030",30.54143647,-27.56828461
"tree_3918163",27.91206604,-13.88991277
"tree_2545752",27.03872517,-14.77299493
"tree_3198918",27.06739181,-12.25301958
"tree_3976947",24.16962735,-11.7612665
"tree_212106",31.97783288,-28.66744965
"tree_227820",30.95304599,-28.50779892
"tree_4401653",31.35757551,-16.8242809
"tree_1273366",31.96923603,-7.475321133
"tree_4536152",31.50496525,-19.32902137
"tree_4772583",33.10401902,-13.07416884
"tree_2199912",24.77036471,-17.10221876
"tree_901471",39.22171531,-10.65850957
"tree_2931134",27.54291546,-13.12510377
"tree_1964781",31.73133898,-4.660113643
"tree_3335969",25.64848335,-15.27277111
"tree_176019",28.39847077,-25.95473955
"tree_1578098",35.17286811,-6.965628759
"tree_2932897",30.45465265,-8.539224613
"tree_167329",30.72272135,-27.23464976
"tree_1574143",35.52885728,-8.716558186
"tree_3692192",32.61114111,-13.45855833
"tree_82080",29.69712313,-25.49769315
"tree_1488444",37.57527667,-8.324057196
"tree_2701917",32.50909509,-12.22146805
"tree_1173295",31.90153588,-6.487487911
"tree_155505",29.07700446,-30.19048691
"tree_3604015",26.60593105,-15.17685447
"tree_165424",27.91240013,-31.59516087
"tree_2473164",23.87899451,-14.2244491
"tree_2117432",25.5079447,-13.8874788
"tree_3546856",23.90162132,-13.30485732
"tree_4179628",27.95733475,-17.06848972
"tree_1570951",33.96706636,-7.353171651
"tree_4155213",32.62251304,-17.71376351
"tree_1302624",34.6114347,-9.738737497
"tree_4956356",33.93120451,-10.80624512
"tree_2460535",31.47204788,-13.41979503
"tree_3183301",23.31152127,-16.80761765
"tree_762917",33.41221365,-6.326034243
"tree_4650774",33.96609125,-10.81814455
"tree_4181710",29.4450246,-19.95761793
"tree_1319101",35.76008347,-10.2150754
"tree_4187266",30.4736878,-19.51526552
"tree_4814132",35.70655225,-15.99656138
"tree_453943",34.28230924,-6.811026279
"tree_2297718",27.44294281,-13.29151554
"tree_1025907",37.79902068,-7.609189752
"tree_3103279",22.51336272,-16.20579482
"tree_1588278",38.17493226,-9.723592765
"tree_640024",32.39508886,-6.868269763
"tree_4353371",30.57897906,-16.93723537
"tree_586101",30.54906551,-4.684994275
"tree_4485146",32.26535208,-18.80833104
"tree_4576970",32.75827386,-19.49948976
"tree_2412310",25.64370557,-11.92380194
"tree_214129",29.28118657,-30.41639584
"tree_110413",31.61859856,-28.63346415
"tree_2126332",26.86429138,-17.36616982
"tree_3950684",26.65253687,-15.86819349
"tree_397778",34.84716822,-9.364806835
"tree_3363061",30.68939456,-11.7677571
"tree_3402272",31.25434369,-10.82968514
"tree_1990409",35.89007496,-4.58339836
"tree_3600292",26.92604185,-13.08093163
"tree_4454053",31.47846215,-18.76659287
"tree_2098344",24.99906679,-13.17838078
"tree_3439400",28.97372328,-14.1240251
"tree_1836835",39.02961277,-6.950303732
"tree_4727639",33.99520861,-13.22651764
"tree_2205371",26.56960194,-14.89658676
"tree_141582",24.51919081,-34.09701662
"tree_1507187",37.22136087,-8.621002134
"tree_1724877",32.74621011,-7.483344235
"tree_2480090",30.70435891,-14.18820992
"tree_4166029",32.36018634,-21.02288761
"tree_279992",26.55145645,-33.67287396
"tree_3124374",30.18051665,-12.23589161
"tree_1927347",37.16042173,-8.734136893
"tree_5039726",29.35548768,-22.1801941
"tree_213153",30.97215707,-26.97448488
"tree_3753488",25.45692169,-13.16567002
"tree_4422967",30.93875427,-18.07867945
"tree_4249686",31.17016067,-17.60711935
"tree_239825",28.45950003,-30.2378142
"tree_2269099",22.95003315,-14.37824026
"tree_4947429",33.35823252,-10.00961415
"tree_3876396",29.06531229,-14.29187922
"tree_4356551",29.70473704,-19.55006235
"tree_2341253",22.84591376,-14.15882193
"tree_53170",30.85812158,-27.83494008
"tree_1304912",37.34585341,-8.036577716
"tree_1768940",31.5594293,-2.354237938
"tree_1586387",31.72349622,-1.109665438
"tree_761452",39.35350973,-6.876112571
"tree_154647",30.24449347,-30.91067304
"tree_2989813",30.31880163,-8.504067198
"tree_2995380",31.07981975,-10.82436646
"tree_2867978",30.47953313,-11.38553289
"tree_3982057",32.3184349,-12.62361479
"tree_881976",35.85266409,-10.46920041
"tree_206988",29.65322172,-30.1921997
"tree_4222119",29.65650859,-20.30666796
"tree_90470",28.86479929,-30.95944268
"tree_4244422",29.74926948,-20.89253473
"tree_650454",31.65669755,-1.91080377
"tree_937202",35.40247166,-11.22057748
"tree_24219",25.64656457,-33.61409797
"tree_223439",27.62366048,-32.67151866
"tree_21982",31.63671803,-27.75290612
"tree_918914",37.96543142,-9.348580335
"tree_4295592",30.3466712,-19.83763198
"tree_2568059",28.5060424,-14.98267736
"tree_95097",22.50134863,-27.53952765
"tree_4186785",31.23010818,-20.66788786
"tree_4652969",33.93652316,-10.43610064
"tree_4466708",32.96543082,-18.23274104
"tree_3532200",27.47530546,-14.48794942
"tree_1702062",35.72114011,-8.384275538
"tree_1934407",40.15942089,-10.32280133
"tree_1130102",39.84444845,-10.08977077
"tree_3814296",30.8476921,-11.53346448
"tree_4498357",30.44069413,-19.09049183
"tree_3598882",26.24849953,-16.22247205
"tree_4723482",34.72332295,-16.24158152
"tree_3788840",30.13165716,-12.82220912
"tree_2391125",24.2452604,-11.4031116
"tree_1747829",34.44511411,-6.525079301
"tree_181282",27.33501096,-26.42431641
"tree_3367670",26.50217224,-15.60316066
"tree_4701516",33.82528222,-12.02422419
"tree_141708",29.95277897,-29.93419836
"tree_4548376",30.99293239,-16.67067004
"tree_1891928",37.23100656,-10.57458251
"tree_4786128",33.61596174,-14.45855968
"tree_682013",37.8214672,-7.586923389
"tree_4610310",31.77188943,-18.84420963
"tree_2328083",32.57535288,-12.16647825
"tree_4630130",34.76262688,-16.05055956
"tree_5035156",24.35009425,-18.0852567
"tree_3465789",28.62431482,-14.42601828
"tree_2702115",24.30304441,-11.78055801
"tree_4794256",33.73495529,-10.57835295
"tree_4481704",31.36893399,-21.00305522
"tree_3263900",27.031243,-11.91640986
"tree_2925861",29.88375384,-9.971754064
"tree_379729",38.21135152,-5.436461489
"tree_114670",30.42379512,-27.10456732
"tree_2575182",31.80495951,-11.64182144
"tree_4567491",30.64172112,-19.36021231
"tree_2748499",25.33324047,-14.22309689
"tree_4452423",31.32953991,-18.97600486
"tree_4588806",30.40508621,-18.56358134
"tree_68636",26.17428295,-24.82212989
"tree_463894",36.14302649,-4.017363974
"tree_4881187",33.11564794,-13.20010451
"tree_736780",34.69418934,-9.36724081
"tree_4132175",30.25003401,-19.09247507
"tree_924925",32.4224033,-6.493708069
"tree_4837279",33.95446234,-10.41473575
"tree_2211332",25.02773343,-14.27051433
"tree_768558",37.45763527,-10.4953431
"tree_150854",26.31851756,-33.31652201
"tree_4547569",32.79929058,-19.32307165
"tree_2476949",32.25010373,-10.98248468
"tree_4028853",27.26355095,-12.85700594
"tree_69008",28.8752563,-30.60994191
"tree_834823",31.65327197,-1.749350101
"tree_4533134",30.17989993,-20.94887674
"tree_4379034",32.71166805,-19.94490717
"tree_66440",28.80593354,-31.95178326
"tree_3749319",26.00185826,-13.120957
"tree_3198767",33.25460798,-11.86700919
"tree_2542010",27.14158252,-12.02107078
"tree_756476",33.05496243,-5.895400979
"tree_3814311",25.89214977,-17.25591977
"tree_3651196",28.4896357,-15.2828676
"tree_174599",27.45733994,-32.3443744
"tree_3290451",22.95661386,-16.7071035
"tree_4913418",33.21048219,-13.21930586
"tree_3456682",26.48116807,-13.79462716
"tree_1841886",36.34621707,-3.297448286
"tree_23107",30.51889981,-27.65239197
"tree_3089594",25.20712529,-16.87504777
"tree_46395",29.70208119,-27.8958796
"tree_899805",36.93505507,-5.996275717
"tree_151014",29.23160593,-30.36050456
"tree_361037",32.18982491,-8.824644701
"tree_2490459",22.52165622,-15.92444535
"tree_1537923",39.59600425,-10.18749035
"tree_4610033",30.67426405,-18.92209683
"tree_4143243",31.67155623,-17.72376985
"tree_4944148",33.97663841,-12.26644976
"tree_23736",29.85388812,-30.30055666
"tree_3260029",25.17259912,-12.42285694
"tree_1266540",37.23830844,-9.59603445
"tree_4581572",30.68949883,-17.16999548
"tree_3704446",28.74646355,-15.46505512
"tree_1802185",32.25878711,-6.045856687
"tree_1098892",32.46792736,-6.075875711
"tree_4053836",27.78387748,-12.57340279
"tree_1424434",35.34171281,-6.833923672
"tree_682799",38.34756312,-7.994839554
"tree_2701167",27.34495339,-13.84231504
"tree_310789",37.79262027,-8.281597856
"tree_4122313",26.9286561,-14.61640921
"tree_3658076",24.29231696,-17.27620289
"tree_1185866",39.49071295,-6.951385498
"tree_734232",30.53356028,-3.891879046
"tree_4149803",29.22524711,-22.0150479
"tree_1130012",33.92055068,-6.88098052
"tree_12001",31.2324104,-28.83999142
"tree_4437648",29.00682182,-18.7156597
"tree_3600378",25.47675395,-14.54636482
"tree_3766212",24.58195818,-16.76822332
"tree_775223",38.56481658,-5.665525572
"tree_4047252",27.91260692,-12.58503178
"tree_2158765",31.24983636,-9.097235896
"tree_407584",31.08832284,-4.722946254
"tree_235913",25.65071132,-26.96799428
"tree_22784",29.44372095,-25.4311645
"tree_5029159",22.74521322,-20.52833647
"tree_1059636",36.02250041,-11.32271428
"tree_5003214",34.66779263,-16.21850383
"tree_882349",38.36108512,-6.537609765
"tree_2841941",27.7902779,-15.18316477
"tree_4456948",31.29807874,-17.42060475
"tree_3272370",22.62956177,-13.14646866
"tree_4587641",30.64622845,-17.98763076
"tree_4561518",31.14203492,-17.9636516
"tree_4380376",30.73204804,-20.95176145
"tree_3863170",30.09740143,-13.42727725
"tree_1574555",38.39362807,-6.269061201
"tree_80550",29.5211569,-29.08077465
"tree_40168",31.87506573,-25.80924193
"tree_2072022",30.53118717,-14.26294196
"tree_4480439",30.36668375,-15.67003591
"tree_218727",29.03896258,-32.00659277
"tree_4843581",34.79778407,-14.94535466
"tree_87762",31.15100799,-29.4323488
"tree_4181209",30.66272528,-20.21570941
"tree_861314",39.16591452,-7.228317754
"tree_4459613",31.18512501,-18.93066081
"tree_3878541",28.26526066,-14.46018408
"tree_1640099",32.45404478,-5.996906748
"tree_12962",28.75770509,-31.32733348
"tree_4232724",31.71834233,-18.63903456
"tree_1282889",39.21738827,-7.730437761
"tree_4568544",31.37091722,-17.14637691
"tree_1737143",39.34792063,-7.229129079
"tree_2095069",27.15997243,-15.44125626
"tree_4304587",32.78567844,-17.89036191
"tree_2163875",25.66434916,-14.16495194
"tree_4164783",29.33775011,-18.43385949
"tree_4897896",34.12510991,-10.8100313
"tree_4143551",32.89935334,-19.76190831
"tree_769882",38.01888839,-7.220745387
"tree_1416762",38.72834262,-9.112845359
"tree_513743",36.1036324,-10.50003076
"tree_4599156",31.28004941,-17.29376762
"tree_3559022",25.14663688,-17.11024186
"tree_1610862",35.23461858,-5.610445621
"tree_1500293",35.86393243,-3.958768282
"tree_182099",27.51800862,-31.71884285
"tree_266366",29.80692172,-31.34004424
"tree_2551050",25.3242258,-17.32758681
"tree_2632756",29.89646452,-9.847711491
"tree_3645801",28.11408471,-14.89189911
"tree_405433",35.16664799,-9.094455326
"tree_1941559",34.44619587,-3.404362888
"tree_4468075",30.85004998,-17.11230126
"tree_4512671",29.9625564,-17.19523671
"tree_3856763",26.71185338,-14.96924542
"tree_530951",32.62947018,-6.167555432
"tree_1817632",31.14358275,-2.553012555
"tree_1836845",31.43430573,-5.798582867
"tree_2892806",27.31286117,-12.35813123
"tree_273883",28.76590843,-30.18408645
"tree_2095289",25.28284848,-14.14484911
"tree_113841",31.19049221,-28.7971715
"tree_4817140",33.89676849,-14.25176196
"tree_1182228",40.01951327,-10.23707132
"tree_1925836",34.19748123,-7.499119998
"tree_596578",34.35631965,-9.258523264
"tree_4407935",31.30628208,-17.13637057
"tree_4226826",30.56031871,-17.31927928
"tree_4116916",22.58638152,-15.26429727
"tree_4429592",31.43167604,-19.78002791
"tree_1504187",39.25795427,-8.861244472
"tree_4766801",33.02270676,-13.17242931
"tree_1358758",39.81803548,-5.316475541
"tree_140221",24.32438394,-33.6359136
"tree_579645",30.27411819,-5.468644046
"tree_207677",28.92258328,-31.96611667
"tree_1274561",37.4190525,-8.064162765
"tree_729842",38.2982529,-5.53886873
"tree_4750488",33.62813153,-10.06235027
"tree_4167734",30.52525167,-19.29133983
"tree_1288140",31.21020113,-6.807780979
"tree_122641",32.850903,-27.05498635
"tree_1737644",34.84293133,-7.069929091
"tree_232214",32.32814269,-27.77354983
"tree_4608849",31.4650303,-19.08084608
"tree_4299435",31.89620163,-18.05560176
"tree_107038",28.40874748,-32.41441879
"tree_1704094",38.51812061,-8.12005404
"tree_218781",28.52134062,-30.46561622
"tree_4498140",31.10759891,-17.63560587
"tree_25933",32.15965864,-27.92193215
"tree_4045166",25.35676875,-14.39437661
"tree_170712",29.46571673,-28.62300707
"tree_122664",30.51917025,-29.5182591
"tree_771776",32.10779145,-6.097420896
"tree_4607687",30.57465203,-17.60919273
"tree_3685013",28.6341408,-13.66670826
"tree_3924078",30.85923087,-13.00133164
"tree_598433",36.04918382,-11.05200218
"tree_3100884",30.06575995,-11.22290731
"tree_4465983",31.67281828,-18.03585952
"tree_2758921",32.60392937,-9.743771748
"tree_3268808",24.47432307,-13.39347204
"tree_1582144",31.59620914,-4.553199042
"tree_4597462",29.29682354,-20.79535603
"tree_148846",29.40387614,-28.38718195
"tree_4636577",33.2839517,-12.75694078
"tree_3493189",25.87096531,-12.81094071
"tree_3888890",25.12220713,-17.40853901
"tree_1137070",35.03214917,-9.579807951
"tree_690125",32.07885437,-5.677064416
"tree_2928655",33.32519282,-9.953003442
"tree_4112454",29.30095567,-10.05514024
"tree_600075",30.81869417,-3.868260475
"tree_1961778",38.60817712,-8.511112674
"tree_4302412",30.69824306,-17.31720589
"tree_2725971",33.32519282,-9.987619974
"tree_3475665",25.60890896,-14.00710416
"tree_574740",31.72259476,-5.543195796
"tree_913302",38.9829168,-7.506241629
"tree_378913",35.27933132,-10.43178931
"tree_570673",36.06586095,-11.29395731
"tree_3919164",26.60980735,-12.46991379
"tree_1317521",37.30186184,-3.423834687
"tree_205197",29.13154317,-31.47580595
"tree_3158576",28.44122695,-15.96762587
"tree_3774978",28.35441571,-12.86079213
"tree_1458841",32.05181037,-5.862587392
"tree_3327845",29.34440636,-15.10554802
"tree_2862712",28.98445073,-15.93237831
"tree_1387065",36.99202776,-6.848797963
"tree_3662991",27.14446721,-13.59630328
"tree_185267",24.44364793,-33.92844133
"tree_1398874",32.34902392,-5.744945272
"tree_519199",38.81722723,-5.409507471
"tree_4744479",34.88171058,-14.28313319
"tree_4484270",30.74007109,-19.38563382
"tree_152380",27.32509483,-26.82799565
"tree_425613",37.62792232,-7.898201735
"tree_3557319",29.62566394,-13.50723783
"tree_155165",31.03607103,-27.81889388
"tree_3287820",30.90673816,-9.887736856
"tree_160014",18.95570135,-34.28533416
"tree_2225627",24.8798929,-11.32837956
"tree_21042",29.64105192,-25.79923559
"tree_2576597",23.75269904,-14.63543027
"tree_451057",30.79219106,-7.060373485
"tree_55421",26.73030736,-32.49329761
"tree_3132267",30.15401353,-11.4630595
"tree_1639422",32.79867547,-6.121129615
"tree_1096409",38.49774746,-6.30926686
"tree_1677820",31.64092188,-3.796863877
"tree_101141",31.3754731,-27.86378719
"tree_676801",31.7742488,-2.815340961
"tree_1734363",37.99563055,-8.146016439
"tree_3545427",28.51208222,-13.82076986
"tree_177904",30.36339688,-23.07940386
"tree_1871617",35.799748,-6.203434025
"tree_4286636",31.79163154,-17.60928288
"tree_46054",30.85325367,-27.4812024
"tree_13524",31.16236646,-28.71387547
"tree_4814494",34.15584991,-12.97040939
"tree_262616",28.74174914,-30.16804025
"tree_3551030",24.35433786,-11.55023186
"tree_3430071",26.17376795,-12.5455473
"tree_353098",37.19017012,-7.57944117
"tree_4220412",30.79776494,-17.48478957
"tree_3806633",30.52965467,-13.0837262
"tree_4087024",25.63198651,-15.12871585
"tree_4547712",29.88376825,-19.32388298
"tree_2265747",23.38562183,-15.32893282
"tree_250451",29.82828648,-25.79067161
"tree_4189180",30.20387893,-19.49263857
"tree_3714535",29.11480281,-13.98222353
"tree_2964924",26.1157135,-12.89216336
"tree_3011870",26.45899199,-12.1209539
"tree_1711613",38.10317552,-7.337305741
"tree_135293",28.318691,-25.81627342
"tree_1552111",39.0219503,-6.967071114
"tree_1597756",32.52084345,-2.320613026
"tree_2021559",28.85518042,-14.18325182
"tree_4480364",30.74448828,-19.60027435
"tree_4766954",33.96311641,-12.56420603
"tree_1708615",32.68518082,-4.151503035
"tree_4562266",30.16430456,-19.39338648
"tree_3750642",24.68084907,-14.85457816
"tree_1454990",37.17547622,-10.602438
"tree_611012",38.85941587,-5.358213704
"tree_4332752",31.68066104,-18.37129732
"tree_4418390",30.89413169,-17.45675379
"tree_5048692",22.25616758,-18.2714107
"tree_4490755",29.97697986,-19.88423809
"tree_1303515",38.20792594,-5.728087742
"tree_4093079",23.30638291,-16.56169604
"tree_314204",31.41240009,-7.102472237
"tree_4521369",29.80966772,-16.58061297
"tree_202947",32.22131893,-27.90209976
"tree_2437286",30.05268868,-11.15439542
"tree_1201452",31.67355497,-2.061620066
"tree_3795787",24.87745894,-13.22038938
"tree_1605924",31.25987194,-1.345400415
"tree_4920568",34.91172941,-16.61163585
"tree_224392",26.01670664,-25.61208997
"tree_4415780",31.63306362,-17.56078368
"tree_4387330",31.69580567,-18.02531229
"tree_2035872",30.54570078,-12.13519716
"tree_4591268",27.64930371,-18.50327285
"tree_3099020",22.71141494,-14.44720288
"tree_4707045",35.50606614,-15.92759875
"tree_394124",38.71482063,-5.966617282
"tree_4154489",30.37768164,-18.73296796
"tree_3319062",25.13590942,-11.32170866
"tree_4407238",30.28573207,-19.96437897
"tree_162202",29.73255075,-29.9037286
"tree_495842",32.28970741,-7.07317439
"tree_280330",25.69893976,-33.0217406
"tree_960947",38.950464,-7.594766197
"tree_3493407",26.74547808,-12.02521756
"tree_264552",30.083131,-25.96204147
"tree_645054",35.25255776,-6.462336837
"tree_622189",37.47422226,-11.46749071
"tree_4172664",32.87916049,-19.76470288
"tree_1459258",38.42977688,-8.132133767
"tree_4349717",32.46223233,-18.50137976
"tree_829445",34.23137637,-5.974279796
"tree_1094828",32.8140004,-6.821483356
"tree_1141304",35.50884472,-3.885929329
"tree_3008477",23.50091941,-16.52040861
"tree_266209",30.30326907,-30.66114553
"tree_446086",37.54210269,-7.206862716
"tree_4796289",34.07976615,-12.49353061
"tree_3035454",31.40236451,-8.993566595
"tree_2184619",23.92010139,-13.49443693
"tree_374823",32.00853997,-4.812732884
"tree_4569395",28.75341965,-20.59919568
"tree_3305439",29.19133732,-14.36111228
"tree_4037356",24.98284039,-11.49686471
"tree_1974549",36.40409123,-11.38978381
"tree_2324160",29.35603528,-11.24679632
"tree_1865893",31.04514259,-3.374524158
"tree_52008",30.27090643,-25.86107659
"tree_2765685",30.19746422,-15.08382254
"tree_4490948",32.87780829,-18.26456301
"tree_3365546",28.03006802,-13.81923735
"tree_207828",28.70587078,-32.34617734
"tree_4415875",31.14861562,-19.15647959
"tree_575628",31.43601852,-4.037827393
"tree_13949",23.26651323,-34.06501436
"tree_2801474",29.34034976,-10.78226771
"tree_3697738",29.21829118,-10.21289787
"tree_4317398",30.57447173,-16.14646396
"tree_271490",30.25026285,-29.37366296
"tree_2823128",23.2012719,-17.05092499
"tree_1047197",38.26877494,-5.588720142
"tree_2075508",28.3818203,-14.94093919
"tree_4454878",30.97273955,-18.5615981
"tree_1823219",39.2002604,-7.915690296
"tree_356546",32.74846378,-7.01710282
"tree_1022264",39.24884945,-8.585754571
"tree_4256235",29.72646238,-19.91921521
"tree_3087082",24.07704673,-14.22571116
"tree_2421436",24.42861871,-13.39545528
"tree_3188483",25.17440205,-16.36382289
"tree_4645446",34.91578601,-13.55014616
"tree_1033371",37.28230001,-8.37868641
"tree_267205",20.25462415,-26.92914083
"tree_2971017",24.95886138,-12.48623043
"tree_25734",23.60925072,-33.32211113
"tree_51454",17.8358999,-30.25575349
"tree_1589661",37.16736302,-8.434577686
"tree_5036787",22.80543119,-19.42637687
"tree_4706987",34.1695522,-12.69609141
"tree_2032079",27.53164712,-13.4856025
"tree_4605975",25.83050529,-17.98068942
"tree_4642705",33.06417421,-13.20253848
"tree_3687536",27.05999979,-11.79344906
"tree_2242664",28.16772197,-15.23301618
"tree_4680183",34.2068729,-11.61982376
"tree_1202014",30.28818107,-4.503618071
"tree_2534240",30.61926046,-11.84104679
"tree_4926797",33.50967886,-14.32063443
"tree_2460370",25.75548743,-15.77128523
"tree_112004",31.20906242,-27.68304202
"tree_1517461",37.96822597,-7.99366764
"tree_3380349",27.31159912,-13.56457146
"tree_4189516",31.30502003,-19.24788887
"tree_379601",30.67022262,-4.36785636
"tree_3712231",27.67083357,-14.62605496
"tree_2537062",32.38965076,-12.60504447
"tree_123108",26.18834582,-25.53591557
"tree_4257708",31.28762173,-17.08345415
"tree_4898988",34.47289561,-16.22535502
"tree_4315819",31.35577258,-19.3798644
"tree_4174379",31.48197786,-18.25771182
"tree_4269964",29.83121276,-17.16584871
"tree_4946362",34.32108868,-11.67760813
"tree_3489884",27.93153772,-16.05542926
"tree_1905061",35.41842762,-1.861403094
"tree_3995426",26.0332293,-16.67410962
"tree_1196134",38.66641187,-6.12094932
"tree_577286",40.16879614,-10.32298162
"tree_4306464",29.57095944,-16.40356383
"tree_3962759",26.10904264,-12.07822412
"tree_3529600",26.79163317,-16.02351714
"tree_2200293",26.01456894,-12.64317674
"tree_10166",26.68631581,-25.54411897
"tree_4323989",29.7487286,-21.88135957
"tree_2220498",28.89448437,-13.20443332
"tree_3737585",28.15167587,-15.73162045
"tree_1964019",33.98888185,-6.899640995
"tree_4447678",30.65001461,-20.84845274
"tree_2677669",25.06965163,-12.37345626
"tree_283145",30.4229838,-27.60046717
"tree_988217",35.38543394,-11.42458063
"tree_4287706",29.87177875,-20.07003151
"tree_4653025",33.54772074,-14.31630737
"tree_140219",29.78095949,-31.3607781
"tree_159640",29.92375176,-24.83330815
"tree_3989774",30.04069918,-13.4936256
"tree_3988832",26.55337554,-12.05280261
"tree_3471796",27.11048192,-11.79344906
"tree_280445",29.11261237,-25.66067932
"tree_2955341",28.12183732,-14.13980086
"tree_4891346",33.80049189,-11.75270077
"tree_3422293",29.42121131,-9.107061943
"tree_54100",26.23648412,-33.24810027
"tree_3181315",27.04115913,-12.06686557
"tree_3001156",25.15411905,-14.71196526
"tree_2195742",31.45401855,-8.788752114
"tree_1038738",32.89882841,-6.838431033
"tree_659620",36.80280992,-11.36373126
"tree_110095",29.58678365,-24.19993379
"tree_4747649",34.58476758,-13.73927502
"tree_4878468",33.41827018,-10.98049969
"tree_2303774",28.33873019,-15.76686801
"tree_4668772",33.99106187,-11.6996942
"tree_4086139",25.46972251,-16.45892821
"tree_1678717",32.0211605,-6.010609125
"tree_1796181",30.65210314,-4.437900749
"tree_1972165",35.27635648,-8.459818907
"tree_4869968",33.80698245,-11.77388536
"tree_2847894",24.92667902,-12.44917993
"tree_2286312",26.62495199,-17.09410551
"tree_1323968",31.28989078,-4.932808979
"tree_1903376",31.84898038,-7.965090971
"tree_124886",26.70722983,-32.7787037
"tree_4329341",30.18630034,-19.21237087
"tree_4060606",27.29347964,-12.10058063
"tree_4998841",33.04542371,-13.74333165
"tree_4498846",30.85203321,-16.81553662
"tree_1379444",35.74268517,-3.12815181
"tree_2082772",30.04006815,-13.5909846
"tree_533595",31.71772684,-1.192150143
"tree_130795",29.18076323,-31.2261883
"tree_2179824",30.19088352,-12.83014207
"tree_4031723",23.36002018,-15.9550954
"tree_4531893",30.47549073,-17.15259707
"tree_2916359",27.3701043,-12.46243157
"tree_3374162",32.13525688,-10.21821656
"tree_2946799",29.3298026,-15.33055547
"tree_1562736",34.77676368,-2.648568607
"tree_4854972",32.95617855,-13.57827209
"tree_22865",32.7948318,-26.97042826
"tree_224983",27.56569619,-32.98829598
"tree_1798428",32.55762329,-6.608465479
"tree_3080825",25.57086707,-14.08994945
"tree_4292592",30.45556833,-19.11807688
"tree_81349",30.20888555,-30.36807693
"tree_1079444",37.28870043,-9.27970786
"tree_2678019",25.00186134,-14.35399065
"tree_343080",33.41059101,-9.336861197
"tree_4467755",30.81687602,-17.97735397
"tree_1880772",31.34776494,-8.587377221
"tree_2717022",27.95704922,-15.0348726
"tree_4595996",30.85050072,-18.0768765
"tree_1896898",35.00339239,-11.19010772
"tree_4871927",33.82438075,-12.40230162
"tree_3006311",25.98500084,-17.1656824
"tree_3818977",28.44934015,-15.39483044
"tree_5035910",24.86131597,-20.42439673
"tree_556476",30.83798556,-1.364331331
"tree_2546",32.04508227,-28.76760321
"tree_1529300",35.88863261,-10.63597276
"tree_48143",30.97927866,-27.4601981
"tree_243234",23.38451517,-33.84316206
"tree_2742824",26.44114295,-14.79850659
"tree_4312054",30.31349724,-19.62876087
"tree_4584647",29.51804337,-22.10600644
"tree_2804806",23.50128,-14.63245541
"tree_1640684",34.59331522,-6.851862969
"tree_2109333",30.45897969,-8.670298669
"tree_4094571",29.64486518,-9.087770438
"tree_3873609",30.52073015,-9.380929193
"tree_3205683",29.60303713,-9.104177232
"tree_4906404",35.71511618,-15.81987283
"tree_208224",28.10134747,-31.39494389
"tree_3439996",29.81704531,-9.009432505
"tree_629133",37.78207311,-8.337128543
"tree_3168069",27.09470625,-12.21876363
"tree_4095890",29.38848807,-14.08877754
"tree_436650",35.03485357,-8.91542295
"tree_1646",30.83711742,-27.43892335
"tree_3023645",30.37288963,-9.986718502
"tree_2123658",31.20241922,-10.75720678
"tree_5323",25.56633407,-33.55387963
"tree_286829",30.2650469,-26.90651388
"tree_2471007",31.34142537,-10.48721586
"tree_2192859",29.41562222,-13.52698007
"tree_2683014",25.94028809,-15.17838697
"tree_3385882",28.96696228,-13.53121699
"tree_4440219",31.51379962,-16.84816991
"tree_842573",35.18116161,-11.21129231
"tree_2800010",26.2384031,-15.39338809
"tree_4247545",29.82904924,-20.848002
"tree_1809792",38.69570953,-11.04145495
"tree_4871541",33.51184238,-14.21092527
"tree_3774761",25.29790298,-17.60469936
"tree_1619191",34.41329234,-9.397800717
"tree_2389887",23.81120422,-13.27294521
"tree_4296895",31.93811982,-18.44080083
"tree_3429124",26.59195831,-15.61974775
"tree_3380808",32.17987948,-9.375430213
"tree_4728554",33.24798319,-13.15088413
"tree_3099757",29.77512711,-10.05892642
"tree_115474",26.49511481,-33.35844046
"tree_4985695",35.2933201,-15.26059948
"tree_1220263",38.75114973,-5.233900689
"tree_818816",30.93660601,-4.719971396
"tree_3072762",25.34126352,-14.04839158
"tree_66512",31.20924271,-27.25457229
"tree_2227777",27.5754584,-16.18974861
"tree_2085764",32.58112227,-10.24778485
"tree_2444987",29.12480909,-15.07471767
"tree_1679571",34.91739247,-9.254015903
"tree_4274248",31.21802853,-20.71521515
"tree_199069",29.1279373,-25.89857783
"tree_3214321",22.76424088,-14.80598881
"tree_277584",30.57722468,-30.50780512
"tree_2874910",28.71166693,-13.74414472
"tree_1554154",31.36119679,-4.954444312
"tree_1883406",37.08803396,-9.890725708
"tree_3806101",27.64532206,-12.54356406
"tree_2935768",26.01114337,-15.14972015
"tree_221892",24.04222498,-33.91257542
"tree_4905725",34.02847272,-10.94777625
"tree_655045",32.00231985,-7.582416028
"tree_3128647",28.65604644,-15.3928472
"tree_3262662",31.04556402,-10.54671302
"tree_3256996",26.96732902,-15.10266331
"tree_4696665",34.01639307,-10.67156517
"tree_4455655",30.92198699,-18.68329684
"tree_75740",21.9120601,-34.27036973
"tree_23201",29.16976534,-25.97132663
"tree_1974409",38.54561534,-6.984199086
"tree_3356937",24.20244074,-11.18567651
"tree_3348186",28.33918092,-15.09301755
"tree_4555618",30.96489679,-18.63849368
"tree_1326345",36.4898207,-8.902171309
"tree_1252978",35.38299998,-2.455653559
"tree_4524499",30.437539,-18.32225723
"tree_1028169",30.77262923,-3.780817673
"tree_4316108",29.72817516,-20.21534882
"tree_4325598",31.49838455,-18.28953379
"tree_2536769",28.87032506,-14.22670278
"tree_2483507",27.48855702,-12.06190747
"tree_3026756",32.2966194,-10.57204439
"tree_2697775",22.88431624,-13.28159934
"tree_4465763",31.31349381,-19.00674506
"tree_189521",28.24711457,-32.2130299
"tree_204587",26.13588048,-32.68116441
"tree_1388246",40.25903295,-10.36580155
"tree_1499360",35.49901874,-8.38292333
"tree_4657258",32.98601708,-13.50732623
"tree_128876",28.11000155,-32.84712544
"tree_4965599",34.03081653,-11.27816581
"tree_68557",24.14291877,-33.86263386
"tree_4149213",30.0536045,-21.17595759
"tree_675948",31.04802728,-8.016294592
"tree_2436364",28.90854724,-12.0967043
"tree_3430065",28.7463734,-14.4871381
"tree_850338",39.06819554,-7.75739178
"tree_4720018",34.48740922,-13.58791784
"tree_4963292",33.24933539,-13.15151516
"tree_3527080",28.24065062,-13.15458191
"tree_2978954",28.5477803,-12.99754546
"tree_50117",29.53512963,-31.48680391
"tree_2798664",30.64720592,-8.722674203
"tree_1282437",31.10499997,-5.011958237
"tree_114513",18.95651267,-33.85587281
"tree_4340399",30.75494529,-18.25744138
"tree_124799",31.08276699,-24.56539061
"tree_1692762",37.51019078,-4.067305533
"tree_127353",31.19842512,-24.93661686
"tree_1234731",33.16665414,-6.562670692
"tree_1417881",38.84904901,-5.326121294
"tree_282584",30.7133461,-27.59992629
"tree_1486059",30.94210496,-7.178556489
"tree_1884160",35.02656008,-5.500916751
"tree_168174",28.76113066,-32.0593289
"tree_2465811",26.08677642,-12.89018012
"tree_2325981",31.95316062,-10.26455223
"tree_5012181",33.3347944,-13.6183876
"tree_3758843",26.72474435,-12.37625083
"tree_3819343",30.13931963,-12.40410632
"tree_4695042",34.23220411,-13.04000305
"tree_1515692",34.54688969,-6.215784194
"tree_3749252",24.9299243,-16.78030304
"tree_2370961",29.07874414,-13.80210938
"tree_2350729",31.72563044,-11.30403981
"tree_2198351",27.1716915,-14.73576413
"tree_3901537",31.82199723,-9.214246986
"tree_1228037",30.67671318,-4.523450459
"tree_297056",31.16530809,-4.317734507
"tree_4179873",31.32656507,-17.07678326
"tree_186148",32.28153688,-27.27332291
"tree_3213084",32.03879995,-12.25040531
"tree_4908",29.48428693,-31.23430155
"tree_4950745",33.26979868,-13.06407235
"tree_4467086",26.52652743,-18.27123391
"tree_1285828",38.50540993,-7.071822182
"tree_4178477",28.40338028,-19.79670514
"tree_4330879",30.4187885,-18.00818432
"tree_2359823",24.97346514,-13.69862038
"tree_1661012",39.67948006,-10.21038775
"tree_1697853",39.07216199,-9.446840804
"tree_124998",30.49564198,-27.55007487
"tree_1214392",36.60809313,-6.929660018
"tree_271202",18.57023435,-32.50348424
"tree_4294363",32.47827843,-18.55465676
"tree_4614348",31.12689029,-18.25915418
"tree_25656",28.49627986,-32.41712321
"tree_3711024",30.08586265,-13.37994996
"tree_3313999",29.59059689,-9.586464852
"tree_218337",31.67863622,-28.28928207
"tree_649639",29.78200756,-5.444394445
"tree_3628825",31.21080285,-11.99600986
"tree_2804639",28.70959356,-13.28574611
"tree_3218807",26.24633601,-12.07542956
"tree_396454",35.61747145,-2.094163212
"tree_146279",26.92592555,-24.22715825
"tree_3943533",26.91098735,-13.1030177
"tree_1807474",31.97356307,-5.831396454
"tree_4714480",35.56375999,-15.917953
"tree_4290484",32.43780259,-18.87963749
"tree_3470407",28.66992903,-14.99475708
"tree_4287821",31.58916221,-17.71322262
"tree_3892302",29.32863069,-11.78326242
"tree_3154642",28.35080984,-13.0138621
"tree_4382130",30.99266195,-20.29882515
"tree_2215709",25.95921889,-15.29305423
"tree_1426161",39.69309221,-9.680051658
"tree_3900061",25.9953677,-15.43629816
"tree_2880938",24.8487923,-11.60107489
"tree_568237",30.31747873,-4.00744778
"tree_3203867",25.24850261,-17.43450141
"tree_3480314",26.28140306,-17.13223778
"tree_4591464",30.27617653,-19.55267662
"tree_1311482",36.67903855,-6.851682674
"tree_2191485",24.44953274,-17.08734447
"tree_3221900",27.92441613,-12.62478671
"tree_2230941",26.32999211,-15.88351851
"tree_86473",26.56452771,-33.46661712
"tree_14075",26.6315968,-33.6893709
"tree_2829436",30.53740729,-11.83518722
"tree_2053496",31.89195104,-10.19712211
"tree_4367196",30.60836687,-20.99584344
"tree_1761465",37.75719263,-4.587815573
"tree_1728415",37.40976739,-11.35228256
"tree_1618139",36.96173848,-11.27592787
"tree_3335737",25.58898655,-11.88639084
"tree_4356609",31.11237668,-19.98700592
"tree_2107929",28.27238225,-14.83429504
"tree_3692871",32.62601531,-10.01520502
"tree_48469",20.01032678,-34.12784697
"tree_3243658",28.84472341,-14.34659858
"tree_945868",35.35343188,-3.470350652
"tree_1473547",36.06000142,-4.433213094
"tree_234117",30.4001767,-29.47823373
"tree_2354226",31.52045664,-10.68427768
"tree_2146527",31.58049432,-10.67445163
"tree_1363339",38.12021324,-9.245812506
"tree_2370037",27.60096991,-12.42222591
"tree_1286241",34.24769292,-9.232560865
"tree_4231261",32.78730108,-18.75875007
"tree_2094963",28.82984921,-14.19452022
"tree_63783",28.96900879,-32.16417011
"tree_1098786",34.44493382,-6.910278366
"tree_4446667",30.15916621,-19.24013621
"tree_2748774",30.97398757,-10.17233163
"tree_2816344",29.4634901,-12.15430837
"tree_2115217",25.00339383,-14.50498725
"tree_34776",26.54298267,-33.63852787
"tree_3611942",25.23191562,-11.38922893
"tree_3127919",25.74097382,-14.60937772
"tree_3190746",27.38948584,-13.14051894
"tree_124165",30.17769482,-29.65230801
"tree_2568544",25.04206675,-11.49821692
"tree_3967315",30.44572813,-10.6333445
"tree_110637",26.63655487,-27.16397434
"tree_2590739",25.18422804,-13.30449674
"tree_4561050",30.82039174,-19.38455206
"tree_94174",25.29895916,-33.26585927
"tree_2886258",31.55480252,-11.59719856
"tree_1861105",32.15358595,-7.210017868
"tree_3340367",29.99905142,-13.85295241
"tree_3744086",29.30284875,-10.09777988
"tree_513339",31.65110845,-1.260481735
"tree_167549",27.99740841,-25.92291758
"tree_275030",26.63772678,-33.16922145
"tree_4632838",33.38194109,-10.91460207
"tree_1859875",36.78243677,-9.551050988
"tree_4341522",31.78766509,-18.12086835
"tree_78946",25.74879085,-33.50294645
"tree_262936",30.46273846,-26.08283874
"tree_3463371",29.43689683,-14.18036711
"tree_1258665",36.85004677,-3.211267545
"tree_3955128",26.60439855,-12.32802206
"tree_4541390",29.75594033,-20.81825342
"tree_869411",30.65399622,-4.534087831
"tree_3767089",25.35983373,-13.11978508
"tree_2444412",27.74583559,-14.99241326
"tree_1308755",34.83058124,-4.649386124
"tree_953102",30.80372983,-1.565269481
"tree_171808",25.26001582,-33.2453057
"tree_4205969",31.03268706,-19.4609969
"tree_3288853",31.99715219,-13.18595314
"tree_2262575",27.420316,-12.07984677
"tree_329085",31.11581757,-2.659115831
"tree_3976544",24.82030596,-17.10672612
"tree_764268",35.14879895,-6.729893782
"tree_3442133",28.76791845,-14.04839158
"tree_1449284",35.83247124,-10.31423734
"tree_4385530",30.95362846,-16.0820087
"tree_757401",37.72248617,-6.312331865
"tree_3356109",22.22958103,-15.16558606
"tree_4349375",31.17701181,-16.77524081
"tree_580325",38.26507893,-9.006020905
"tree_4395485",30.97075632,-16.21452511
"tree_4293377",30.48775067,-17.7301703
"tree_498264",37.32791422,-9.684649166
"tree_227237",26.90284802,-32.69072001
"tree_2040321",24.61504201,-14.59612608
"tree_966320",38.65307016,-6.622077709
"tree_1271741",36.04656957,-3.444388253
"tree_2244250",26.27265884,-15.15702208
"tree_265529",32.63392006,-27.50491112
"tree_4205292",30.90702265,-19.65697695
"tree_223622",30.48545541,-30.44524295
"tree_1086848",38.69579968,-9.066689983
"tree_2632009",27.01429543,-14.84646491
"tree_4791723",35.06317575,-14.41402695
"tree_3265334",32.15968662,-10.35226547
"tree_1359283",37.03610948,-7.289527715
"tree_1177667",37.85301853,-7.65561557
"tree_1457580",31.28673565,-2.38660079
"tree_2232694",25.40391545,-14.1887508
"tree_3321588",25.6767894,-14.6311032
"tree_199470",30.46228773,-26.11637351
"tree_4507842",31.79956444,-18.70448144
"tree_3735427",25.53390694,-13.62641245
"tree_4308359",29.47233903,-19.99854476
"tree_127424",26.96838462,-32.51808809
"tree_1241707",39.30645317,-8.929576063
"tree_4256507",30.86789902,-18.03171275
"tree_4579501",31.07217128,-16.69735362
"tree_4235381",32.6048443,-20.20624395
"tree_3673633",31.24136257,-10.37489243
"tree_1816398",35.66029112,-7.214615376
"tree_4381100",31.9077404,-17.52643759
"tree_3919521",25.56446666,-13.95941628
"tree_3889082",32.52126489,-12.18540916
"tree_2629733",32.53586864,-9.499472786
"tree_71607",28.66278069,-30.59614939
"tree_3842816",24.80606279,-13.24644193
"tree_4033203",31.74474154,-9.834369703
"tree_781545",39.54146552,-9.1827996
"tree_2644237",26.99374199,-15.11266965
"tree_881249",33.43159518,-5.415998071
"tree_4225234",32.71671626,-18.30810412
"tree_1490587",37.91404782,-8.126274198
"tree_2602541",24.3005203,-14.60496051
"tree_4886623",33.18839627,-13.62154275
"tree_46030",30.32571558,-27.06553357
"tree_2357559",25.49694681,-12.11590566
"tree_3964589",31.4187712,-10.50100838
"tree_3229966",29.593121,-8.56653922
"tree_4695307",34.04523999,-10.27870359
"tree_2345762",27.18620511,-13.05397762
"tree_3060444",24.20126883,-13.09733843
"tree_87947",28.55884162,-32.17561881
"tree_194842",27.3849522,-24.62831337
"tree_4204268",31.22478953,-17.9701422
"tree_226014",26.06836066,-32.63852477
"tree_146587",29.07700446,-25.63327456
"tree_2146645",28.37866516,-14.32189824
"tree_6809",30.2596381,-25.34976156
"tree_1227520",38.94388329,-9.121769933
"tree_2603829",30.14157329,-11.02440314
"tree_4706475",33.18470026,-13.21858469
"tree_2998583",26.11625438,-17.28602894
"tree_1622344",31.02846546,-7.28484006
"tree_4431712",31.22560085,-19.47406825
"tree_201950",26.95973054,-33.38854963
"tree_4815841",34.14755642,-11.902255
"tree_4550336",30.8160647,-18.26122757
"tree_94461",31.73542859,-25.57603108
"tree_41170",25.16121511,-28.94429176
"tree_4956754",35.52085019,-15.94815232
"tree_3065243",32.42688133,-10.36876241
"tree_504082",31.04983022,-3.51966118
"tree_3427695",27.7754037,-12.80472056
"tree_4715883",35.09175223,-14.3799513
"tree_1504919",37.0610801,-6.73223761
"tree_2460707",25.9117116,-15.90839914
"tree_5031934",23.11833025,-20.12618973
"tree_4312769",26.31540402,-18.39275236
"tree_3810999",25.22199949,-15.94743289
"tree_450356",39.38289754,-9.600091075
"tree_1516594",31.07146542,-3.372811361
"tree_4174422",31.06450882,-18.83582594
"tree_122614",30.96846106,-28.61507411
"tree_9497",29.15155572,-31.1582173
"tree_2623148",29.00338153,-10.3853495
"tree_4931465",33.41718842,-11.02295903
"tree_3664846",28.83615947,-15.16702842
"tree_3670207",31.39199765,-9.18332649
"tree_1854956",34.86745122,-10.0577685
"tree_2902488",26.27608441,-12.25040531
"tree_76727",31.98684755,-28.78202676
"tree_2190827",27.56400978,-15.081659
"tree_4947921",33.86981465,-12.06244661
"tree_2634079",25.69905562,-13.21353819
"tree_268888",23.6898418,-33.91780395
"tree_3746645",24.330449,-12.69672419
"tree_4378000",32.89205146,-18.61072833
"tree_2560368",25.48315437,-11.9607623
"tree_1495926",32.26428605,-5.918208226
"tree_2186341",31.56841466,-11.10310166
"tree_325145",30.44701949,-4.402472892
"tree_571389",31.63325942,-7.431689879
"tree_4010654",29.19124718,-10.83969148
"tree_4655554",35.26465347,-14.20903218
"tree_4300158",30.97778776,-19.57719666
"tree_246929",29.84595522,-27.30514488
"tree_3098140",24.66804825,-14.77894464
"tree_4555117",29.75269505,-19.70718895
"tree_4304330",30.86041685,-17.92903507
"tree_4127650",25.78388363,-15.86350583
"tree_2986843",27.10570414,-12.11193918
"tree_172629",24.52577151,-33.73471495
"tree_1992071",39.16970068,-9.190822703
"tree_4427495",30.901704,-20.78444822
"tree_768799",33.70473957,-9.013412977
"tree_381480",31.43619881,-5.63415434
"tree_38041",26.43507715,-27.20138543
"tree_3262416",29.30924916,-10.64425231
"tree_1262431",34.25409333,-9.211105827
"tree_2054401",28.20720621,-12.6314576
"tree_128363",28.82612638,-31.42162747
"tree_3130942",25.32242287,-14.87170613
"tree_4278216",31.29943094,-17.91163665
"tree_2590940",24.52183036,-13.30972527
"tree_4549296",30.67128921,-20.62669058
"tree_4166681",31.99653483,-17.46162174
"tree_3261886",27.40751517,-16.51337713
"tree_1684387",34.44313088,-9.438547259
"tree_4599064",31.40102619,-20.06498326
"tree_79796",17.35037015,-30.42820512
"tree_3810248",23.59350003,-14.50345474
"tree_3837524",30.61989148,-12.22372173
"tree_3305743",25.26887575,-14.24310958
"tree_202515",18.52984866,-33.91780395
"tree_1337202",30.59594177,-4.028271788
"tree_908238",38.77017068,-7.686626213
"tree_613569",37.21090386,-11.54474688
"tree_2149492",30.52686013,-12.1241992
"tree_221304",28.90293131,-30.7044162
"tree_4230080",31.24543311,-17.42970962
"tree_69094",30.06059434,-25.70286822
"tree_4432585",30.59691824,-17.85601582
"tree_3313823",25.23849633,-11.54960083
"tree_1516907",39.43229791,-9.312882037
"tree_2240200",29.26309407,-10.71249376
"tree_4771579",34.84799574,-16.15035253
"tree_3578763",26.79262479,-12.76478534
"tree_1204235",34.42879756,-9.505256201
"tree_1641856",37.04151828,-7.284299176
"tree_2339871",28.46367347,-15.70349452
"tree_3524405",25.28122584,-11.33577163
"tree_2501808",26.69562698,-15.42025196
"tree_1437701",31.49488429,-1.0250172
"tree_237120",31.52520665,-28.834222
"tree_3420128",23.68932593,-14.37120877
"tree_1408549",40.13246704,-10.30387041
"tree_235097",18.54941048,-32.92474219
"tree_81664",30.30714538,-30.36275824
"tree_4300012",31.10949199,-20.89496871
"tree_167445",25.33078092,-33.95945197
"tree_4401264",30.87069356,-19.16224902
"tree_106424",27.97865791,-31.97873728
"tree_5049368",22.37254692,-19.21083487
"tree_4344230",32.80487967,-18.35471023
"tree_3448633",29.38163693,-10.21082449
"tree_4650553",33.44360138,-10.07082411
"tree_1245609",36.23560712,-10.59008783
"tree_4215987",31.30024226,-18.90091223
"tree_53775",31.71622736,-28.98269447
"tree_4544665",30.34441753,-19.6958304
"tree_1873497",31.16539824,-4.313587734
"tree_2982314",26.01123352,-17.50301329
"tree_2686114",22.47072335,-15.17604314
"tree_211607",30.67800862,-25.72630649
"tree_4738782",34.19569472,-10.45746553
"tree_4089053",25.5336365,-14.05614424
"tree_1084188",31.02035226,-1.305735638
"tree_4303292",32.77630319,-19.66373799
"tree_1785012",39.34242169,-8.099590622
"tree_52256",27.89139597,-32.31678935
"tree_1537130",35.31484911,-8.446206677
"tree_382260",30.71214082,-1.204139723
"tree_1892669",36.916575,-9.416731633
"tree_2708956",23.8536633,-14.26582667
"tree_3031633",27.27013166,-16.35913524
"tree_1317829",39.28995633,-10.35543462
"tree_25766",24.50251368,-33.17264705
"tree_2797404",28.7950526,-13.81869647
"tree_1047651",35.36938784,-8.179461057
"tree_2272281",24.9258677,-14.16215737
"tree_3738106",26.18197129,-12.49109838
"tree_219005",29.4544484,-31.1080053
"tree_19019",21.42571903,-34.18373825
"tree_3124711",23.01710227,-16.27701112
"tree_707832",38.4116574,-4.497127472
"tree_4234895",32.76503486,-18.35317773
"tree_1702774",33.35334788,-6.233002313
"tree_1461385",31.82698459,-6.598729579
"tree_4743938",33.12421187,-13.26068344
"tree_3326822",25.46773929,-16.04253821
"tree_4518254",31.22460923,-19.93985892
"tree_1737985",34.99518904,-4.118419006
"tree_138462",27.513321,-32.40315039
"tree_1448441",32.93714074,-6.698612697
"tree_2563052",29.11642545,-11.40581602
"tree_77858",29.72687152,-29.9264457
"tree_567379",34.17178943,-7.982038648
"tree_3654413",30.4655604,-11.99591971
"tree_1645415",37.30916372,-4.94705224
"tree_246133",29.4542681,-25.78940955
"tree_3898930",25.0271024,-14.66292517
"tree_3779229",27.4093181,-12.76271195
"tree_3675758",26.42257274,-13.8370865
"tree_1420894",31.3270312,-6.787407707
"tree_2498387",22.90189484,-16.43044169
"tree_2855853",22.69275458,-14.88171247
"tree_1628517",33.91550247,-7.603780919
"tree_2844106",23.19928868,-15.01260623
"tree_3188841",25.99302389,-15.41547415
"tree_4999838",33.75749195,-10.55825012
"tree_6301",32.01037582,-26.98557299
"tree_4247016",31.38182496,-18.68509979
"tree_1058834",38.66659216,-6.089307647
"tree_1390626",31.80372675,-1.429958506
"tree_3056359",27.41634954,-12.2700574
"tree_162102",27.61067936,-31.93754
"tree_279048",32.2007655,-26.9235517
"tree_1816790",31.52337063,-1.36207765
"tree_875524",38.58636163,-6.060640831
"tree_605425",34.05468891,-9.254015903
"tree_1089306",31.68284008,-1.250385246
"tree_4934330",33.73423412,-10.6235167
"tree_2807871",27.51361779,-13.67049444
"tree_4989188",33.81067846,-10.4161781
"tree_4582551",29.50136624,-17.24436694
"tree_167673",27.70271907,-32.26351235
"tree_2669657",25.37714189,-14.80842278
"tree_150876",29.63411063,-30.58839673
"tree_3735400",23.59890883,-14.86377318
"tree_4761180",35.53067618,-16.02450701
"tree_1182631",36.97661268,-11.25393195
"tree_334681",35.44727455,-4.078844377
"tree_122722",29.39332898,-25.06715003
"tree_201820",30.7119939,-26.1052854
"tree_18760",27.05663817,-24.3584126
"tree_2159934",26.48324144,-13.82266295
"tree_1127722",37.40976739,-9.056142758
"tree_641639",32.81273835,-6.640648036
"tree_870193",35.49487199,-1.860411475
"tree_4483044",31.06901615,-17.58413181
"tree_2488065",26.86230816,-15.06831721
"tree_3704910",26.79758285,-15.89640956
"tree_851019",30.55149947,-5.666156602
"tree_2327190",28.62224144,-14.29855012
"tree_2128177",29.02988465,-14.01494697
"tree_276867",28.95106961,-31.00722071
"tree_2393928",27.44285266,-13.20434318
"tree_3821622",23.26392383,-17.24825726
"tree_4170244",29.91829441,-17.50822785
"tree_4483832",25.84402729,-18.17342418
"tree_4703066",33.16099169,-13.18171447
"tree_4483657",30.51849068,-17.75631299
"tree_239310",26.92826937,-32.53918254
"tree_366188",37.02060425,-9.269701519
"tree_2134245",24.13825631,-17.27187583
"tree_4881181",33.42845675,-10.04134597
"tree_2324742",28.79550333,-14.56863118
"tree_492948",30.18938032,-5.39850951
"tree_89812",26.9849716,-33.1366783
"tree_1595292",30.74558523,-4.200903711
"tree_3718310",31.79594484,-10.60900475
"tree_3528784",25.71663422,-16.60109037
"tree_1254683",37.51614046,-4.261122053
"tree_4477152",31.39733018,-19.77885599
"tree_3195848",26.44709263,-17.22941649
"tree_2974573",28.77792473,-15.07543885
"tree_520962",31.45377741,-3.820662743
"tree_608963",38.37091111,-5.707263734
"tree_18708",30.26675969,-24.95509704
"tree_1391788",38.65153767,-6.42690898
"tree_2661748",23.90513704,-13.1646784
"tree_3559299",27.0339474,-16.82384415
"tree_2552100",30.0225797,-10.06568747
"tree_3422178",32.5154955,-12.08516546
"tree_4854020",34.81716559,-16.26988774
"tree_2018943",22.66859527,-13.22724057
"tree_3324697",27.77937015,-13.93038887
"tree_8728",26.06989315,-27.95222162
"tree_918963",34.76423329,-3.629911229
"tree_280696",31.36285257,-24.73045017
"tree_2268209",26.26373432,-15.03018494
"tree_2325732",23.79533841,-15.3846438
"tree_4171094",32.72212506,-20.20903852
"tree_2172578",26.79109229,-12.28736567
"tree_4384747",32.33891174,-18.3962681
"tree_4291533",31.23128008,-19.66716359
"tree_4807332",33.90361964,-12.01385726
"tree_548164",38.51631767,-8.120865365
"tree_801563",35.85266409,-8.161521761
"tree_4560694",30.76819684,-17.5375257
"tree_1926303",37.14698987,-10.74342825
"tree_4935045",33.0256816,-13.17675638
"tree_4038364",24.44268159,-14.75460489
"tree_442130",36.16682521,-10.60865816
"tree_3918273",29.36378789,-10.87529964
"tree_2359463",29.3661317,-13.52788154
"tree_459653",39.22045325,-10.96645247
"tree_434265",39.06963789,-7.260680605
"tree_4549344",26.08913598,-18.17639903
"tree_17976",26.25135832,-33.55234713
"tree_4264380",30.82742318,-17.20407113
"tree_198445",29.53909608,-30.22438226
"tree_2477925",23.38931784,-17.44676143
"tree_4411176",31.76134227,-18.03477775
"tree_219695",30.62211771,-27.49824022
"tree_579612",38.38578531,-10.189113
"tree_1596217",39.28896472,-8.773711522
"tree_3049784",27.2769828,-16.28719776
"tree_2074803",24.03008032,-14.77299493
"tree_3669860",31.18024314,-9.042967271
"tree_4914799",33.64201412,-12.39563073
"tree_4295302",30.27969225,-17.63894132
"tree_4692496",35.20921329,-16.71548544
"tree_3196984",24.52038801,-11.55320672
"tree_3730613",31.12300001,-10.50560589
"tree_2850685",31.5686851,-10.07695587
"tree_483351",35.24750955,-10.21624731
"tree_443750",39.65523061,-9.763347688
"tree_4543762",31.10128864,-20.79806045
"tree_1429904",34.37588147,-6.401036729
"tree_731923",38.60826727,-6.977347897
"tree_2594641",24.24940715,-14.86521553
"tree_1085781",36.83003421,-3.374704453
"tree_1378958",38.28518163,-6.946517548
"tree_1085841",36.76152274,-4.581234827
"tree_4529367",29.54779176,-19.07282298
"tree_2584102",23.47928421,-14.14629146
"tree_3753374",25.89566549,-13.13366776
"tree_3743611",22.10463776,-15.05163998
"tree_2974513",23.69924207,-14.72629867
"tree_4505312",30.46647607,-16.08119738
"tree_1137977",37.34260813,-8.792462144
"tree_69242",27.05934257,-27.40259402
"tree_4089301",26.10940323,-15.23454869
"tree_2272934",23.29123827,-17.13349985
"tree_126242",25.93205895,-29.75101922
"tree_1131264",37.06675934,-10.67671931
"tree_1749668",29.6891565,-4.650828479
"tree_327184",35.92856758,-10.35507403
"tree_2182327",30.66153924,-9.571500413
"tree_324740",35.16772975,-9.2719552
"tree_460226",34.07082517,-2.284193549
"tree_3442512",31.18772531,-13.39013659
"tree_2224476",25.42437874,-17.62849822
"tree_4561914",27.9413788,-19.35453303
"tree_4605275",26.35020062,-18.1467406
"tree_574252",35.97968074,-3.220642856
"tree_1208728",37.26472141,-8.220748483
"tree_288195",26.40938536,-25.64796856
"tree_3065711",28.31637382,-14.46874806
"tree_4325384",31.17638079,-20.08679889
"tree_2116111",28.41887057,-15.34903565
"tree_4315462",31.05206858,-17.64507133
"tree_4385006",28.57366726,-20.32758211
"tree_3607055",31.05223488,-11.68671475
"tree_1404419",39.02609705,-5.299708159
"tree_925497",35.06622461,-10.50643121
"tree_524248",32.09138475,-5.586736903
"tree_230648",25.22242467,-30.97035049
"tree_4308414",32.59249421,-18.85746127
"tree_1045889",39.11678459,-10.27862919
"tree_355150",37.0867719,-10.59892226
"tree_215314",27.57894775,-26.53618911
"tree_6981",31.08493051,-29.19481088
"tree_2787253",23.3459573,-14.96753262
"tree_4441432",31.81741348,-17.56312751
"tree_4701556",35.40663441,-15.39482869
"tree_578313",30.74297098,-1.395612415
"tree_3659794",31.12903983,-9.174942799
"tree_781367",37.81218209,-6.812198193
"tree_4812813",34.12898621,-12.66039311
"tree_4458930",31.13554436,-16.06560191
"tree_250901",18.95840575,-31.57929496
"tree_2722052",32.87977816,-12.74567413
"tree_4365528",29.81381446,-20.16477623
"tree_218035",29.48167268,-29.79762533
"tree_4422788",31.8930465,-18.8258196
"tree_4786082",35.3561523,-15.12204321
"tree_1411119",35.37227253,-10.15251323
"tree_1646452",31.64317555,-1.24119023
"tree_4057073",28.24696089,-14.18352226
"tree_3649189",29.47629092,-14.3510158
"tree_133797",18.83066797,-33.35357251
"tree_1044953",31.66246693,-4.322332015
"tree_2270363",27.48305807,-14.04776055
"tree_231220",30.63996674,-28.12034618
"tree_669443",39.26832113,-8.52129931
"tree_459742",37.7890144,-8.196589029
"tree_4343495",30.58781343,-17.19911304
"tree_85654",28.74057723,-24.16522711
"tree_2796611",28.11904278,-14.11347788
"tree_2837307",24.64181557,-13.35470874
"tree_536421",35.0260192,-8.419342806
"tree_1253911",31.05722224,-3.469899916
"tree_4622108",35.71628809,-15.96041234
"tree_2210102",30.67929813,-9.140055825
"tree_4539971",32.00924551,-17.45395922
"tree_143817",30.73849701,-26.12637985
"tree_2400066",24.63207973,-15.34245491
"tree_4834835",34.62479268,-14.89766678
"tree_2594909",27.20432459,-12.39446056
"tree_1015233",35.50677135,-7.974646577
"tree_4537663",31.36027991,-17.74910122
"tree_3302169",27.17637913,-13.59495107
"tree_824710",31.65480447,-1.663439802
"tree_3709517",31.25542545,-11.3513671
"tree_3481828",30.25921469,-8.687606935
"tree_2732020",26.5005496,-11.95679582
"tree_1462749",32.36669266,-3.674083366
"tree_4794109",33.95590468,-10.61513301
"tree_996670",35.06352021,-8.374900227
"tree_241389",20.85491056,-33.95737858
"tree_97360",28.78357717,-26.94392498
"tree_1979887",36.63108052,-8.886125104
"tree_2902026",25.11923229,-13.30476718
"tree_3230568",27.20666841,-14.13799792
"tree_559268",37.32043205,-11.58008458
"tree_2741112",25.21767245,-16.72017485
"tree_4022719",26.32927094,-12.5844909
"tree_1903453",33.73061166,-3.931543822
"tree_1177463",35.25021395,-8.947605507
"tree_87020",29.75382536,-31.37862725
"tree_2037085",31.95144783,-12.22534438
"tree_2595938",28.32133189,-14.80067012
"tree_2494843",32.63178469,-11.64506674
"tree_47010",25.21341001,-33.02300266
"tree_2912",29.66313785,-29.2378111
"tree_617829",31.06713838,-3.584657325
"tree_4280914",27.95327815,-17.09688609
"tree_4306120",28.75278862,-20.54745118
"tree_207623",29.7540958,-29.84486247
"tree_3404505",22.93470822,-13.42908019
"tree_1711220",37.18395,-8.488125134
"tree_1604000",31.02098328,-2.485672583
"tree_267472",29.85731369,-29.43568425
"tree_2653963",30.2791371,-13.34569401
"tree_186656",30.58299407,-29.77896485
"tree_2444960",24.90333104,-14.61100037
"tree_194987",24.82595979,-33.88535096
"tree_3648093",26.1116569,-16.27872392
"tree_4934168",33.08535867,-13.19640847
"tree_1293235",33.25932491,-7.219934062
"tree_3315208",30.28499663,-10.90153248
"tree_5011147",32.87603819,-13.5859346
"tree_1320668",37.47016566,-4.212803144
"tree_3363435",29.58266399,-13.7513565
"tree_1795264",37.4190525,-6.423753828
"tree_4435993",31.43086472,-18.06371501
"tree_640872",31.87503276,-6.33811397
"tree_291638",30.42172175,-29.87064457
"tree_4556054",32.20251988,-19.84890038
"tree_4991170",34.01810586,-10.6723765
"tree_3687629",31.05241517,-12.74801796
"tree_2718507",24.42266903,-15.40654958
"tree_4283444",31.83436104,-18.75496388
"tree_657436",35.19288067,-4.49685703
"tree_4293955",31.15104958,-19.649044
"tree_4144336",32.00978639,-17.5503266
"tree_4284694",30.73907948,-16.97140116
"tree_3753830",27.52326348,-12.72503041
"tree_1758000",34.4022043,-9.359668443
"tree_122684",28.62663189,-31.46976609
"tree_26465",30.01795499,-25.5753099
"tree_284867",30.68413859,-29.14459888
"tree_343307",32.37228175,-5.769645609
"tree_4456028",32.7560202,-18.38229528
"tree_2075561",22.41275905,-15.76596654
"tree_1274155",35.47927662,-8.953825665
"tree_240253",25.88554329,-33.30471272
"tree_4589075",31.2175778,-18.82699151
"tree_2954157",23.70996952,-14.65174692
"tree_1632488",35.35730819,-7.907937635
"tree_4882629",34.1173573,-12.4677485
"tree_116471",30.20708262,-29.61056985
"tree_1933076",30.73476763,-7.492178663
"tree_649635",33.433939,-7.245175284
"tree_1948188",37.01970279,-7.388509361
"tree_298072",36.85572601,-6.360109891
"tree_1820326",33.19234594,-6.461345218
"tree_4411951",29.40364729,-19.48416473
"tree_403554",32.66967559,-7.109323425
"tree_4494156",30.9018843,-17.26582198
"tree_2812564",31.53244615,-10.37759684
"tree_168842",30.46814726,-26.9252645
"tree_1556842",36.09723199,-10.69925611
"tree_4870472",34.82572952,-16.06615503
"tree_2023843",23.28024038,-15.0217111
"tree_4451769",30.90918617,-16.79254908
"tree_8022",18.60322802,-32.74868468
"tree_4314350",30.64685948,-19.25014255
"tree_614854",35.35135851,-3.230829492
"tree_4163532",27.41384071,-19.06777473
"tree_59438",31.94988743,-27.51572878
"tree_1706352",29.73161557,-4.857716346
"tree_1950903",35.10471724,-8.572412783
"tree_1011400",34.89485581,-5.999971753
"tree_90345",30.24873036,-27.54673943
"tree_2710049",25.07208559,-14.75415416
"tree_3407919",30.28734045,-13.14340366
"tree_2733470",30.46817465,-8.564826423
"tree_4076874",29.21243164,-14.42160107
"tree_3702427",31.47619463,-8.924243384
"tree_2722855",30.80613449,-14.13691615
"tree_3325148",31.52604573,-10.62640317
"tree_2897437",27.9401918,-13.02161476
"tree_2487393",30.54074271,-10.18657489
"tree_4364055",32.40210452,-18.89631472
"tree_3195591",23.73971792,-17.27521127
"tree_3480740",30.54966723,-11.58538928
"tree_191884",25.42038667,-33.99821527
"tree_2651204",31.77232641,-14.24590414
"tree_948184",31.21750301,-3.689859129
"tree_15971",25.27957764,-33.23304568
"tree_2536891",31.07188685,-12.08291178
"tree_4800714",35.43034298,-14.27790465
"tree_225055",30.25864649,-29.65942964
"tree_1484817",30.80201704,-2.811464631
"tree_168995",18.48811077,-31.65537921
"tree_288567",29.68369128,-30.97053079
"tree_4293017",31.60917476,-17.43313522
"tree_1307019",33.7849701,-5.21055256
"tree_2724448",28.68498352,-15.59342476
"tree_2350459",31.12065619,-9.772618858
"tree_232183",19.26057725,-32.91455556
"tree_120998",30.01993821,-30.3869177
"tree_3378062",26.01438865,-17.44838408
"tree_1349345",29.95085226,-5.197210771
"tree_1409203",32.68085378,-3.287351798
"tree_3774427",29.69219218,-14.12050936
"tree_4720828",34.84727457,-16.13755163
"tree_2593367",23.87565908,-13.11852302
"tree_1345860",40.11777313,-10.28412817
"tree_4816540",35.70952709,-15.99665152
"tree_240917",30.70270879,-29.46029444
"tree_3657183",27.21342941,-12.33081663
"tree_4169557",29.9639086,-19.90470151
"tree_539298",39.63530819,-10.34984549
"tree_4198933",31.01366612,-20.28313953
"tree_4760066",35.50678732,-14.48073589
"tree_2007003",31.28944005,-6.757749273
"tree_173189",29.56073128,-29.89877051
"tree_4974212",33.38437504,-10.88332099
"tree_4157761",29.66939956,-16.55645351
"tree_828013",35.43627666,-3.412746579
"tree_4337839",28.9969057,-17.99385092
"tree_3260240",22.16801086,-14.39897412
"tree_57133",28.35285657,-31.20680665
"tree_5027602",23.42654169,-20.06407829
"tree_4049408",28.78225177,-15.32496635
"tree_2905168",27.6254898,-12.60026666
"tree_4701827",33.76434309,-10.35758241
"tree_475720",33.15872124,-6.531660048
"tree_4419357",30.52218669,-20.90452431
"tree_2905240",25.18693244,-14.69546832
"tree_3476369",29.55318603,-10.48153659
"tree_3533129",28.82930833,-9.256976768
"tree_1071207",31.77352762,-5.712943009
"tree_4384592",29.85203663,-16.62929247
"tree_2216739",24.94723246,-17.46767559
"tree_429949",30.39779941,-5.122027991
"tree_2242973",25.78992346,-13.27123241
"tree_2885075",30.93089747,-11.60441034
"tree_2806498",25.94389396,-15.41718695
"tree_4347818",30.376059,-18.52211362
"tree_4268238",31.75223746,-18.14610957
"tree_142922",20.52912064,-28.72108724
"tree_989687",30.59801515,-1.339630993
"tree_2556197",28.0373699,-12.85745668
"tree_90083",31.56640366,-28.35508954
"tree_2990364",25.79416035,-17.21742691
"tree_125777",29.44660564,-30.06292859
"tree_210961",29.86713967,-29.20463692
"tree_291283",29.80863451,-30.27603662
"tree_2791227",29.93784184,-12.42475003
"tree_347988",32.69086006,-6.357495622
"tree_4261332",30.6167505,-19.5226576
"tree_4520974",31.60322508,-16.947422
"tree_236700",28.05005404,-31.71036901
"tree_365795",35.83337271,-11.21841394
"tree_1472642",31.58421963,-2.145907716
"tree_1959323",35.49189715,-10.48993427
"tree_1971388",35.51163927,-10.51256122
"tree_1988162",39.70994963,-7.883237297
"tree_4589495",29.85257751,-16.63767616
"tree_1661842",37.07018492,-8.338661045
"tree_1501840",34.3873301,-9.450897428
"tree_650970",31.16179237,-4.571498927
"tree_4262955",30.4684593,-17.50137666
"tree_1099001",38.86419364,-8.235893216
"tree_796200",35.37019916,-11.15413898
"tree_3838889",24.71943184,-13.20596583
"tree_1086516",34.29447904,-6.107246943
"tree_3556907",33.05592474,-10.51795606
"tree_1883549",38.68840765,-6.793177129
"tree_4490311",32.61187573,-18.3542595
"tree_907727",35.77603943,-11.22923161
"tree_3974523",28.69399819,-15.9342714
"tree_830195",39.3111408,-10.08508311
"tree_3665418",29.05692865,-15.38338174
"tree_2888152",28.341074,-14.65039471
"tree_692496",35.09083465,-9.360660063
"tree_189004",28.4592296,-32.48031641
"tree_8194",26.93196538,-33.27442325
"tree_907655",31.71971006,-1.651630516
"tree_4950130",33.88919618,-10.62360685
"tree_4266597",28.56366099,-17.50372049
"tree_1855711",33.80534325,-7.201814471
"tree_739882",29.97311848,-5.212535798
"tree_179535",30.33905729,-26.66636169
"tree_1390777",32.46179739,-6.624331389
"tree_3080156",32.4534746,-11.27834785
"tree_2220865",23.58944343,-14.38536189
"tree_1089821",38.55390883,-8.067678506
"tree_2570413",32.57958978,-10.26283943
"tree_2949735",24.91153438,-11.56763027
"tree_2341813",26.93388461,-12.87188023
"tree_1051667",31.63677514,-4.142488314
"tree_3174053",23.95192316,-15.32514664
"tree_4469306",30.90855515,-16.82635429
"tree_29226",30.68359771,-29.06608065
"tree_2396874",27.89818345,-13.3023332
"tree_4356854",30.4095034,-17.79796101
"tree_4883999",33.88288591,-12.56276367
"tree_4384523",31.09975615,-19.26564788
"tree_263646",28.0859324,-31.04327959
"tree_4007572",27.04052811,-12.27402388
"tree_99721",30.31003007,-26.92409259
"tree_4338451",31.18016694,-19.98871872
"tree_65657",28.31346249,-25.59739597
"tree_4558948",32.92243088,-19.73765871
"tree_1754772",37.14076975,-2.887458736
"tree_3141271",26.5789772,-12.18928549
"tree_866810",38.73861934,-7.757211485
"tree_4262781",30.95227626,-18.10238817
"tree_248557",29.67512735,-28.00991584
"tree_4166129",30.29645952,-21.19696189
"tree_1915577",39.31339446,-7.001146763
"tree_157618",30.55441759,-24.59207419
"tree_1417444",32.7087091,-6.716912583
"tree_1129658",31.07642348,-1.391285349
"tree_4694977",33.98240779,-12.26789212
"tree_1402713",35.84950896,-3.973642573
"tree_1168313",30.5654722,-4.028632376
"tree_3832553",22.44719507,-14.79219628
"tree_2350633",30.52857291,-13.0722775
"tree_2286840",28.28788747,-14.61577818
"tree_1398923",39.64089729,-10.43818977
"tree_3387813",26.99978182,-14.82302663
"tree_4891937",33.62128039,-11.83689827
"tree_3376503",24.47179896,-14.50363504
"tree_4648165",33.96978726,-10.80921998
"tree_4863450",33.79418163,-12.08669621
"tree_267830",32.04868814,-28.29766576
"tree_255741",26.5380246,-32.5469352
"tree_2161493",29.17898723,-14.35687537
"tree_1050193",31.06894131,-6.669855734
"tree_191635",31.52583768,-28.38051105
"tree_125150",24.17825625,-33.92420441
"tree_4405812",25.81436905,-18.09589757
"tree_236865",27.28425841,-28.68502836
"tree_167395",26.54496589,-24.58251858
"tree_4342852",28.06614173,-18.59774713
"tree_4503550",31.28536806,-20.12448043
"tree_3212429",23.83617485,-13.40158529
"tree_4880170",34.19830897,-11.67382195
"tree_3227909",27.4755759,-12.74693619
"tree_3590584",22.69374619,-13.03910332
"tree_203628",19.63297298,-34.54991625
"tree_2675487",28.33891048,-14.88180262
"tree_940196",34.35568862,-6.122391676
"tree_166052",30.53728973,-27.56260534
"tree_607663",29.99069708,-6.329910573
"tree_3795599",30.29356057,-13.54807452
"tree_273749",25.13074555,-33.36186606
"tree_4360486",30.26887465,-17.64362897
"tree_127162",18.73150668,-33.76239015
"tree_4321096",29.66372032,-20.87802103
"tree_2909627",33.23657865,-12.38156951
"tree_454495",37.43014054,-7.109774161
"tree_158920",28.57750197,-26.78454469
"tree_1790495",35.79352788,-7.927679876
"tree_32204",30.51511365,-30.03579428
"tree_2606492",31.8375926,-13.06831102
"tree_3182907",28.10452916,-14.64471543
"tree_1070893",37.56554083,-10.87305995
"tree_200062",26.68406214,-26.67059861
"tree_2978640",28.71500236,-14.62578452
"tree_2254791",30.80775713,-8.924243384
"tree_4807446",33.9246238,-10.84798328
"tree_4601435",31.14176448,-20.44008584
"tree_1461489",33.56465166,-8.765237684
"tree_3185213",25.56635974,-14.2422081
"tree_4078607",24.12599637,-14.77876435
"tree_1333566",35.64622824,-9.657064117
"tree_957772",33.7378234,-7.21254199
"tree_148235",20.01564543,-34.79232212
"tree_4901820",34.50021004,-14.0107083
"tree_3346305",31.91620049,-12.61910743
"tree_4714146",33.39888865,-13.68527684
"tree_2032670",27.84463634,-13.70637304
"tree_2729432",23.23444587,-16.88027631
"tree_2341285",25.21902465,-11.71231656
"tree_174880",32.51294328,-27.07725271
"tree_68938",28.31319205,-30.53061236
"tree_1411527",35.7970436,-10.33830665
"tree_2289501",30.82975291,-9.090114266
"tree_741465",39.40876963,-10.12051097
"tree_4547207",30.833463,-20.16297329
"tree_100395",26.50755504,-32.75544572
"tree_4399264",31.40751675,-19.12664086
"tree_3385807",25.81868024,-15.65048795
"tree_116699",27.6751342,-31.66890129
"tree_2208356",30.88843839,-9.740977184
"tree_4313479",31.05729709,-19.27808819
"tree_3224534",28.61728338,-15.68853008
"tree_258140",30.12540977,-30.41576481
"tree_124552",22.35260668,-33.99064291
"tree_4856191",35.10671657,-14.35849627
"tree_190694",24.98479815,-33.20131386
"tree_106708",26.10703356,-33.44984974
"tree_2945624",25.00997454,-17.00666271
"tree_4573748",30.77243373,-19.82365916
"tree_499934",35.31511955,-10.20326611
"tree_2806274",23.33910615,-15.9667244
"tree_1875576",35.65064542,-10.8017535
"tree_3423485",26.51253911,-15.42502976
"tree_1515779",37.29149497,-8.165938974
"tree_4907310",33.74099512,-12.30557366
"tree_1775607",34.43727135,-2.624228858
"tree_4433945",29.12040658,-21.84863613
"tree_4756899",33.54429517,-14.2795273
"tree_1392967",36.09353598,-7.578629845
"tree_4259204",30.87979837,-19.06074325
"tree_3462849",22.28141536,-14.77795302
"tree_3945804",25.46151917,-16.38861338
"tree_4901755",33.93472023,-10.45503155
"tree_219591",30.0750178,-25.26042567
"tree_3980309",28.422206,-15.1805505
"tree_151976",31.37150665,-24.96870927
"tree_4524402",31.28608924,-16.07200236
"tree_3344848",29.06684478,-9.829141164
"tree_3679265",30.75384942,-12.58503178
"tree_2853538",25.5956574,-13.37237759
"tree_1042876",39.26282219,-9.08526031
"tree_1799977",35.59105848,-2.296092982
"tree_1925670",32.07596967,-6.117163137
"tree_4845559",35.03901645,-16.63642633
"tree_1516690",38.41255887,-8.017015769
"tree_720641",39.18592708,-7.17657325
"tree_3251278",29.32349233,-13.74576737
"tree_1538",29.82828648,-30.98441346
"tree_4479573",25.78173596,-17.9829431
"tree_1184888",39.95650075,-10.77543051
"tree_705721",38.50856506,-10.32622692
"tree_210762",25.30725265,-32.75517528
"tree_81365",25.50187923,-32.70045591
"tree_184897",25.93891009,-33.60201825
"tree_1043158",34.21929672,-9.473163791
"tree_31343",26.56407698,-33.29858271
"tree_167681",27.79295585,-24.52401304
"tree_26381",29.72083169,-29.82998818
"tree_706002",35.03323093,-10.36643258
"tree_892955",33.15114892,-6.294572863
"tree_231707",29.21195396,-28.44090969
"tree_267025",28.11847533,-31.5406218
"tree_4408507",30.74953649,-20.9533841
"tree_390062",38.42418779,-6.555819503
"tree_4492769",31.02313151,-19.52175612
"tree_197394",29.61806453,-24.25167829
"tree_45805",30.47671119,-25.22607958
"tree_124284",20.87366106,-33.92600735
"tree_165724",26.99038039,-28.07977993
"tree_4534561",30.35135882,-17.91199724
"tree_4459863",29.87520432,-20.75334742
"tree_174393",31.56378941,-29.09952527
"tree_4158885",31.66795036,-18.37769777
"tree_3304105",26.0399903,-14.96627056
"tree_229147",26.92394233,-29.23357418
"tree_1723744",35.43212991,-8.181804885
"tree_1196895",34.86600888,-5.744133947
"tree_4601061",32.65622788,-18.37210864
"tree_89642",25.88896886,-33.59516706
"tree_4452101",31.89331694,-17.97879633
"tree_4046330",25.02421771,-13.82401516
"tree_3673749",23.60134279,-14.02955081
"tree_3422320",23.83923983,-14.92561417
"tree_395810",33.42203964,-9.424033557
"tree_488248",38.09704555,-7.358670632
"tree_1309944",34.30394444,-7.731609675
"tree_1071118",35.14915954,-9.007733702
"tree_37095",30.67683671,-26.78688852
"tree_883854",38.66677245,-6.020254877
"tree_4223376",30.22028562,-19.53482747
"tree_2684932",23.54229673,-17.54231748
"tree_1444892",36.34387326,-10.88090276
"tree_4576769",31.59529218,-21.03334469
"tree_252417",28.87264204,-30.60579514
"tree_3657737",30.96118675,-12.13898335
"tree_4384100",32.8281375,-19.7088116
"tree_94208",30.79285542,-30.1566817
"tree_1543533",39.038357,-9.203803902
"tree_4191379",31.20612917,-20.06137737
"tree_3359646",25.01934979,-11.68914873
"tree_482712",36.25192366,-10.88486923
"tree_777359",32.81607377,-8.610725351
"tree_527775",36.07280224,-7.809136283
"tree_4243039",29.1759369,-15.8618692
"tree_1282231",31.31260774,-2.294380185
"tree_121242",21.90647101,-33.13748963
"tree_2887414",26.0940783,-16.66329195
"tree_5023742",28.38965634,-21.9468931
"tree_4898750",33.12619509,-13.34010314
"tree_3021823",27.23849018,-16.98322443
"tree_3772288",22.98464947,-13.40492074
"tree_3163609",30.1696089,-9.538596679
"tree_1508544",39.28860413,-7.478927021
"tree_1759742",29.83717731,-4.88674375
"tree_2108097",23.6374916,-14.41330752
"tree_3060715",27.01708997,-12.1534069
"tree_2915729",25.45124245,-12.14998131
"tree_888720",35.02881375,-11.5146377
"tree_1014129",33.94687351,-2.074330824
"tree_4459092",30.91477526,-20.63994222
"tree_3278137",23.76838456,-13.13015201
"tree_4400834",31.99410087,-18.26221919
"tree_2425167",32.93215337,-9.468101554
"tree_4850400",33.94833237,-10.67255679
"tree_126962",28.51620227,-32.50366454
"tree_2037286",25.59241212,-15.16702842
"tree_1240636",31.71303921,-3.656594805
"tree_1393499",38.39741423,-6.448904902
"tree_208973",19.59466066,-29.16902877
"tree_2384520",28.23650388,-13.52824213
"tree_3418612",27.32530141,-13.51742447
"tree_3273340",27.31908129,-13.5148102
"tree_222117",29.10963754,-25.08238491
"tree_2521200",26.84932704,-16.15432076
"tree_4501580",31.40850836,-19.77642202
"tree_244972",19.56076553,-34.15588276
"tree_4389134",30.78559514,-19.87765734
"tree_723972",38.34449814,-5.510923092
"tree_4304729",32.23929971,-21.03595895
"tree_3355547",28.29212437,-14.91272312
"tree_1603725",29.93534703,-6.128070951
"tree_3711195",28.2373152,-15.60117742
"tree_3944680",25.2933055,-12.32540779
"tree_3721042",28.79883876,-11.93759446
"tree_4886266",34.16134885,-12.97744088
"tree_4261656",31.29952108,-17.41032797
"tree_234182",30.60733366,-29.17497849
"tree_1457566",32.28420846,-5.607020027
"tree_3404065",30.70661257,-11.78109889
"tree_3719984",30.45113693,-12.22858968
"tree_1579896",39.98066006,-10.79120627
"tree_2753935",29.40507506,-10.68590033
"tree_107991",28.58029652,-32.48536465
"tree_3928498",29.46358024,-8.435915901
"tree_4256722",30.8067796,-19.60315906
"tree_4699552",33.09166893,-13.15791561
"tree_1736346",39.21964193,-6.248417487
"tree_3881725",27.79072863,-12.43737064
"tree_3323362",28.76287024,-15.06876795
"tree_2004013",38.24407475,-5.994653067
"tree_1864863",37.91161386,-8.130150529
"tree_1826261",32.64767981,-6.677518248
"tree_4548433",31.61809928,-18.23319178
"tree_161998",28.45237845,-30.17128555
"tree_23202",30.22114549,-29.62950077
"tree_2751169",27.81569926,-13.56457146
"tree_4583100",30.7812681,-17.57430576
"tree_168734",30.7146983,-30.18597955
"tree_1377693",33.23453458,-6.308906271
"tree_1438516",35.66164332,-8.313329677
"tree_165375",30.37394403,-25.62849676
"tree_4808174",34.17315806,-10.37119464
"tree_2178415",26.01375762,-16.65490826
"tree_615447",34.76648696,-9.381934806
"tree_457409",34.30863206,-6.728361279
"tree_4120921",23.84392746,-14.61082008
"tree_212906",29.66349843,-29.19535176
"tree_2139671",22.91758036,-13.37985981
"tree_1834518",35.86510433,-5.582860572
"tree_272011",25.99002323,-27.98494506
"tree_1864468",39.92612133,-10.07471618
"tree_2946378",30.77241964,-10.61008652
"tree_223072",31.32625304,-28.94293955
"tree_454824",39.21441343,-10.79986041
"tree_971903",32.48153951,-6.578085866
"tree_2688814",22.50858495,-13.21777511
"tree_696200",34.22740992,-6.301424052
"tree_3085393",23.43403059,-14.12114039
"tree_1497533",35.52588244,-4.336485128
"tree_11569",29.68576465,-31.33914277
"tree_4785838",33.91416679,-10.84266459
"tree_2403194",25.23056342,-14.66220399
"tree_154987",26.85335752,-25.60397672
"tree_3282223",32.82280547,-10.73304733
"tree_4135645",31.74700896,-16.782092
"tree_2651157",30.03024216,-13.24040206
"tree_1139129",39.24957063,-7.613246377
"tree_2087528",25.29754239,-13.44855199
"tree_678803",34.05748346,-7.225883779
"tree_2183927",30.13373053,-9.590791918
"tree_3867130",27.50009579,-13.4676632
"tree_308844",35.17151591,-6.736835118
"tree_2837835",33.18844033,-10.74332411
"tree_4606631",30.73024511,-18.73783591
"tree_1888428",37.26057467,-9.693303299
"tree_3799354",29.01131444,-14.29990232
"tree_2103877",28.23199654,-15.58684402
"tree_54906",24.14580346,-33.97099081
"tree_3626638",30.71093961,-9.004023672
"tree_4228005",31.22046249,-19.63633324
"tree_267076",25.81919537,-33.45336548
"tree_1166951",30.75099403,-2.881599167
"tree_291990",26.44995134,-29.04850194
"tree_3120037",26.53895208,-15.91768431
"tree_4043563",22.07687258,-14.40816913
"tree_1410160",35.16087861,-8.995383533
"tree_2537268",27.06081111,-14.78660716
"tree_1917588",39.21819959,-7.203346974
"tree_920578",37.63495376,-6.380302868
"tree_3750356",32.71841564,-13.17802019
"tree_519968",38.55724426,-6.886479501
"tree_4137571",32.32962663,-21.23491387
"tree_4491151",32.76954219,-20.25014565
"tree_1353198",31.64633068,-4.285642097
"tree_3147276",23.42925281,-14.59315123
"tree_3393151",24.92595785,-17.04704866
"tree_1097084",37.52190984,-8.905326461
"tree_4370618",32.21117396,-21.2095825
"tree_3786712",28.56364611,-15.51679963
"tree_2917072",30.75700456,-13.58656738
"tree_258922",29.97089845,-25.99945257
"tree_1463344",37.24597091,-9.534103311
"tree_884459",35.86789888,-10.422414
"tree_4178385",32.710406,-20.19587702
"tree_1077448",35.83256139,-11.41150929
"tree_4950030",35.09238326,-16.69466144
"tree_230441",30.10125047,-28.38736224
"tree_3661551",28.31727529,-13.39960205
"tree_4359242",29.14699984,-21.88595708
"tree_3924562",32.15590046,-13.35741315
"tree_4960702",34.21507625,-14.22516853
"tree_2351703",28.31727529,-13.78606318
"tree_4791615",34.94814865,-16.13484721
"tree_3443125",24.5802454,-11.64497659
"tree_2403569",24.11662111,-13.10364873
"tree_285902",28.92600885,-31.87948519
"tree_269586",32.19616802,-27.61317793
"tree_119248",29.53639169,-30.18814308
"tree_178708",30.08141821,-25.12403293
"tree_4365311",29.10192652,-21.70223705
"tree_4827497",33.36228912,-11.30403806
"tree_188351",30.9314108,-22.86845937
"tree_3837191",24.10913894,-11.41771545
"tree_2057295",25.92180803,-15.25293872
"tree_3518409",27.44465559,-13.15999074
"tree_4751616",33.40357628,-12.76379197
"tree_5049114",25.60583726,-20.67419467
"tree_4204790",31.43708484,-21.58540625
"tree_4674274",35.3145947,-15.25537094
"tree_1858455",31.48469772,-5.605126935
"tree_3837137",23.93740955,-14.56691838
"tree_2546505",28.0454831,-16.08310445
"tree_3133895",29.00626623,-14.09400608
"tree_1729226",37.61998941,-10.58954695
"tree_4059539",25.89999253,-13.92416872
"tree_2740441",30.33881419,-8.617201957
"tree_555165",31.77821525,-4.578981146
"tree_1717235",39.83462247,-5.22741009
"tree_2677881",29.30131625,-11.71168553
"tree_383992",34.09218993,-6.24769631
"tree_4434841",30.75674822,-20.85918026
"tree_1113183",39.10686846,-7.667424856
"tree_1408317",39.04025008,-8.109146227
"tree_4326229",31.27022343,-19.53933483
"tree_153449",27.72561631,-31.76400661
"tree_3221235",31.14932283,-10.32909764
"tree_272689",28.42235962,-32.29713726
"tree_2584220",30.45789793,-12.20271743
"tree_507710",34.53372828,-5.859973122
"tree_136139",25.02563458,-33.25260763
"tree_3031472",29.63927609,-13.80580542
"tree_160801",29.4677901,-30.86713193
"tree_4843496",33.73225089,-12.11581376
"tree_3546607",22.95372917,-14.39996574
"tree_4173091",32.42455103,-19.0299129
"tree_2845926",31.33349246,-13.30431644
"tree_2658696",25.31692392,-16.48750488
"tree_195757",29.93610185,-30.34581056
"tree_1079519",37.40913637,-8.622895226
"tree_2843654",26.11120616,-12.42772489
"tree_80184",27.86399139,-28.8779434
"tree_518332",39.32709676,-10.67491636
"tree_2817791",29.37063904,-9.035665346
"tree_4257685",29.31809814,-15.97076704
"tree_834713",33.48604377,-2.02619221
"tree_37126",32.18210515,-27.74380125
"tree_941186",38.7466424,-6.346768103
"tree_636531",35.57077548,-10.40681853
"tree_1958198",32.42114124,-6.196132101
"tree_43055",28.76095037,-32.01173116
"tree_908058",30.90640688,-2.662180837
"tree_4618983",34.98303539,-13.69997083
"tree_1257429",39.05467354,-9.50399414
"tree_1894559",35.29213215,-3.234615675
"tree_1962629",34.82138628,-9.351735488
"tree_2234700",24.87340234,-11.53851272
"tree_2994884",26.14167574,-13.1045502
"tree_1615676",39.20981595,-7.240217187
"tree_193739",30.68729372,-26.60028378
"tree_4237227",31.34035751,-18.2943116
"tree_4396540",30.32152029,-18.12113879
"tree_1842994",31.29223459,-5.006909993
"tree_212912",29.89787967,-31.10656294
"tree_3165651",28.31727529,-14.13060585
"tree_1129526",38.13184216,-6.724034213
"tree_1667825",34.85672377,-9.647147923
"tree_365190",38.20468066,-4.538144456
"tree_134940",28.82720814,-30.63824814
"tree_1992545",35.64956366,-10.79490231
"tree_252569",30.97576294,-28.59551217
"tree_4475590",32.66821738,-17.01647477
"tree_2656673",27.33837268,-17.3796919
"tree_143261",31.90661705,-27.48255461
"tree_4505715",30.77315491,-18.20028805
"tree_60632",22.74357262,-33.84541574
"tree_4181850",30.41590381,-16.30665557
"tree_1869096",38.41877899,-8.527339174
"tree_105884",18.62152779,-31.8500972
"tree_758659",32.43682676,-5.816522163
"tree_2089689",29.41291782,-15.12339717
"tree_103957",29.98415,-29.30316783
"tree_3883423",27.45619437,-12.21407598
"tree_4408979",30.22127723,-17.57980474
"tree_3613687",25.58853582,-14.03369759
"tree_997162",32.27870952,-5.786773581
"tree_1223892",36.73276596,-11.22283116
"tree_827991",31.4485489,-7.012415165
"tree_243655",25.57850386,-31.51483969
"tree_3417765",27.33161168,-14.18712815
"tree_1590728",31.42889693,-5.425373382
"tree_3850231",27.29528257,-16.2403212
"tree_2552727",22.58043184,-16.01909993
"tree_3661817",22.45639003,-15.10671993
"tree_3078278",25.84788776,-17.64499516
"tree_1216699",32.92731475,-7.40248218
"tree_3500065",23.69166975,-13.17558621
"tree_2151771",31.79080648,-12.15430837
"tree_2841513",25.28483171,-16.56638369
"tree_1389360",39.3043798,-7.254640742
"tree_272332",28.86588105,-25.81627342
"tree_421575",32.60828572,-6.892248923
"tree_252338",29.8903975,-31.30227255
"tree_2790253",29.44987795,-11.79299832
"tree_2058274",25.70437428,-16.65274473
"tree_483404",35.3217904,-10.81879132
"tree_4647817",35.1166327,-16.39654458
"tree_4314996",32.85103474,-18.21056483
"tree_4963946",34.80742976,-16.22986238
"tree_1602082",37.63729757,-8.403206454
"tree_159379",27.72913203,-32.54504211
"tree_76113",28.82630668,-31.66610673
"tree_284735",30.67503378,-29.8195311
"tree_2866744",30.23108893,-13.18703491
"tree_36818",28.05645445,-32.86380267
"tree_252819",31.40720471,-27.90705786
"tree_3889645",30.4466296,-10.84401855
"tree_2571465",30.57914519,-11.09598003
"tree_1006751",36.45872011,-3.303127561
"tree_4201001",30.47386809,-17.45260702
"tree_569406",31.46910234,-4.98302098
"tree_174778",28.06348589,-31.21609181
"tree_1011008",38.4481668,-7.520665184
"tree_3150789",30.87410507,-10.14465643
"tree_4227398",32.33629748,-18.88739015
"tree_1813165",29.91290051,-5.281137832
"tree_1792352",37.00500888,-11.36679627
"tree_4542385",31.84779289,-17.61018435
"tree_1326007",37.98562427,-7.928491201
"tree_174057",24.40849074,-33.87236976
"tree_242087",29.73615662,-24.89848459
"tree_1478352",39.40660611,-10.15548809
"tree_328869",38.53001997,-5.089214403
"tree_1906603",31.52472283,-8.692669173
"tree_4310672",30.846985,-19.40267165
"tree_3061712",26.42987462,-12.32594868
"tree_4696313",33.3547168,-11.97428263
"tree_110292",30.88976305,-27.9380685
"tree_1687000",29.67878963,-4.484146272
"tree_266763",27.35331073,-32.63185388
"tree_3709104",22.00908229,-14.40167853
"tree_146908",29.24215308,-30.07518861
"tree_4922690",34.85033955,-16.13773192
"tree_1775031",37.99761378,-8.082102061
"tree_3228314",24.1465498,-11.36885566
"tree_4258777",29.87646637,-16.21542659
"tree_4103416",28.74357885,-15.06047441
"tree_462567",37.82624497,-7.638848187
"tree_1102608",36.22046248,-11.48182412
"tree_3858812",25.53192371,-14.82933694
"tree_4550165",25.70366898,-18.17982463
"tree_3329031",28.11246207,-14.15846134
"tree_2734524",32.17221701,-11.62027625
"tree_3904139",23.31224244,-14.85565993
"tree_3082103",32.74482861,-11.82788529
"tree_3997225",32.47303642,-9.940653273
"tree_4084457",23.5010997,-14.32352089
"tree_4995760",33.81293213,-12.5131827
"tree_3898583",24.87159941,-12.88314864
"tree_3481771",25.27734954,-15.58332827
"tree_4029805",31.47412126,-9.098227516
"tree_4057184",25.68418142,-12.69771581
"tree_4998495",35.85286023,-14.96617867
"tree_4283403",31.77243031,-21.35922688
"tree_1931748",37.64622209,-4.252377773
"tree_1462083",30.24887712,-5.385077575
"tree_1183914",35.49090554,-10.87026539
"tree_5035485",22.42050494,-18.82392301
"tree_4472548",31.42779974,-17.85231978
"tree_501225",34.45268643,-6.401667759
"tree_1921229",31.07705451,-4.174310282
"tree_3564572",25.69256506,-11.88747261
"tree_4548207",32.66623415,-20.18109288
"tree_2751183",24.33802132,-17.0020652
"tree_35985",30.57893747,-26.47326635
"tree_2722455",27.2676977,-13.11455655
"tree_4607265",31.04170172,-18.18442214
"tree_53934",26.65160936,-27.9121061
"tree_4920282",33.17451369,-12.70050862
"tree_1436306",33.39643799,-2.550398286
"tree_4887152",33.83267424,-12.69140375
"tree_4243432",30.8829535,-20.08761022
"tree_4780928",35.06155311,-15.94085039
"tree_3648238",26.20874485,-14.49921782
"tree_596611",36.36325479,-10.8991125
"tree_807604",38.62692763,-8.097246794
"tree_253780",31.9654828,-25.44694026
"tree_3643209",30.64711577,-10.83356147
"tree_1661742",31.17297056,-4.013577791
"tree_2282859",26.23101108,-12.18694167
"tree_2795279",26.40292076,-14.22904661
"tree_2258592",27.40066402,-12.14682615
"tree_4349128",31.76260433,-17.74098797
"tree_397827",34.17719823,-9.259424736
"tree_187440",18.13455569,-33.01831501
"tree_3175833",27.90494445,-13.65733295
"tree_210730",30.35970086,-29.44379749
"tree_3578070",29.81695516,-8.360552826
"tree_3431940",30.0413302,-8.85825562
"tree_4053657",22.6464192,-15.75406711
"tree_953875",35.57086563,-3.26039778
"tree_1285540",32.64894186,-6.323600268
"tree_786340",34.42077451,-5.881067572
"tree_3309605",25.78794023,-14.07453428
"tree_4454871",32.49756981,-18.2796176
"tree_984024",31.23670425,-8.10481916
"tree_3480213",30.38235503,-8.543191091
"tree_4455814",32.71797832,-18.29728645
"tree_3692201",25.73502414,-16.81861561
"tree_3605294",26.35586421,-15.39735456
"tree_4364938",31.32728625,-17.76172183
"tree_3389872",28.89962272,-13.57277486
"tree_568432",32.65840726,-6.135282728
"tree_3624737",25.02899548,-11.79795642
"tree_2281599",31.63286953,-10.04603537
"tree_3509688",32.06241837,-12.99078441
"tree_4227902",30.51740892,-17.17973138
"tree_48288",26.49890096,-27.73559785
"tree_2313942",27.03593063,-14.7819195
"tree_100985",26.36368102,-32.3751146
"tree_956150",31.16044017,-4.483515242
"tree_4353095",31.0809155,-20.75208536
"tree_3299526",29.31078165,-10.44340431
"tree_1436423",38.55381869,-9.556640116
"tree_1787888",37.20612608,-11.04992879
"tree_4865497",33.39311927,-10.91802767
"tree_2271741",27.41616925,-13.83393135
"tree_4937268",33.89099911,-10.87024964
"tree_2893595",28.94127048,-14.28529847
"tree_2460813",25.05027009,-16.95951571
"tree_2541521",32.31726299,-12.09661415
"tree_5037596",25.60773034,-25.07869762
"tree_47731",29.48843368,-31.46877447
"tree_2892232",26.21586644,-16.06345236
"tree_4961304",33.41682783,-10.84618033
"tree_350622",31.22210049,-4.285281508
"tree_2883720",29.43815889,-10.0728091
"tree_933199",31.2244443,-2.508930565
"tree_4419051",31.66488538,-18.21994014
"tree_160990",32.24115119,-27.85738674
"tree_4191173",30.45385554,-16.86223288
"tree_2803425",27.23749856,-16.21264601
"tree_194420",30.18337405,-29.83476598
"tree_2642775",27.90737841,-14.1125764
"tree_4340644",31.10498465,-21.68501893
"tree_3812289",30.04178094,-9.868986235
"tree_4611033",30.72636881,-19.30369
"tree_549339",38.30627595,-8.650119686
"tree_3452172",28.85752423,-13.54672231
"tree_3540706",24.21569229,-12.53770449
"tree_2245494",26.04584983,-15.44143655
"tree_3044940",30.21936986,-15.16513533
"tree_2118104",32.58878474,-13.67644416
"tree_2435707",24.68247171,-14.86142935
"tree_4282039",29.24228482,-16.10598786
"tree_4359784",30.78099766,-19.64597899
"tree_251146",32.31065425,-27.72478018
"tree_3116831",26.37975307,-16.18073389
"tree_137997",30.23610983,-26.88262487
"tree_284420",24.77601856,-33.85443046
"tree_2442579",32.56778056,-12.94769404
"tree_964420",31.05325579,-1.889799468
"tree_3299295",29.68822573,-9.026380182
"tree_3140634",25.6901311,-11.89125879
"tree_543091",37.73168113,-7.495694404
"tree_2910453",26.57050341,-15.6068567
"tree_1319296",38.24091962,-5.413564096
"tree_4076055",22.88801225,-15.32938356
"tree_3486732",24.0966987,-12.76965329
"tree_1815325",31.32198299,-3.69499752
"tree_61416",24.39920564,-32.52061221
"tree_23135",28.59499042,-25.19191378
"tree_931135",35.04152443,-11.43702095
"tree_215979",25.47348304,-32.72281242
"tree_1346663",31.69960736,-6.550140228
"tree_545520",31.47721554,-3.697882231
"tree_263481",30.96819062,-28.51311761
"tree_365233",38.33899919,-6.446651221
"tree_1728616",36.90566726,-4.935152807
"tree_4429600",31.21577486,-19.28142364
"tree_3023008",24.6733669,-14.91092017
"tree_1134134",31.94760083,-5.794706536
"tree_985668",38.51550635,-8.765417978
"tree_3627211",24.34793745,-11.63560128
"tree_4548451",31.16276864,-17.43358595
"tree_60228",29.03887243,-28.7841903
"tree_4238814",31.56283939,-19.09085242
"tree_834964",36.25246454,-4.846267649
"tree_3224561",25.97823984,-16.48119457
"tree_3404194",32.30211835,-10.10093503
"tree_3334439",25.04540218,-14.94562685
"tree_3033007",25.9022462,-14.90614237
"tree_2687619",28.6882288,-15.00287033
"tree_4724315",32.98187034,-13.33307165
"tree_2629179",22.93479837,-13.82554766
"tree_4245073",31.48170742,-18.19181421
"tree_172737",26.56515874,-26.30108516
"tree_4210468",32.77657363,-18.11491863
"tree_4291358",31.15681897,-19.78525644
"tree_23722",28.70217476,-30.77040396
"tree_2615675",24.48162495,-11.78037771
"tree_719691",39.27778653,-8.950129629
"tree_4601552",32.76242061,-19.87927999
"tree_3504945",23.32774767,-15.06101529
"tree_1569499",37.90602477,-7.128254341
"tree_3372049",23.75540344,-14.01548785
"tree_3752949",24.8542011,-14.25446813
"tree_4708567",33.94265313,-10.44745919
"tree_502090",31.5851211,-2.507217768
"tree_74712",26.27795157,-26.16424168
"tree_4861616",34.80292243,-16.13980531
"tree_1166021",31.51760125,-4.328281731
"tree_79867",29.24774217,-30.61093353
"tree_1473958",31.71709581,-4.309260668
"tree_4170943",30.44502117,-18.31648781
"tree_459676",39.22108428,-7.158002923
"tree_378506",30.87242159,-2.735109937
"tree_680877",36.824986,-9.413846922
"tree_2898377",25.0394525,-16.74469489
"tree_4654079",33.20840882,-13.12293849
"tree_1920222",35.60719473,-2.12210885
"tree_3472182",29.37325329,-13.93192138
"tree_88557",31.13333925,-25.87243514
"tree_2870654",31.01058712,-10.55122039
"tree_292569",29.9936154,-30.80456976
"tree_2671442",30.27805534,-8.820393788
"tree_2062707",28.47142608,-13.25762018
"tree_1660573",36.05846892,-7.019446648
"tree_1881685",34.96733372,-9.990338385
"tree_4036169",26.93090977,-12.99754546
"tree_16673",30.15966549,-24.99674505
"tree_1280385",35.22587435,-4.626849319
"tree_2054677",29.11489295,-8.485677165
"tree_2475370",32.86634631,-12.07146308
"tree_3106457",29.82272455,-14.94697906
"tree_55969",28.95503606,-28.61426279
"tree_3590588",22.99240209,-13.80841969
"tree_4369390",31.37353147,-18.00818432
"tree_3462770",30.12453557,-8.889266263
"tree_4126477",26.32746801,-17.34687831
"tree_1854320",39.32926028,-8.727736441
"tree_2943542",25.65722757,-14.6994348
"tree_1004677",38.41814796,-10.0319864
"tree_1309388",33.81561997,-6.835997058
"tree_3122346",24.50407147,-13.23364102
"tree_2693129",25.33017548,-14.86909186
"tree_2638115",26.13491474,-15.75406711
"tree_3256400",26.07009929,-17.2158944
"tree_1704318",40.17699949,-10.40330279
"tree_206411",27.50764176,-31.73542994
"tree_4415192",30.48414481,-20.43693069
"tree_2579638",27.47079813,-12.90920118
"tree_226959",19.59889756,-33.7722162
"tree_4732821",33.88640163,-12.32729914
"tree_196035",30.09214566,-30.8682137
"tree_63036",30.41568192,-28.21572194
"tree_144621",30.3827784,-26.6595105
"tree_1449266",35.44493074,-8.312608499
"tree_717131",38.39335763,-9.398702189
"tree_3808237",26.0117744,-15.38779896
"tree_4134962",29.97734045,-21.05993812
"tree_154132",22.9515409,-29.52988809
"tree_3466374",25.42392801,-17.14747266
"tree_965269",38.50081245,-8.346684148
"tree_185015",28.05257814,-31.689545
"tree_2422908",26.46656431,-13.01836946
"tree_708376",34.97833162,-9.372559495
"tree_3317449",26.14591263,-12.09616342
"tree_4218668",31.88619536,-20.80473134
"tree_1848300",34.4278961,-9.180996656
"tree_4770918",33.96843507,-10.77397241
"tree_253895",30.45904245,-27.72541121
"tree_2009006",37.83562023,-8.185500921
"tree_3569480",29.2486706,-14.30350821
"tree_4714612",34.18658991,-10.32134323
"tree_4732012",32.9829521,-9.443489613
"tree_4597928",31.19513129,-17.75324799
"tree_4605132",30.85338541,-18.26627581
"tree_2567171",25.58123394,-17.04371322
"tree_622469",37.78748191,-7.680135613
"tree_1579960",35.22289951,-7.524271072
"tree_5136",27.08115805,-32.04625755
"tree_3787675",26.10246194,-15.93021477
"tree_47874",29.06564598,-31.21383813
"tree_3276212",24.94416747,-14.73053559
"tree_5026044",24.36902505,-20.96645195
"tree_2296602",29.99030719,-9.813185106
"tree_1334080",30.47307187,-5.950210488
"tree_2309691",29.19169791,-10.60017032
"tree_4470984",31.26156935,-19.39879532
"tree_4116492",24.41735038,-11.44088329
"tree_1829210",36.95551836,-7.348754438
"tree_1103594",34.6425353,-5.806515822
"tree_284880",26.24135204,-33.49050614
"tree_27535",31.69296953,-27.46587737
"tree_1357091",39.02663793,-5.331800569
"tree_3040508",25.93911619,-15.17514167
"tree_2534304",32.54443258,-9.772438564
"tree_3177743",25.30709794,-16.57792254
"tree_1501464",31.1286184,-2.588530559
"tree_4873346",33.86602849,-12.38219879
"tree_1263629",38.5318229,-8.916685011
"tree_2977032",30.64900885,-9.005105439
"tree_1063901",36.42338261,-4.359382522
"tree_728520",37.04377194,-9.35263696
"tree_4626107",33.65769963,-11.06307454
"tree_1981962",38.20215656,-5.761261918
"tree_2768861",27.6728168,-12.91632281
"tree_2214249",27.16213595,-13.5486154
"tree_2380500",31.98227799,-13.46874497
"tree_256584",21.82750256,-34.25901118
"tree_4121437",28.82705466,-13.68744212
"tree_2517260",28.40273432,-15.03901937
"tree_1001242",37.3083524,-9.239231759
"tree_4595749",30.88214218,-17.21470851
"tree_509942",37.6282829,-10.95590524
"tree_505824",34.50019372,-4.463863148
"tree_5048890",25.77873855,-20.88613078
"tree_4986686",34.98267481,-16.61289791
"tree_4967304",34.96329328,-16.68916246
"tree_4343109",27.61531843,-18.86332084
"tree_3746623",31.61547122,-10.90207336
"tree_5029449",26.23929785,-23.72703023
"tree_4350591",31.68516837,-18.72197
"tree_4117393",28.31384971,-15.60523405
"tree_4315150",31.13112718,-19.85007229
"tree_186747",28.26541434,-25.90723196
"tree_264833",18.84121513,-28.85576719
"tree_4881475",34.06444123,-13.52742906
"tree_990452",31.51769139,-7.269334738
"tree_4458359",31.24489223,-17.29070261
"tree_254027",29.91194255,-30.28234692
"tree_33769",26.65467434,-27.91508096
"tree_4240431",31.41040144,-18.32027399
"tree_2398640",26.42915344,-14.99277385
"tree_2992228",27.89313524,-12.32666986
"tree_2590615",26.0359337,-16.36805981
"tree_5031044",24.65172498,-17.9959208
"tree_1249330",34.8127322,-11.26628212
"tree_3089745",29.498467,-10.5279624
"tree_1484281",33.20009855,-6.59512369
"tree_2150297",28.44988103,-15.13962366
"tree_639197",39.0733339,-10.54807923
"tree_3562113",31.90574347,-12.33514369
"tree_258565",30.87344651,-28.70450015
"tree_1078442",37.16952654,-9.337942964
"tree_3490434",28.62097939,-15.44738627
"tree_2817369",27.59988815,-12.49326192
"tree_229715",30.61075923,-27.40683094
"tree_228607",23.97046827,-33.53657137
"tree_4220900",28.0053829,-19.38536338
"tree_4375578",30.22299002,-18.1175329
"tree_14483",26.43120084,-31.00812218
"tree_2584078",25.36776664,-15.53482907
"tree_4343337",31.30294666,-19.97754046
"tree_15183",30.21681845,-28.09023701
"tree_4545102",29.08542969,-18.49218474
"tree_275060",29.38224095,-27.02253335
"tree_3182960",23.2986303,-16.82321312
"tree_789647",32.28339714,-6.047839926
"tree_3579144",32.25650414,-12.48496837
"tree_4646502",34.43485373,-16.19488526
"tree_2593393",30.05313942,-8.600885311
"tree_904935",36.44159224,-5.282309746
"tree_3705325",25.21136218,-14.93535007
"tree_266214",26.55776671,-30.66592334
"tree_4994549",34.06372005,-11.40383103
"tree_4617813",33.91326533,-12.56564838
"tree_3425441",26.75611539,-11.98456116
"tree_3909494",26.06270726,-14.2763739
"tree_783956",39.25669221,-7.477935402
"tree_2926577",26.7205976,-12.26834461
"tree_1922991",31.57087793,-7.785337417
"tree_2009705",38.50847491,-8.39329026
"tree_215878",22.837866,-33.85578267
"tree_678185",37.25796041,-7.292051837
"tree_259807",28.66548509,-27.76904247
"tree_636542",38.92927953,-10.95924069
"tree_2160151",27.92035953,-15.82961048
"tree_2016573",25.03341267,-11.3721911
"tree_1449535",38.51433445,-5.849516045
"tree_4247964",30.81137708,-18.17062961
"tree_26841",19.58798981,-34.38909361
"tree_2944232",28.88519926,-10.98735263
"tree_4465563",28.84834405,-20.47307972
"tree_1500274",34.93172579,-7.139703038
"tree_1926946",36.73024185,-2.677686158
"tree_1480559",29.9468858,-5.690045615
"tree_4300259",31.00023427,-19.74901726
"tree_3284641",22.01512212,-15.10617905
"tree_268460",31.49140167,-28.26575364
"tree_3946616",26.12031098,-16.46109174
"tree_4904483",34.07949571,-11.09516695
"tree_2870440",25.86104918,-15.54979351
"tree_2516010",30.46078262,-12.01025312
"tree_168466",27.09071359,-32.75526542
"tree_1458094",34.04684615,-9.143405266
"tree_884168",37.39164791,-3.169799825
"tree_4001958",24.84446526,-14.60126448
"tree_4828743",35.82464434,-14.68185434
"tree_1714705",34.15556303,-6.268971053
"tree_1144628",32.44394835,-6.053789642
"tree_1162770",39.58365416,-9.730083364
"tree_2463260",28.78748028,-15.18659037
"tree_3560123",29.17457005,-8.535799019
"tree_1662279",38.78594634,-5.372817553
"tree_68671",24.45049907,-33.83000056
"tree_2126148",24.56483032,-13.98664074
"tree_1003070",35.94073738,-9.094545473
"tree_126132",22.43094411,-34.05464743
"tree_402157",32.24643701,-8.762713562
"tree_266733",25.11316696,-33.09268646
"tree_3564690",27.94370752,-12.31440983
"tree_110217",19.09623994,-33.97694053
"tree_2041149",29.26255319,-10.60801313
"tree_164136",30.7104614,-28.72811873
"tree_1470025",33.88548363,-8.902531898
"tree_3271732",26.47296472,-11.97040805
"tree_287728",27.50015959,-32.83630777
"tree_68135",30.30867787,-26.57314947
"tree_1098580",34.92568597,-9.170719873
"tree_3224028",27.45006439,-12.43935388
"tree_830046",39.17357699,-8.226517905
"tree_3222582",22.81859932,-13.33451576
"tree_1040638",35.23921606,-8.939942993
"tree_4698514",33.39176707,-14.24238665
"tree_952283",34.08443731,-8.301790833
"tree_4555398",30.4576417,-19.0446069
"tree_4357275",28.2234476,-19.88793413
"tree_1214957",34.29042244,-5.72069567
"tree_1632910",34.09958195,-5.089935581
"tree_136496",32.03732966,-28.41440641
"tree_542417",29.97113525,-6.09047956
"tree_47657",22.31808052,-33.89734054
"tree_3829472",27.79559655,-12.56312601
"tree_3570746",24.96904795,-14.31144117
"tree_4824726",34.3031495,-12.98879943
"tree_1784046",34.5478813,-6.21623493
"tree_1939060",38.00870182,-7.239315714
"tree_38390",26.14110899,-32.60318707
"tree_4655685",32.99962922,-13.0462232
"tree_280350",27.04996732,-32.60715354
"tree_410716",36.95353514,-10.76317049
"tree_562065",35.28068352,-8.968519662
"tree_4310355",31.30267622,-17.77569465
"tree_3557495",28.29564009,-14.97023704
"tree_975323",38.34035139,-10.51364299
"tree_4266623",28.30007224,-19.46117719
"tree_2597658",24.1859439,-11.03648286
"tree_77619",30.93997473,-25.21760574
"tree_3220794",27.04575661,-13.08985621
"tree_2582245",27.64234722,-16.14900207
"tree_4261691",29.94660045,-18.88910294
"tree_5024600",26.31619296,-20.13114782
"tree_227229",25.64377002,-33.61950681
"tree_4362458",30.87475016,-17.98501649
"tree_183644",25.26163846,-33.27081737
"tree_4911881",35.18135798,-17.02892732
"tree_280687",21.35125791,-34.175625
"tree_3533915",28.45078249,-12.60738829
"tree_4287606",30.80668945,-18.89090589
"tree_3141708",29.43076686,-12.40050043
"tree_56951",20.42409981,-34.01047529
"tree_1811429",30.84068996,-3.548688585
"tree_2452549",28.93243611,-13.92579137
"tree_4982750",34.72161016,-16.27178083
"tree_4748053",34.27114745,-12.76640624
"tree_4281996",31.14230536,-20.8059934
"tree_2581",31.60372437,-27.54998473
"tree_2636331",29.38821763,-12.27140961
"tree_3397530",29.00437315,-15.12375775
"tree_175119",29.3405932,-30.99225627
"tree_2646100",25.1891861,-13.20749833
"tree_5020246",24.72789891,-20.6843813
"tree_378254",37.09767965,-10.89108939
"tree_61408",30.97386986,-25.72865032
"tree_83891",30.02543716,-30.52349073
"tree_1599689",38.99535704,-10.43169917
"tree_3027181",25.20225737,-17.70016526
"tree_3588512",27.34964101,-13.51246637
"tree_52608",26.28687609,-25.43981863
"tree_206723",27.21691888,-26.61605954
"tree_2590707",24.45899814,-14.77984612
"tree_558378",33.83599311,-2.204142819
"tree_4807877",35.23093863,-13.90938282
"tree_2844229",32.76204662,-13.67572298
"tree_713480",31.80003074,-5.734758636
"tree_3286488",26.37443442,-14.63290615
"tree_444139",38.69372631,-5.757205293
"tree_4891395",34.99159932,-15.67419492
"tree_264156",25.82361255,-32.8126892
"tree_271367",28.88075524,-31.83477217
"tree_1857783",38.22856953,-5.231827303
"tree_1200739",35.25345923,-5.486132607
"tree_4172928",32.61998893,-18.30323617
"tree_976296",32.45557727,-6.032334604
"tree_2344529",26.39516815,-14.73513309
"tree_2724061",22.67274202,-14.95175686
"tree_4385490",31.24849809,-17.66553475
"tree_891198",38.0795571,-5.029627092
"tree_4243078",30.64676933,-20.5776505
"tree_3184609",25.29961576,-16.02198464
"tree_4092619",25.07776483,-14.73774736
"tree_3999856",26.35901934,-13.85304256
"tree_4864990",34.43638622,-16.11068775
"tree_4727303",35.1433161,-15.91831359
"tree_4387162",31.49910572,-20.6521121
"tree_1133397",30.47658759,-4.688329722
"tree_4498769",30.816245,-18.02197685
"tree_3613575",25.69427785,-15.42466917
"tree_556229",40.17835169,-10.63209643
"tree_244010",30.42361482,-27.60939174
"tree_4378076",30.02845359,-19.77561069
"tree_4210985",31.41716244,-20.98890211
"tree_55331",19.30547027,-34.40333687
"tree_1138761",38.83561715,-5.699601221
"tree_4377246",31.75160644,-18.11726246
"tree_2752942",28.00987517,-13.2878195
"tree_258577",28.31905158,-32.44524914
"tree_847861",36.1766512,-11.31946898
"tree_46269",28.14479815,-31.44118942
"tree_3029409",24.15114728,-14.62848894
"tree_4289311",31.19756524,-17.70249511
"tree_4522364",31.76395652,-16.68770787
"tree_3495456",27.70229476,-13.27123241
"tree_2465687",30.20458581,-10.65939705
"tree_4589527",30.8483372,-18.12717865
"tree_3310457",26.22082451,-15.67455726
"tree_1923760",31.80886511,-6.615136373
"tree_4392499",31.32133657,-17.22246117
"tree_2537785",27.5227226,-12.84357401
"tree_2074200",23.11319861,-14.10293065
"tree_2261137",29.44113373,-11.28916552
"tree_213391",30.52944697,-22.80715926
"tree_109239",30.74174228,-29.9361816
"tree_74706",31.09926382,-28.69791941
"tree_2592394",30.12552719,-9.755220445
"tree_3646801",23.40599497,-13.62226568
"tree_4809489",35.77903014,-14.58278255
"tree_4140240",31.75313893,-18.49939652
"tree_556095",37.84598709,-5.763966335
"tree_153664",29.0678095,-30.83332672
"tree_2294144",23.51606405,-15.42025196
"tree_130695",26.99029025,-24.83357859
"tree_2669234",22.40257247,-15.40420575
"tree_4411042",31.32530302,-17.68140066
"tree_4754359",33.85629266,-10.77568521
"tree_4205076",31.56139705,-18.12934219
"tree_1679604",34.54472617,-1.452044574
"tree_4391",30.21880168,-30.70540782
"tree_3803147",23.87556894,-15.44378038
"tree_76412",29.90139539,-28.6851185
"tree_1262171",38.44501166,-6.460353598
"tree_4605993",30.14375113,-17.58485298
"tree_4088180",25.22398271,-16.90398503
"tree_3975516",27.2161338,-14.49939812
"tree_231568",27.41776557,-28.93437556
"tree_119162",30.24368215,-30.11918046
"tree_2961724",29.24281107,-14.36643097
"tree_1614976",32.17567188,-6.455395501
"tree_2370511",30.66965244,-8.565096865
"tree_574283",40.06557821,-10.57368104
"tree_4209985",31.16421099,-19.56917356
"tree_3714305",27.10191798,-11.93831564
"tree_4390165",27.96067018,-18.5908058
"tree_923011",39.47196244,-9.061551591
"tree_137728",27.75446324,-32.79204549
"tree_1057898",36.03683373,-3.977338609
"tree_1672652",37.22460615,-8.006738986
"tree_153237",30.0083093,-30.62481621
"tree_1121113",35.39625154,-1.899986104
"tree_106476",30.70036498,-27.16866199
"tree_4406884",30.51993302,-17.37156467
"tree_3664146",25.40355486,-13.03315361
"tree_95463",29.8262131,-27.40890433
"tree_1202802",32.29574724,-6.172693824
"tree_4315241",30.83175022,-18.89460192
"tree_3323239",28.98490147,-11.49407014
"tree_930531",32.53355413,-8.748109712
"tree_909326",35.14924969,-10.19163712
"tree_215218",25.06908525,-33.11017502
"tree_149982",30.69044885,-26.8038362
"tree_476203",38.77566962,-8.015663561
"tree_1792138",37.37271712,-9.275020205
"tree_2613887",24.50371088,-13.66842106
"tree_3155707",24.97012971,-11.46116641
"tree_3714093",32.17726522,-13.08769267
"tree_880872",36.63495683,-6.625232861
"tree_3348199",27.25633922,-14.98105471
"tree_1667396",35.46512359,-8.307830697
"tree_147795",28.17707064,-31.42000482
"tree_219631",28.42821915,-32.44669149
"tree_1934774",31.25527446,-1.487382284
"tree_4458328",31.03358852,-17.579354
"tree_1960926",36.79154158,-10.26754108
"tree_4423814",30.62522429,-18.88468573
"tree_4410450",32.43581936,-18.4319664
"tree_988453",38.64333432,-6.195591217
"tree_4516798",32.67479808,-20.52635673
"tree_4397305",30.98977726,-18.59918949
"tree_1515147",39.15419546,-7.381117289
"tree_2923917",22.45620974,-14.17297504
"tree_2734189",29.30104581,-11.44367785
"tree_26710",25.8519186,-33.09187514
"tree_4673293",34.11149777,-12.5212058
"tree_2255958",25.20955925,-16.77958187
"tree_1580226",34.32305553,-1.493692589
"tree_5047033",22.75873522,-18.73431667
"tree_304010",34.99870476,-10.25699386
"tree_2114336",30.86193527,-9.106160471
"tree_2335494",30.78332738,-10.2898836
"tree_3539997",33.29102724,-11.61919448
"tree_1460039",34.88971745,-11.18073241
"tree_397476",38.55904719,-9.020714901
"tree_2035920",26.09317683,-15.93282904
"tree_4201812",29.85374942,-19.29783043
"tree_4642065",33.26835633,-13.01043476
"tree_2727330",25.58474966,-16.88604573
"tree_986837",34.19603888,-8.138984956
"tree_1561033",32.67274058,-6.70564418
"tree_1869667",38.22604542,-5.819406874
"tree_1682832",31.29241489,-1.440145141
"tree_1587311",31.44304996,-2.599979256
"tree_2691312",25.8427494,-17.75218021
"tree_11186",28.95043859,-30.4629118
"tree_1225995",39.20548891,-10.67807152
"tree_4214456",31.26724859,-18.02630391
"tree_4230952",32.77305791,-19.6408406
"tree_4512016",30.7425952,-17.90785047
"tree_4586848",30.96922383,-16.80886573
"tree_3272348",31.01455357,-10.94254946
"tree_1645049",35.90170388,-6.915146316
"tree_60473",30.21240127,-29.25367701
"tree_155619",22.67163561,-28.29811649
"tree_3936152",29.11372105,-11.68959946
"tree_232628",29.16345507,-31.78230649
"tree_280750",21.66893464,-34.21402771
"tree_1391804",36.80127742,-4.957689611
"tree_3046524",25.09985076,-14.6070339
"tree_2319878",28.63098567,-15.41565445
"tree_2805667",32.29075987,-9.492711744
"tree_137204",19.24831731,-33.50384793
"tree_1829903",38.86175968,-10.41853767
"tree_3633545",32.34493801,-12.95697921
"tree_4334214",31.32521287,-17.24797283
"tree_4009505",27.68056941,-15.12150407
"tree_4551231",30.86122817,-20.77579408
"tree_2250294",26.51253911,-12.11978199
"tree_2871497",30.06413731,-8.307726556
"tree_1478963",34.48504908,-6.687164
"tree_3130755",29.38488221,-8.41680469
"tree_269717",26.05871497,-25.51869745
"tree_4421874",28.85438387,-18.10202758
"tree_4813177",33.61325734,-13.76938419
"tree_177885",19.1174244,-34.09890972
"tree_1098843",35.40301254,-10.8731501
"tree_1540827",30.8396082,-6.807961273
"tree_4806939",33.72440814,-10.48333778
"tree_740223",30.18072624,-4.539045928
"tree_1209308",38.88366532,-5.138795374
"tree_651656",37.4149959,-10.61451773
"tree_1888348",37.26300863,-8.882429068
"tree_1558073",36.04665971,-11.36183817
"tree_2184133",29.22415071,-10.8490668
"tree_7394",31.51745404,-25.03541821
"tree_216986",22.43671349,-33.97594891
"tree_163974",30.05085851,-30.09988895
"tree_3720929",31.73013778,-11.22957821
"tree_3183271",25.80155238,-12.33397178
"tree_2644899",26.83481342,-12.40194278
"tree_4746760",34.78372119,-16.45252601
"tree_1044919",39.04872386,-11.13034011
"tree_205525",31.83999869,-23.99313607
"tree_4178023",32.88312695,-19.76154773
"tree_2177794",27.89169289,-13.17964284
"tree_3266607",29.01311737,-13.96635761
"tree_4490138",31.18287134,-19.92795949
"tree_772960",37.68931219,-9.776779624
"tree_2494147",25.7482757,-14.4709116
"tree_4285469",30.85852377,-17.61415083
"tree_151518",29.09386188,-24.30838089
"tree_2103783",22.64569802,-15.25429093
"tree_220939",30.8604654,-25.93409583
"tree_4538379",31.55265282,-17.99944004
"tree_1172605",35.30132711,-10.20254494
"tree_4389440",29.17368324,-16.82914885
"tree_1411630",37.22136087,-3.546164462
"tree_3877200",23.19847736,-17.09383507
"tree_2267455",30.05791719,-10.27771372
"tree_3865365",30.9340526,-10.26338032
"tree_3479809",26.06270726,-16.47632662
"tree_4366310",31.06604131,-16.69437876
"tree_831082",33.08525171,-5.868717403
"tree_3420385",26.05315171,-15.61118377
"tree_966724",32.88900242,-7.704475362
"tree_2471406",27.33611901,-14.65814737
"tree_4257603",29.10967913,-21.87522956
"tree_740127",39.04944504,-6.929840313
"tree_2649612",31.83101189,-10.13510082
"tree_1000067",33.47495573,-5.494876887
"tree_1693399",31.2082179,-4.294476524
"tree_4019202",26.41500042,-14.80860308
"tree_2997924",28.66452023,-13.3964469
"tree_4540761",29.58601393,-20.06940048
"tree_4055559",26.4248264,-12.30323158
"tree_4254265",30.87628265,-20.89758297
"tree_2321655",24.73899367,-15.21138085
"tree_581206",35.33828724,-8.232377475
"tree_237417",26.79286913,-25.73685372
"tree_4521003",30.48865214,-20.43287406
"tree_2098019",32.2535293,-9.763694283
"tree_2510012",23.29015651,-14.53933334
"tree_2976953",31.00616993,-14.2261619
"tree_2312881",27.91639308,-12.55095614
"tree_4419828",31.3016846,-20.00864125
"tree_3394189",25.08091996,-16.76029036
"tree_2426182",30.42003633,-13.19055065
"tree_2041576",29.63053186,-10.1308639
"tree_4560212",28.33351664,-18.81644429
"tree_783159",39.2191912,-7.771274451
"tree_169590",26.74608303,-28.30190268
"tree_767469",38.94766945,-8.659945732
"tree_56330",29.18932716,-28.27512895
"tree_2326822",31.25163929,-11.68301871
"tree_1803970",31.70005809,-1.190527493
"tree_4577859",31.84238409,-18.26672655
"tree_276644",30.70315953,-28.22644945
"tree_4236373",32.72789445,-20.09374023
"tree_4524852",31.20594888,-19.49813755
"tree_186078",29.68387157,-30.42802483
"tree_2588890",28.34981823,-12.7918295
"tree_1202198",33.99816696,-9.213720096
"tree_3527208",24.22723107,-14.56745927
"tree_4437266",32.4188718,-18.02062464
"tree_2390306",29.69715025,-8.510377503
"tree_974482",37.30681991,-8.119513157
"tree_1856475",30.71583683,-4.698876947
"tree_1680162",29.802561,-5.065145096
"tree_4133890",28.24544338,-19.73928136
"tree_282504",30.74985548,-27.12683368
"tree_4552855",29.44385269,-15.74521869
"tree_4852563",33.27520747,-13.79029835
"tree_3780636",24.94606055,-12.79552554
"tree_2696153",29.71788398,-13.59531166
"tree_226133",31.00821572,-28.34427187
"tree_1207",30.92645273,-26.93292701
"tree_764527",32.01214584,-6.017099724
"tree_109055",28.92366504,-30.55305902
"tree_4146",29.32076094,-25.02045377
"tree_3357943",25.94695895,-12.46450495
"tree_2809183",23.9440804,-14.34010798
"tree_1999378",38.69489821,-6.832030581
"tree_1975900",34.38769068,-5.652544372
"tree_4194612",28.99104616,-18.00701241
"tree_1368557",36.37722752,-10.86702009
"tree_207714",28.76897342,-30.8162889
"tree_2878300",25.15529096,-11.7335913
"tree_94249",30.2729798,-26.05903988
"tree_2092499",23.5820514,-15.00287033
"tree_77770",28.3413178,-30.35130954
"tree_4922632",35.1406117,-16.650309
"tree_155068",27.1734682,-31.77401295
"tree_4483015",30.6503752,-19.35687686
"tree_3669625",22.65615504,-14.89117793
"tree_1371128",35.44862675,-8.171888691
"tree_5014648",33.10834606,-13.08931358
"tree_2784405",27.5053243,-13.26140637
"tree_2041615",27.9386593,-12.34199488
"tree_165440",30.46697535,-30.66366966
"tree_46298",19.74096865,-34.58858941
"tree_1570739",36.21090693,-11.44756817
"tree_2223283",31.33295158,-10.81994924
"tree_4822900",35.15350267,-16.70412689
"tree_351720",38.75033841,-6.975995689
"tree_2047913",31.49079839,-10.47414451
"tree_378064",38.43121923,-9.85565844
"tree_966375",35.79938742,-10.72819337
"tree_2605555",26.29501521,-14.62722687
"tree_4103977",28.77287652,-14.5713356
"tree_3803980",30.8747361,-12.13420554
"tree_1270272",34.41266131,-1.322953757
"tree_3414493",26.93974414,-12.24445559
"tree_4579908",30.41869835,-17.8647601
"tree_4981590",35.20957388,-14.16215562
"tree_4191031",31.37226941,-17.91704549
"tree_1053278",35.35316144,-9.130063477
"tree_4496332",30.51840053,-17.69456215
"tree_1894295",31.15043389,-3.544091076
"tree_4800826",33.38338343,-9.923974289
"tree_1174678",36.67164652,-7.228137459
"tree_517259",34.36244962,-5.740077322
"tree_18633",26.82667411,-26.79572295
"tree_108163",27.71281549,-31.26918852
"tree_281877",28.66178907,-30.1811116
"tree_2722462",27.29933917,-16.00323402
"tree_3457402",31.68245019,-9.810570837
"tree_4241526",30.25391031,-18.00304593
"tree_3206947",24.70464779,-11.47973674
"tree_1071277",37.75575028,-11.00719901
"tree_3588736",26.35550362,-14.47253425
"tree_4251652",31.08199726,-17.63425366
"tree_4727119",34.1962356,-13.07029251
"tree_3474",29.52764746,-25.29837765
"tree_4048484",26.03034461,-15.82609473
"tree_4900",30.19996103,-31.00325423
"tree_29728",26.42723439,-33.59606853
"tree_121428",30.47815354,-25.70899823
"tree_1054332",34.83049109,-6.528504896
"tree_1320800",32.20938673,-5.600799869
"tree_2845543",29.46880875,-8.591239558
"tree_2084743",27.33882341,-12.92182179
"tree_4957796",34.69258295,-15.65246944
"tree_4480624",30.81795778,-18.87801484
"tree_2631236",27.82092776,-13.83699636
"tree_5033517",25.7085143,-20.66923657
"tree_274615",27.03896943,-32.79835579
"tree_2231414",29.7482634,-9.410317186
"tree_4802891",34.86025568,-16.03586556
"tree_963957",35.85735172,-10.60433109
"tree_1212700",37.1988242,-8.324958668
"tree_3256671",33.2757023,-11.59539562
"tree_2720679",31.1123627,-12.4403455
"tree_2881367",31.66460115,-12.43791152
"tree_4473212",31.63468626,-16.965181
"tree_860937",38.94514535,-7.366333145
"tree_194255",28.615634,-30.18787264
"tree_103245",31.8129547,-24.82934167
"tree_1169515",39.2935622,-9.799136134
"tree_4091497",32.36332793,-9.93848974
"tree_4749086",34.77723064,-16.37689249
"tree_4366355",31.53354174,-21.06056915
"tree_4443046",32.23948,-18.41051136
"tree_4894506",33.36733733,-11.02025461
"tree_1102798",34.40517914,-7.555371863
"tree_3131771",26.5449919,-14.31694015
"tree_4049126",24.68598743,-12.84826166
"tree_130385",26.47726577,-25.41620006
"tree_361551",35.49775668,-3.231821111
"tree_4320622",28.56681612,-19.69510923
"tree_3453965",32.90970685,-12.77587345
"tree_2646934",30.78846574,-11.21867039
"tree_2491442",27.94433854,-12.95995407
"tree_1013160",32.57817673,-9.101216367
"tree_174477",29.12487232,-31.24710246
"tree_134444",31.04769995,-28.43117379
"tree_125952",26.03446552,-25.01765921
"tree_50292",20.58834698,-30.05193063
"tree_3551388",24.98392215,-15.00647622
"tree_202371",26.14516558,-27.99720508
"tree_2942523",27.00275666,-11.76766695
"tree_3006580",25.846806,-12.56898558
"tree_1693571",38.1848484,-5.613330332
"tree_1265902",38.90674287,-6.438537971
"tree_1599293",30.68473623,-4.017904857
"tree_1144872",38.34197403,-9.588101495
"tree_1805471",37.0166378,-6.003667789
"tree_4754025",33.91443723,-10.65723176
"tree_84027",26.52946067,-33.02273222
"tree_2495117",24.78704184,-11.32594558
"tree_3494307",23.25770371,-16.54727248
"tree_2214498",27.03764341,-14.02306022
"tree_2900675",26.5179479,-12.14799807
"tree_3892279",30.58112842,-9.033051077
"tree_1562350",36.92883495,-6.461795954
"tree_3164471",26.22992932,-12.26500916
"tree_114828",29.25567508,-31.02651221
"tree_4582059",31.19630319,-18.96699014
"tree_178488",27.26100058,-31.92600116
"tree_81723",31.52755046,-27.89371607
"tree_4282529",31.79451623,-17.51742287
"tree_170422",29.50132465,-30.8388257
"tree_522317",39.23938405,-8.748019565
"tree_2341859",25.48108099,-15.81608839
"tree_3371777",27.31340205,-13.71818232
"tree_182957",29.2201573,-25.28404424
"tree_1582978",38.9087261,-6.877735221
"tree_1246145",30.92524753,-6.649662757
"tree_2573950",27.36478565,-13.40176558
"tree_2877871",29.88321296,-10.08957648
"tree_1443847",35.44547162,-9.412043977
"tree_63358",28.7923214,-25.74280343
"tree_143549",32.01623535,-26.96348692
"tree_1721004",40.22306443,-10.60505227
"tree_5034757",27.50630919,-21.15882612
"tree_359888",37.0421493,-7.406448658
"tree_2287017",26.62720566,-12.05081937
"tree_4141290",31.38335745,-19.90001385
"tree_1095246",31.47180674,-5.160340559
"tree_2497662",25.26932648,-14.20425612
"tree_5761",18.62107705,-33.85974915
"tree_45266",29.59327421,-29.86532589
"tree_459357",35.07668163,-9.41745281
"tree_1606016",36.5344433,-9.515442837
"tree_2325",30.24530479,-28.89498123
"tree_142700",26.23675456,-26.34895333
"tree_5032966",22.29556167,-19.75793834
"tree_5006792",34.8891026,-16.3635507
"tree_2361740",27.89484803,-14.11978818
"tree_3032473",30.74699828,-13.01205916
"tree_3773429",23.20172264,-17.05137573
"tree_395008",36.27040373,-6.454494029
"tree_3733476",26.93451563,-12.11275051
"tree_4897085",35.10482349,-14.70330938
"tree_4950290",33.45351751,-10.0694719
"tree_2845544",31.2798552,-10.4290709
"tree_2897716",28.1169694,-12.69879757
"tree_3535433",29.61836206,-13.50056694
"tree_4200296",31.34035751,-22.08049478
"tree_2263450",25.01258879,-11.84916004
"tree_2483371",30.08442031,-12.79985261
"tree_1667310",39.19809688,-7.127803605
"tree_277770",30.70514275,-30.26783322
"tree_11412",31.04292218,-28.44235204
"tree_1159199",34.51353543,-9.399603661
"tree_3484886",23.46585236,-14.58693107
"tree_5026813",23.51993363,-20.09725247
"tree_3789941",27.45457173,-14.86755936
"tree_4661062",34.43566505,-16.13061029
"tree_821383",38.16528657,-6.535265937
"tree_2826732",31.31402078,-11.25058251
"tree_4546686",32.75980635,-19.86206187
"tree_688258",35.83634755,-8.171167513
"tree_4909753",35.5487055,-16.0021505
"tree_3804071",29.4310373,-9.707352272
"tree_497133",35.36542138,-9.709079063
"tree_2645329",23.80101765,-13.32793501
"tree_3933180",27.05639392,-14.7704708
"tree_844416",39.21116815,-8.497230003
"tree_1634202",29.94904932,-5.945162244
"tree_1967291",37.98328046,-6.642541127
"tree_3603519",24.9878886,-14.35795713
"tree_4810467",33.32505856,-11.36867361
"tree_5020546",22.58114629,-21.29783313
"tree_4838714",34.11816862,-12.8793607
"tree_807230",37.01131915,-9.266906955
"tree_4199936",30.4282539,-20.86449895
"tree_4966032",34.13700926,-12.42366651
"tree_1676551",35.05991435,-11.47271925
"tree_1233314",34.76225007,-6.499477491
"tree_4891744",34.91587615,-15.91705153
"tree_4167567",31.43969909,-20.06453253
"tree_4535244",31.39219182,-20.0931092
"tree_4710002",34.60802541,-16.11952218
"tree_4953996",33.75974561,-12.37976482
"tree_261010",18.9836468,-33.3378869
"tree_495669",38.63386892,-8.463785385
"tree_2139725",26.03647458,-12.47207732
"tree_3402183",22.88693049,-15.57169928
"tree_361139",30.94129364,-2.376504301
"tree_799437",36.7736024,-11.27782096
"tree_3703822",27.7848691,-12.68680799
"tree_4086514",24.91144423,-12.77614389
"tree_4269993",30.71383842,-17.05460704
"tree_2917489",28.01672631,-13.42448268
"tree_3350878",25.77874527,-15.5467285
"tree_4317931",30.36361876,-15.76550182
"tree_1899818",36.93730874,-11.39131631
"tree_4148422",32.82471193,-19.59612758
"tree_1400045",35.54273987,-10.41258796
"tree_4111810",26.03620414,-12.96527275
"tree_716618",36.04215238,-11.29936615
"tree_1779520",39.17447846,-7.949675797
"tree_2905537",28.07964868,-12.61514095
"tree_850161",30.26645572,-4.407430989
"tree_202635",27.33618287,-33.20392813
"tree_2934943",23.58114994,-16.79734087
"tree_3821294",31.19061,-13.08318531
"tree_35409",25.21845822,-33.50601146
"tree_1887804",34.03801178,-6.463148162
"tree_1794086",37.8971904,-7.967705241
"tree_141186",20.08001012,-34.72795701
"tree_3033672",26.3709187,-12.3931985
"tree_4507958",31.05756753,-18.25708079
"tree_4349",26.14516558,-32.63221447
"tree_4181573",31.65911599,-18.04757866
"tree_3359552",33.40181748,-10.13969833
"tree_1469802",37.26931889,-10.50751298
"tree_832100",39.30510097,-5.94498195
"tree_4601336",27.30115743,-18.91740917
"tree_1043859",31.73512514,-1.182684685
"tree_835534",35.30313004,-9.997550162
"tree_3295065",28.32250379,-14.50715078
"tree_2710273",29.08054708,-15.22382117
"tree_2682790",31.13598112,-12.7353072
"tree_56443",26.50376888,-33.63997023
"tree_4514803",29.85600309,-20.19524599
"tree_641945",38.59735952,-7.886031861
"tree_3167836",23.01863476,-14.34064887
"tree_154583",27.52711343,-32.50195174
"tree_1665922",30.95373387,-5.243997178
"tree_3576676",28.56824359,-13.08498826
"tree_4932675",32.83979925,-13.58106665
"tree_4568753",32.49089895,-18.32036414
"tree_1945424",37.29879685,-9.269160636
"tree_515501",35.15745303,-5.659305414
"tree_2785409",27.60601812,-13.72638572
"tree_663335",34.19829255,-7.796155084
"tree_3445588",24.11644082,-11.3271175
"tree_4466465",31.79145125,-16.63289836
"tree_1406975",34.53390857,-9.989617207
"tree_3652343",27.00239607,-15.22778764
"tree_291649",29.67125104,-27.96159693
"tree_141409",31.20545655,-27.8750556
"tree_3655276",26.50496679,-12.97041114
"tree_1931413",31.61108334,-5.011056765
"tree_1158054",38.89980158,-5.093090734
"tree_4251169",30.83661813,-16.97410558
"tree_2698286",32.06088588,-12.52508388
"tree_4202054",32.59664095,-18.43322846
"tree_2038560",28.01384162,-14.04604776
"tree_4261652",30.69806276,-17.19307317
"tree_4320789",32.50234758,-19.20137291
"tree_47247",30.77455566,-26.86982396
"tree_4227453",30.72663925,-19.11987982
"tree_106277",30.82404616,-27.00450391
"tree_295231",33.05153685,-5.877371536
"tree_3862917",25.43456532,-12.32081029
"tree_4443116",25.99971052,-18.29377071
"tree_377948",31.44908978,-5.432945748
"tree_4603957",31.03043339,-17.5955805
"tree_132472",26.4537375,-25.79202382
"tree_2299475",30.8909625,-11.05983099
"tree_4382971",31.35433024,-19.97537693
"tree_367827",38.76575349,-5.910365418
"tree_4603172",31.062165,-17.97807515
"tree_2427672",31.11092035,-13.14078939
"tree_5031914",21.89413858,-20.58350657
"tree_4206278",32.13355771,-19.21525558
"tree_4789327",33.95365102,-10.41545692
"tree_2481461",28.34035283,-14.68077432
"tree_831574",38.32502646,-8.526347554
"tree_1232532",39.27291861,-8.514989005
"tree_275955",30.43416198,-26.47479885
"tree_4609138",29.39436219,-16.83167297
"tree_3345919",25.09489269,-17.00080314
"tree_1121926",35.49577346,-7.872509778
"tree_255749",32.22916169,-28.28387323
"tree_86132",31.0450857,-29.53836193
"tree_1310941",31.21669169,-6.123022706
"tree_3468537",30.94793519,-8.997533072
"tree_3875953",26.88196013,-15.99223606
"tree_135949",28.31977276,-26.84178818
"tree_255350",23.3167249,-33.92095911
"tree_227474",28.35303686,-32.40143759
"tree_2255076",29.17934782,-9.470355234
"tree_224196",31.89579945,-28.32768478
"tree_3640919",30.03429876,-13.21534114
"tree_4596720",31.39444549,-17.86142465
"tree_2954680",23.63217295,-16.88153837
"tree_3523885",30.72356014,-10.82229307
"tree_4296761",29.77063423,-21.00584978
"tree_2877202",30.4304032,-13.81022263
"tree_3359236",25.55806624,-17.34624728
"tree_959105",38.04665356,-5.620451963
"tree_129064",31.39160935,-28.19661073
"tree_379831",38.89826908,-7.789394042
"tree_110465",31.30353609,-27.56224475
"tree_1708251",32.49316843,-6.932634877
"tree_3798808",24.97833306,-11.51705769
"tree_1000251",34.54815174,-8.147098206
"tree_2498133",27.29636433,-14.16224752
"tree_3889197",26.31899422,-12.58557267
"tree_4979072",34.65661444,-14.37733703
"tree_3035013",25.7050053,-14.07417369
"tree_193694",30.38404045,-28.36230131
"tree_3348153",28.96732287,-10.43150488
"tree_1134469",36.17268475,-10.7288244
"tree_4466842",28.17026109,-19.82744534
"tree_1234966",33.75900786,-5.05595008
"tree_1842546",31.55528255,-1.184577777
"tree_4672691",32.88027509,-13.56456971
"tree_4167046",32.1217485,-17.68049918
"tree_3720711",27.13689489,-11.58701193
"tree_1854551",33.43943794,-7.2478797
"tree_3791816",25.95254804,-16.14179029
"tree_2998204",26.21352263,-15.66121547
"tree_4052081",30.56986009,-12.12212582
"tree_152205",25.87779068,-32.73444142
"tree_51101",26.92268027,-31.27378603
"tree_1356318",38.5453449,-9.10761682
"tree_3337097",27.0082556,-12.05433511
"tree_3516807",23.97022293,-15.06633398
"tree_4482715",30.43393314,-20.73243327
"tree_3169605",25.5647371,-17.25096167
"tree_247838",29.06663759,-30.06049462
"tree_702084",31.42321769,-1.365413097
"tree_3746056",31.29499984,-11.61649007
"tree_3648887",30.61628562,-10.7064539
"tree_5042500",24.52678171,-21.14927051
"tree_105390",30.90499783,-27.83295685
"tree_4674226",33.2064256,-13.12356952
"tree_1656941",37.14951398,-3.573659364
"tree_503511",32.62613476,-5.872864175
"tree_576193",37.840398,-8.172790163
"tree_1365035",30.8612434,-7.035583
"tree_3498028",30.91367946,-10.54635244
"tree_1414701",39.0692773,-7.797326998
"tree_928918",32.53932352,-4.802636395
"tree_4441346",31.27527164,-21.14061988
"tree_651792",30.46667146,-2.768644702
"tree_2688990",27.43347741,-12.83140413
"tree_1906016",38.26751289,-6.639115533
"tree_3049020",31.87878962,-13.28195993
"tree_5048619",25.77684547,-20.07651861
"tree_1724757",35.28356822,-8.973387611
"tree_228713",32.09295013,-28.4565953
"tree_3370233",31.92169943,-11.05099657
"tree_4276235",31.06793439,-22.07616771
"tree_1467324",31.71493229,-4.306556251
"tree_2681848",24.75125362,-14.90812561
"tree_235165",28.30760296,-27.05760062
"tree_3036168",23.2337247,-13.97293836
"tree_4192989",32.69850665,-18.42439403
"tree_4578290",32.59889462,-18.84321801
"tree_1235954",39.41156418,-9.061191002
"tree_612100",32.25400933,-2.389575648
"tree_2068982",27.3337752,-12.32017926
"tree_1846826",34.88169439,-9.434490635
"tree_3828788",31.32141281,-8.887012582
"tree_834482",39.22721425,-8.302061275
"tree_4115817",29.32935186,-8.932176339
"tree_4569854",32.84526536,-18.0478491
"tree_4009608",23.91090643,-14.16558297
"tree_2828803",25.94587719,-17.31406472
"tree_1231332",39.90024924,-10.7903048
"tree_1716598",38.99788114,-7.229129079
"tree_207977",29.59138113,-30.46525563
"tree_143525",30.68702328,-27.77012423
"tree_4902796",35.21994074,-17.09157964
"tree_4451603",29.19567902,-17.58936035
"tree_335380",39.37739859,-10.12015038
"tree_4705043",33.95473278,-10.51957696
"tree_1916220",30.82987236,-1.702112959
"tree_2896578",30.00139523,-13.26492211
"tree_4488559",30.1378916,-21.09022758
"tree_2445445",26.90720119,-13.120957
"tree_3374753",31.70291348,-9.285012553
"tree_2114842",26.51975084,-12.08327237
"tree_2671079",24.11121231,-12.08336251
"tree_4655192",33.78029905,-11.65110485
"tree_4544706",31.0636975,-20.24284373
"tree_3894220",27.92504716,-13.41609899
"tree_64750",25.89780323,-32.69549782
"tree_4216981",28.82905267,-19.88441838
"tree_3908539",26.50514708,-11.98059468
"tree_375235",32.04919612,-5.854654437
"tree_572378",31.42006256,-4.002850272
"tree_2871773",29.08081752,-15.8222184
"tree_3822319",23.82634886,-13.41014928
"tree_485586",35.32332289,-4.217040063
"tree_567029",31.39752589,-1.06973022
"tree_218263",30.51150779,-26.5071617
"tree_2226190",25.14176896,-14.11591185
"tree_1875689",38.27165963,-8.471808487
"tree_131056",30.01498015,-30.56081168
"tree_2189954",27.55824039,-13.86890847
"tree_204501",26.68252965,-33.37385564
"tree_2090688",23.41546037,-14.32496325
"tree_4449997",31.27563223,-19.33370903
"tree_3539657",24.39796885,-16.89983826
"tree_2914970",22.58349683,-16.45874791
"tree_215436",28.04482553,-31.59362836
"tree_1779611",37.91350694,-6.640287447
"tree_1216870",39.92711294,-10.71998997
"tree_3455596",27.36478565,-13.85295241
"tree_186542",27.44742381,-32.22240521
"tree_196673",30.95205437,-27.10465747
"tree_3720350",30.03258598,-10.81535174
"tree_2775524",26.51470263,-12.11653669
"tree_2348770",30.81758311,-13.00178238
"tree_3485172",25.19684857,-14.68528168
"tree_691522",34.09958195,-7.575835281
"tree_4152813",27.79299744,-19.83573889
"tree_87851",24.97578349,-28.10330835
"tree_4983340",33.75668063,-10.61639507
"tree_5024497",25.21541206,-23.82285672
"tree_4384638",30.16123958,-17.95472702
"tree_1803499",39.16023528,-7.130508022
"tree_2338289",25.61098233,-14.13123688
"tree_867276",31.39644413,-6.892609512
"tree_3114936",27.0217776,-16.86260745
"tree_1213528",39.10587685,-10.65454309
"tree_3186524",25.76477254,-14.02387154
"tree_2613521",26.3857929,-14.11492023
"tree_898746",35.47720325,-10.31036101
"tree_175721",28.32887757,-31.09971175
"tree_1305750",37.23037554,-8.776235644
"tree_1989814",33.61928053,-6.153582613
"tree_2023516",27.2810394,-11.95499287
"tree_162473",28.56983951,-30.97008005
"tree_3980913",29.02096013,-15.44134641
"tree_2111103",32.45428592,-12.09697474
"tree_201684",19.77423275,-34.11450519
"tree_1163245",39.19818703,-7.917312946
"tree_2891014",28.55382013,-13.41501723
"tree_4645778",34.6097382,-16.12754528
"tree_39390",24.91754877,-32.98640289
"tree_1193840",37.6715533,-7.413119552
"tree_5042852",25.63946196,-20.90388978
"tree_3895357",29.81307885,-13.3832854
"tree_339038",35.30700635,-8.202538745
"tree_727358",32.11960066,-5.996456011
"tree_2317618",27.90494445,-13.98952545
"tree_3549511",28.01158795,-12.51670019
"tree_4574114",25.80877995,-17.89234515
"tree_4671008",33.22355346,-13.44746847
"tree_2822250",32.51648711,-12.08859105
"tree_17937",30.59804856,-30.49085744
"tree_1645092",31.20362042,-1.638288728
"tree_4531863",32.02213648,-17.54032026
"tree_297811",38.34386711,-5.508579264
"tree_2352043",27.59402861,-13.78768583
"tree_2551365",29.60898681,-12.17323929
"tree_335466",36.30835547,-7.880713175
"tree_3172605",25.20658441,-16.86278775
"tree_2682316",26.14924806,-17.21373087
"tree_3190466",25.43808104,-14.91894327
"tree_4723199",34.88693909,-15.7753401
"tree_113574",28.4578774,-30.57992289
"tree_1891708",34.03251283,-9.159451471
"tree_3935919",24.94831422,-13.19361566
"tree_3012956",27.04792013,-12.16070883
"tree_1860124",31.48082141,-4.979144649
"tree_4278371",32.84021715,-18.12501512
"tree_4070856",33.44950507,-10.6657975
"tree_4289589",32.83201381,-18.08237548
"tree_273644",29.68387157,-27.96610429
"tree_4689178",33.88964691,-12.02701875
"tree_1869491",39.4799855,-10.96528055
"tree_4603208",31.88331066,-18.06155148
"tree_4203312",32.85265738,-18.2278731
"tree_3281924",29.02429556,-11.90333852
"tree_1918169",38.7708017,-5.438805317
"tree_815879",35.85004984,-10.43205976
"tree_2939525",31.51667048,-13.43512006
"tree_223057",26.57705809,-32.95962917
"tree_1785196",32.12906606,-6.017730755
"tree_3073525",25.24886319,-11.24463279
"tree_4928825",33.45622191,-11.01151033
"tree_4534525",30.95606242,-18.06092045
"tree_22337",29.80232425,-30.42306673
"tree_4324215",26.69951881,-18.90370679
"tree_1524324",34.26644342,-2.186744406
"tree_2394804",24.06406561,-14.44053198
"tree_4594049",30.73962036,-19.38581412
"tree_2160685",32.95901708,-10.58836104
"tree_4400618",31.83327928,-17.47189852
"tree_4317431",29.20757837,-21.90065108
"tree_1511274",33.08705464,-6.828875428
"tree_805576",31.3407335,-7.059021277
"tree_3393548",30.47493565,-10.1341092
"tree_788570",33.33558899,-6.361011363
"tree_4529543",30.34558944,-18.83546535
"tree_2731535",27.54444795,-13.77605684
"tree_110778",28.90969231,-28.74659891
"tree_186897",27.7273291,-25.56052576
"tree_263976",30.72019724,-27.1295381
"tree_3179728",29.87086287,-9.543915364
"tree_186137",19.02195912,-32.6278874
"tree_212002",28.41406613,-32.4757189
"tree_1602313",36.72447247,-3.24092598
"tree_4100497",25.27076883,-16.02351714
"tree_603442",30.02918971,-5.158537614
"tree_4761450",34.05930287,-10.36957199
"tree_3295505",30.6033045,-11.07443484
"tree_1213559",39.265166,-6.230117602
"tree_3103453",25.22812946,-11.58701193
"tree_66008",30.14812672,-30.19787898
"tree_849188",39.84282581,-5.197300918
"tree_4614531",30.62946118,-17.39851868
"tree_4746662",33.71259893,-10.71618805
"tree_4958197",34.30973021,-11.70627495
"tree_284527",29.21303572,-25.49561976
"tree_108626",27.74445696,-31.56874773
"tree_1626619",37.07451196,-8.126364345
"tree_973204",37.2206397,-9.547174658
"tree_2250904",25.83634899,-14.54348011
"tree_4614421",25.56285995,-18.15124796
"tree_3944010",27.59673301,-14.26573653
"tree_863069",34.12680624,-7.592242075
"tree_212987",23.121287,-33.76599604
"tree_2997308",29.07964561,-15.8176209
"tree_4084237",26.83436269,-15.15044133
"tree_1346865",39.12111163,-7.92073854
"tree_2561053",26.78270865,-12.16106941
"tree_1841087",36.71365487,-3.174397333
"tree_2117862",29.72112926,-9.032420046
"tree_143391",30.39783289,-26.73487358
"tree_2096669",26.61377381,-12.2393172
"tree_3184264",26.9813919,-15.09878697
"tree_1197953",32.80597735,-6.158360416
"tree_4563680",30.53282399,-17.57764121
"tree_3768935",24.97923452,-16.38338484
"tree_4508940",29.83590039,-17.1793708
"tree_2821451",25.97310148,-12.40275411
"tree_2796539",23.91983095,-13.80301085
"tree_2431874",30.14887517,-12.33153781
"tree_3128362",26.15150172,-12.1031949
"tree_4289073",30.54156821,-17.68608831
"tree_4307000",31.60313494,-17.19604803
"tree_2592391",27.98544542,-13.40708427
"tree_3708847",26.59087655,-12.46973349
"tree_2073312",24.92127022,-14.79940806
"tree_182692",27.21592726,-26.53285366
"tree_4511316",31.137167,-17.70646158
"tree_3307659",30.41264431,-9.755310592
"tree_4801914",33.12159762,-13.22417381
"tree_83365",25.20773077,-32.91716983
"tree_2973153",24.89774194,-11.68590343
"tree_4452847",31.8369753,-18.6311016
"tree_6105",26.42236647,-25.70701499
"tree_1034754",39.0004954,-9.139619083
"tree_3536799",26.14537175,-14.34010798
"tree_477458",29.83041632,-5.369482106
"tree_4501987",30.96976471,-20.7380224
"tree_4379889",32.4362701,-19.36958762
"tree_4330607",32.75944577,-18.37715689
"tree_2512287",28.46367347,-14.00971843
"tree_3167151",27.79072863,-13.08625032
"tree_2868994",26.92901669,-15.04623115
"tree_138416",31.00569162,-27.20463073
"tree_4495989",32.92621703,-18.20605747
"tree_1153560",33.49523873,-6.292048741
"tree_4131793",31.12977498,-19.53843336
"tree_1166016",31.02918663,-6.158360416
"tree_203069",26.06800007,-28.82205213
"tree_460122",39.01194402,-9.162246034
"tree_4302744",31.24994044,-17.47838912
"tree_61445",30.318594,-26.63237619
"tree_4539941",30.94993245,-16.89612823
"tree_3821504",28.44600472,-14.92119695
"tree_2958521",28.18115383,-13.4239418
"tree_4507001",29.1225701,-18.52662098
"tree_1422",24.98903505,-33.90374099
"tree_240202",30.69333354,-27.41178904
"tree_331117",39.2665182,-10.30558321
"tree_865091",37.4621426,-7.704024626
"tree_321199",35.07803382,-4.259950139
"tree_156587",25.00895745,-33.0753782
"tree_4661307",33.01405269,-13.28186803
"tree_4385868",29.03855344,-19.77876584
"tree_4467689",31.01132231,-18.2618586
"tree_2377991",31.92314178,-13.09201974
"tree_4302832",30.61819285,-17.42646432
"tree_4308647",30.59583648,-17.41456489
"tree_145452",31.58930091,-28.89642358
"tree_2614929",28.52515349,-16.23040501
"tree_2485487",26.68498967,-15.48263383
"tree_150136",32.61489912,-27.24366448
"tree_751884",37.7580941,-6.217316697
"tree_2237697",27.58131793,-13.48659412
"tree_156279",29.66899738,-30.38493446
"tree_2402110",28.32601951,-15.95085848
"tree_4227443",30.02502802,-21.19389688
"tree_1872958",31.41059716,-3.89530464
"tree_490291",33.64551321,-9.123753172
"tree_1051197",30.59909691,-4.084703946
"tree_4961605",34.78336061,-16.38816089
"tree_33994",26.36836864,-33.64700171
"tree_4055323",25.27834115,-17.34020742
"tree_3817516",30.22495895,-13.26582358
"tree_755078",38.6533406,-7.700148296
"tree_2978205",23.69329239,-15.15548958
"tree_58635",26.82288795,-25.5623287
"tree_2653618",28.06765918,-13.87666113
"tree_179328",27.8195491,-31.43974706
"tree_367352",35.67940221,-2.014202629
"tree_2726435",31.68037682,-12.50245693
"tree_2019396",25.56266372,-17.30919677
"tree_278106",22.7562833,-33.88634257
"tree_756551",37.57617813,-11.2765589
"tree_272324",29.68459275,-29.32291007
"tree_894544",39.35810721,-10.49173721
"tree_2577871",26.22379935,-15.97024014
"tree_4339658",30.71852605,-17.0464938
"tree_4602303",25.31369466,-17.95571864
"tree_862",19.46421849,-33.46210976
"tree_115659",30.55234421,-26.6839404
"tree_2449244",25.31034322,-15.52211831
"tree_4537860",30.25616398,-19.31604017
"tree_84736",29.98811645,-25.55331398
"tree_4436340",29.87006596,-16.67400549
"tree_4714693",34.17081425,-10.51705284
"tree_5025581",25.51046209,-18.63858033
"tree_222033",29.55802688,-28.56738624
"tree_854525",35.91225104,-7.807062897
"tree_4439334",29.25418418,-21.66022844
"tree_2178653",27.27076268,-14.04208128
"tree_4163027",32.41355315,-21.03109101
"tree_3450354",23.93281207,-13.15926957
"tree_3158608",25.5376931,-11.92524429
"tree_73129",26.93503036,-26.87775692
"tree_5013701",34.98177334,-13.69825804
"tree_4697750",34.30964006,-13.68049903
"tree_4751053",33.91182298,-13.58368092
"tree_3518844",30.79820158,-11.1680978
"tree_4912567",32.83763573,-13.57710018
"tree_2748453",28.12318952,-14.85097227
"tree_4968623",33.92453366,-10.41744016
"tree_2511975",29.7308651,-8.831391749
"tree_3659473",26.63387651,-12.34280621
"tree_3900398",24.35010097,-13.37985981
"tree_2604663",28.77377798,-14.75974329
"tree_5031840",23.07334707,-19.4997567
"tree_4550320",30.6341488,-18.93408641
"tree_3271249",30.07847063,-9.017365461
"tree_875101",39.30888713,-8.928764738
"tree_308013",39.00797757,-8.110318141
"tree_4234447",31.46800514,-18.96563793
"tree_4197883",28.61630662,-20.54258323
"tree_3199106",25.15655301,-15.59297403
"tree_4215592",32.91476841,-18.18442214
"tree_1023149",33.94020265,-7.610902549
"tree_2997582",28.90106507,-14.29341172
"tree_4546123",30.54553466,-16.25193621
"tree_4614870",30.24282228,-19.26447596
"tree_2899222",31.90493215,-13.00304444
"tree_3778697",31.75150254,-9.823732331
"tree_3800445",31.28553444,-11.32639632
"tree_130397",27.54730628,-25.69980321
"tree_1457108",39.00238848,-6.805887887
"tree_2201754",23.83987086,-13.42926049
"tree_3563708",31.1786205,-11.96932628
"tree_5002933",33.03253275,-13.36858966
"tree_3902723",24.05009288,-14.4092509
"tree_4817033",35.52950427,-16.02396613
"tree_2121943",29.58915455,-14.11086361
"tree_337025",31.19172106,-8.089223691
"tree_2538057",33.01274449,-12.12717406
"tree_2520260",28.20612445,-12.57223088
"tree_4845201",35.52003887,-16.00251109
"tree_237553",26.64574983,-33.11017502
"tree_554914",35.34703147,-3.237410239
"tree_4382392",29.8102086,-20.16144079
"tree_4511599",26.08598084,-18.91010725
"tree_267470",27.20646187,-27.37158338
"tree_2043111",25.42942696,-17.62714601
"tree_4900214",34.26132147,-15.88450838
"tree_2503031",31.31420108,-9.472248326
"tree_1566332",33.61459291,-5.377595356
"tree_250710",30.28704268,-25.82411623
"tree_51625",29.10711343,-31.55639756
"tree_3548330",27.25462643,-12.89703131
"tree_5041783",22.31332056,-19.14953476
"tree_1929075",39.65180503,-9.770198877
"tree_1787703",30.76875292,-6.715650521
"tree_4407657",29.01854089,-17.9732072
"tree_8377",30.49636316,-25.23103767
"tree_3293332",30.72446161,-11.58863458
"tree_4971139",34.31135285,-11.68031255
"tree_1092165",39.2933819,-8.007640459
"tree_1350005",39.19178662,-8.458376552
"tree_2466435",25.85969698,-13.86277846
"tree_4406194",31.54706373,-19.12970587
"tree_3010865",28.21270516,-15.55375999
"tree_3691314",24.26752663,-11.64668939
"tree_4297206",30.99284225,-16.66607253
"tree_2751708",32.52919779,-9.750893378
"tree_4685682",34.80409433,-16.37274572
"tree_3595183",24.66489311,-14.51823889
"tree_109369",32.82881708,-26.94825204
"tree_1275449",34.63099653,-6.639746563
"tree_198921",31.37493222,-27.82268006
"tree_4776374",33.63236843,-10.0759625
"tree_2149145",25.62116891,-15.29215276
"tree_194348",28.11162419,-28.50311127
"tree_3867542",29.51523428,-15.0738162
"tree_4505962",31.67561283,-18.34479404
"tree_253296",19.54327709,-34.65466732
"tree_1240631",32.10959438,-5.878363155
"tree_2053536",24.87286146,-13.36913229
"tree_438564",34.74863792,-8.26104429
"tree_4773162",33.25825991,-11.44097168
"tree_588689",30.91010289,-4.707801521
"tree_2847433",27.29438111,-12.47189702
"tree_4249970",31.48179757,-17.99718636
"tree_2210882",22.98446918,-14.04280246
"tree_61699",28.5247662,-31.89318757
"tree_4732511",33.61920702,-13.62785306
"tree_242767",25.5346926,-33.56550862
"tree_3303781",23.06379824,-13.41673002
"tree_4456664",32.78216272,-20.19073863
"tree_3164",29.59282348,-29.65375037
"tree_1981947",38.96849333,-7.352991357
"tree_96354",31.17805198,-29.30244666
"tree_3565386",22.14475302,-16.04785689
"tree_4747931",35.56105559,-15.91443726
"tree_3894563",25.0338634,-14.25329621
"tree_4411043",29.3433392,-15.78812877
"tree_3599245",24.65218243,-14.51391182
"tree_285504",29.58984864,-30.50555144
"tree_4825732",34.53419532,-13.76839257
"tree_4671382",33.19777152,-12.90072559
"tree_4397319",31.57347669,-18.75929095
"tree_1672891",37.25435455,-8.028374319
"tree_4853472",33.98835747,-11.22209424
"tree_4168941",30.77982576,-19.64444649
"tree_589677",35.41049472,-4.483515242
"tree_4497849",31.41490877,-17.25193931
"tree_57755",28.00137486,-26.43630599
"tree_3119005",27.27130356,-12.34361753
"tree_189414",29.52304998,-27.76047848
"tree_2322379",30.58879088,-12.04063273
"tree_1514823",36.80271977,-4.708702994
"tree_5022477",25.19702214,-17.80255502
"tree_2618739",27.5092006,-12.32928412
"tree_200378",30.56685782,-24.53879718
"tree_284919",32.17300034,-27.51572878
"tree_555077",38.84219786,-9.331362217
"tree_1963175",31.73539558,-5.294930356
"tree_3175346",25.36118593,-15.26601007
"tree_756626",37.67687195,-11.55862955
"tree_4157088",32.74511245,-18.32243753
"tree_881858",38.22883997,-4.486309805
"tree_3359098",25.20225737,-14.73558383
"tree_4926920",32.87811157,-13.53824672
"tree_4453069",30.36722463,-18.13817661
"tree_2731389",23.97932775,-14.83330342
"tree_346473",34.19315419,-7.431509584
"tree_1883161",32.49082461,-5.813998041
"tree_879670",37.47845915,-7.75802281
"tree_2178786",28.91593927,-13.80733792
"tree_1226035",39.52109237,-10.77570095
"tree_2838725",25.59610814,-14.15828104
"tree_4066144",23.79660046,-14.44900582
"tree_2074347",30.83290805,-9.244716746
"tree_1585220",38.48972441,-9.72341247
"tree_4270971",31.15041856,-19.93805598
"tree_92634",29.21844452,-29.85153336
"tree_1871408",37.45303779,-11.16108031
"tree_4596081",30.02872403,-20.94076349
"tree_4803908",34.23346616,-12.86899377
"tree_142017",18.81020468,-33.75842367
"tree_2494009",25.47765542,-16.82168062
"tree_3021390",31.39767689,-12.11581551
"tree_199642",18.99689836,-33.30903979
"tree_4260244",28.48568415,-16.79191805
"tree_1795480",34.70410547,-3.987525245
"tree_4587585",30.71519062,-18.13781602
"tree_401118",37.34810708,-8.393740996
"tree_3034560",25.02529947,-15.01341756
"tree_4021628",26.06784562,-13.65589059
"tree_2028469",26.29889152,-15.89334456
"tree_105297",30.19608473,-30.8161086
"tree_4311897",31.61683722,-17.26564168
"tree_2990124",29.10723049,-14.14295602
"tree_4164370",31.67074491,-18.79922617
"tree_3001447",29.11949043,-14.0024165
"tree_708688",38.04106447,-8.192532404
"tree_2388369",26.9056687,-12.98402337
"tree_1364841",31.0720063,-3.592409986
"tree_4683007",33.33542542,-12.92668799
"tree_1673679",32.40401338,-6.465762432
"tree_282380",22.16690463,-32.28740136
"tree_2471138",25.88863405,-17.68574171
"tree_3026591",30.86617216,-12.13700011
"tree_1692488",32.23679132,-6.292229036
"tree_2106033",25.77234486,-13.40203603
"tree_2953227",25.2554439,-15.80824559
"tree_226367",30.55216392,-27.54250251
"tree_3070018",29.00951151,-15.11600509
"tree_5006427",34.62371092,-15.49381034
"tree_3237559",29.23956579,-11.7158323
"tree_2282091",29.98021077,-9.245618218
"tree_4880619",34.97131633,-16.70133233
"tree_208862",30.27009511,-29.18552571
"tree_4553852",32.90322964,-19.90542269
"tree_2172173",25.85879551,-15.95473482
"tree_3743823",31.19592866,-8.960302271
"tree_3896105",30.469617,-12.02503726
"tree_4425213",31.11174565,-17.93020698
"tree_336519",34.25490465,-7.290879923
"tree_131360",28.44210174,-32.58119114
"tree_3236787",28.23533197,-14.64137999
"tree_3269330",24.19883487,-11.30998952
"tree_4962067",34.58620993,-13.82410355
"tree_3157414",23.69175989,-13.25293253
"tree_91287",28.75797553,-25.97376061
"tree_1610472",39.15086003,-6.648851432
"tree_837111",30.99709442,-2.069372727
"tree_160192",28.10360114,-26.97673856
"tree_1268077",37.83805419,-7.786779773
"tree_162677",32.56522833,-27.47885857
"tree_1376692",34.72934653,-1.42626247
"tree_3363077",23.76216444,-17.14918546
"tree_154792",29.86407469,-29.03119368
"tree_4226129",31.32232818,-22.13259987
"tree_3063568",29.84751488,-12.46901231
"tree_250169",25.81324569,-26.36373748
"tree_3479756",25.56762179,-14.00629283
"tree_4560846",29.63739751,-16.40554707
"tree_216476",30.7239834,-29.88759225
"tree_1095133",38.71545165,-6.839332505
"tree_2671416",31.15617398,-10.65146409
"tree_3893548",24.93470207,-14.76992992
"tree_4397217",32.82597398,-17.86944775
"tree_285632",29.12027484,-31.04859828
"tree_163551",27.66620968,-32.05247771
"tree_217176",25.42074726,-33.45634034
"tree_376106",35.49388038,-8.073447928
"tree_1033693",37.19891435,-8.441699316
"tree_1040652",35.28428939,-8.824193965
"tree_3384515",26.08380158,-15.57882091
"tree_2943951",26.49423933,-15.55430087
"tree_156897",19.5067677,-28.61895044
"tree_3482320",28.09326083,-14.82356752
"tree_4966127",34.93435621,-16.09644449
"tree_744141",31.00944451,-7.659852489
"tree_2469092",26.20757295,-17.12700925
"tree_137447",26.56777299,-25.65364784
"tree_4536529",32.91395709,-18.19974716
"tree_2517602",30.36099027,-12.20641347
"tree_989258",35.35045704,-11.19677861
"tree_34110",28.23395316,-32.76166588
"tree_1274332",33.02449286,-7.192709602
"tree_3038546",24.75846535,-11.73557454
"tree_1168689",31.66931808,-1.264448212
"tree_3253033",27.85887951,-15.8806338
"tree_3249725",30.75925822,-12.58187663
"tree_1004814",33.52255317,-6.355692678
"tree_4682239",33.86170145,-12.53373627
"tree_2672067",31.53091365,-12.46116951
"tree_513990",30.89730206,-4.465305503
"tree_830834",35.91982336,-5.86231695
"tree_3364855",26.22127524,-12.31080394
"tree_1199988",30.31594624,-5.434388103
"tree_4016222",22.6989747,-15.34732286
"tree_2878563",22.72809207,-13.42159797
"tree_4452840",30.64000833,-17.24220341
"tree_185193",26.11830189,-33.1498398
"tree_2284703",26.19945975,-15.33226827
"tree_4357309",31.66281201,-17.63984279
"tree_4968479",34.84655339,-15.5743118
"tree_135033",30.50258327,-25.22653031
"tree_211697",22.3870427,-33.89481641
"tree_101111",28.03499955,-31.20734753
"tree_826590",35.30637532,-8.449902713
"tree_4699287",34.12213507,-12.54500467
"tree_2103781",29.08045693,-11.91370545
"tree_2965938",28.97777988,-13.45675539
"tree_2485090",32.4681685,-13.9166865
"tree_198443",30.59822885,-30.28703458
"tree_1166187",38.50108289,-9.080482507
"tree_2143201",27.14302486,-13.04640525
"tree_4572925",29.03107127,-20.57954359
"tree_3354243",29.29004792,-11.46603436
"tree_2414110",28.22424393,-14.32279972
"tree_4339576",25.84655139,-17.91857799
"tree_218188",30.43037582,-24.34038316
"tree_917189",37.30925387,-7.097423992
"tree_3991704",30.30951652,-8.322871288
"tree_4579302",30.39102334,-19.26357449
"tree_1094510",36.71185193,-11.51716183
"tree_3662172",27.75620246,-12.49713825
"tree_714590",32.31404701,-6.18837944
"tree_1334024",39.71995591,-7.868633447
"tree_3984136",28.99653039,-14.10013609
"tree_3981612",25.41572466,-13.01133798
"tree_127534",30.7253356,-30.3267895
"tree_4522721",30.68445062,-17.53590305
"tree_4586618",30.19206973,-18.16341783
"tree_217143",30.42217248,-26.41944846
"tree_4375039",29.93839711,-19.43088773
"tree_1071474",38.3050139,-5.690496351
"tree_117650",28.53486262,-31.90562789
"tree_2233538",26.65947816,-12.98348249
"tree_1470098",34.91685159,-10.69925611
"tree_1727550",37.9078277,-7.706909337
"tree_4523124",32.14103988,-18.36102054
"tree_2321804",26.48648672,-12.32621912
"tree_4527907",29.42095545,-15.71898585
"tree_2062879",32.62159812,-13.13619188
"tree_4297404",31.75836743,-17.68590802
"tree_2352087",27.66190905,-13.94796758
"tree_2224377",27.13355946,-13.56664485
"tree_1408356",38.35594676,-5.59656295
"tree_4377940",26.60378309,-19.57890946
"tree_3321988",28.71671515,-15.46153938
"tree_407986",33.73403724,-4.946240915
"tree_2520592",25.62847079,-14.06362646
"tree_3308047",29.10966445,-14.01359476
"tree_3757704",24.60746969,-13.17738916
"tree_4600047",31.45944121,-20.12673411
"tree_2995212",26.2669796,-14.44873538
"tree_3020269",24.8596099,-17.40349077
"tree_4347733",30.42383671,-17.9846559
"tree_3175463",22.41077582,-15.14755662
"tree_4337888",32.66100565,-20.08742992
"tree_4556269",30.31818486,-16.92227093
"tree_4289754",31.5199296,-18.02747583
"tree_2707085",27.50947104,-12.24697971
"tree_4191405",29.37786536,-16.41852827
"tree_4351863",29.09480494,-21.17190096
"tree_422408",32.91893111,-6.16340866
"tree_1885455",37.64432901,-11.4953462
"tree_737177",36.80010552,-6.415460284
"tree_136853",27.53153062,-24.79373352
"tree_1852182",29.97068452,-6.133840373
"tree_4396016",31.10768905,-19.50634095
"tree_1175344",36.1159825,-10.37373451
"tree_369149",36.17457783,-5.935967228
"tree_2062430",29.30843784,-10.55076965
"tree_3899462",25.42942696,-13.206687
"tree_4605",27.77636887,-31.24602069
"tree_10522",18.84797612,-28.8571194
"tree_4795656",35.05037493,-16.46316338
"tree_2297020",27.46232434,-12.10373578
"tree_3807108",25.49433255,-13.33830194
"tree_2019162",29.78837867,-10.00889472
"tree_2026606",32.16076838,-9.898824964
"tree_2675059",22.59792029,-15.14963001
"tree_4520218",32.91116255,-18.19505951
"tree_211535",32.84098687,-27.09374965
"tree_3578129",23.76991705,-17.02874878
"tree_5023191",23.1197726,-20.12267399
"tree_216611",30.58831272,-26.61687087
"tree_60824",18.89656516,-34.35925488
"tree_3483936",23.44268466,-14.96590997
"tree_3734340",31.887624,-10.50416354
"tree_3842401",31.36513394,-10.30827363
"tree_274049",30.84856604,-24.56845562
"tree_43912",31.07889068,-27.63859944
"tree_81447",26.68072672,-26.72072046
"tree_4651400",33.36021575,-10.01150724
"tree_816457",38.55156502,-5.593227503
"tree_1295489",31.66958852,-1.265529979
"tree_75980",28.68531734,-32.35861766
"tree_3490940",23.7632462,-17.03316599
"tree_3470494",30.38803427,-12.66526281
"tree_4141845",31.23822137,-19.371661
"tree_3728858",22.92875854,-15.47154572
"tree_3876458",30.27426918,-13.08273458
"tree_653686",30.69789765,-4.36398003
"tree_5021378",26.30898122,-20.35309028
"tree_2659556",26.7287108,-12.06055527
"tree_1605035",39.23920376,-8.118521537
"tree_524259",34.98788716,-9.458920531
"tree_5007508",33.02306735,-13.17008548
"tree_4196381",29.57717956,-16.52066507
"tree_182992",31.09349444,-27.91715435
"tree_3915407",24.64776525,-14.76713536
"tree_2919754",27.9253176,-14.11392861
"tree_3068309",28.32610966,-16.08445666
"tree_1717144",37.96074379,-8.1537691
"tree_4464051",25.44530874,-17.86917731
"tree_503635",35.69130157,-11.48858516
"tree_197713",21.64459505,-34.00109998
"tree_4022490",28.04926926,-14.79850659
"tree_4229397",31.42392343,-17.73323531
"tree_4026209",30.14355652,-9.544366101
"tree_673986",39.05214944,-7.7356663
"tree_233448",28.02580459,-31.57181274
"tree_1220550",37.17105903,-7.018905765
"tree_4445570",30.87574177,-17.16431621
"tree_4367361",32.60926148,-18.45369188
"tree_2962645",26.91531439,-14.86377318
"tree_3835954",25.28969963,-14.06822397
"tree_1387125",39.69137942,-10.40708898
"tree_654490",31.61279612,-2.236054934
"tree_3186782",26.66831254,-15.30089704
"tree_3478088",24.97220309,-13.21452981
"tree_3139682",24.62892459,-13.10869698
"tree_702225",37.5716708,-9.111312856
"tree_4048701",25.1350981,-12.29845378
"tree_2480529",32.17329877,-12.64930675
"tree_1538846",30.52986427,-5.479371566
"tree_2243840",31.35981529,-11.43718725
"tree_1239751",33.98996361,-4.180981176
"tree_3924392",23.40094676,-13.62487995
"tree_157839",30.96837091,-27.1293578
"tree_1877301",39.26471527,-7.96644318
"tree_2179927",31.75024048,-9.820306737
"tree_271991",31.04797039,-25.8412442
"tree_1367111",37.06459582,-7.423486482
"tree_4051032",26.28672172,-15.84565668
"tree_4969631",34.57034412,-15.69276525
"tree_4390147",30.83715901,-20.16540726
"tree_3245933",26.33783487,-17.13151661
"tree_4558110",30.93568928,-18.5405938
"tree_249726",28.09909381,-32.29335107
"tree_3387852",32.96334412,-10.77379387
"tree_340635",32.03540368,-6.471081117
"tree_1305837",39.15095018,-9.242206617
"tree_4599545",30.22181811,-18.03432702
"tree_2981173",23.721328,-14.26393358
"tree_3750950",27.00266651,-13.52346433
"tree_3202441",26.96732902,-15.00981167
"tree_1218862",35.08082837,-8.447378591
"tree_153090",20.83994622,-33.94223385
"tree_895433",35.75485497,-11.44396228
"tree_623873",34.38255232,-6.404462323
"tree_1468328",30.59999837,-6.107066649
"tree_3652479",27.45204762,-13.27357624
"tree_438709",38.98679311,-6.807240096
"tree_2917146",27.46971637,-13.97077483
"tree_1618842",38.71563195,-7.968155977
"tree_1303197",35.24137958,-10.00196738
"tree_1826713",31.53689263,-4.854741488
"tree_647638",35.87258651,-11.37914643
"tree_2263597",24.92298301,-14.73522324
"tree_1143287",35.71041266,-4.280593852
"tree_2043307",25.91919377,-12.49136882
"tree_3522658",31.13174423,-12.59666078
"tree_48651",22.09370556,-34.0282343
"tree_507937",32.9476879,-6.191895181
"tree_921842",37.25886188,-8.903613664
"tree_2407911",25.89097787,-13.95283553
"tree_111541",29.31814669,-25.45027571
"tree_673366",34.94191236,-9.274479322
"tree_1926682",39.30915757,-7.332618086
"tree_4803953",33.36301029,-12.76063682
"tree_643889",35.27500428,-5.550317427
"tree_145800",31.34446266,-28.97989991
"tree_4455689",32.72005169,-20.24455652
"tree_3485731",27.09822197,-15.2034479
"tree_4969738",33.97654826,-11.70780745
"tree_546509",35.78595556,-8.193524023
"tree_2301701",31.53524069,-9.080378366
"tree_40270",26.34718418,-30.69404927
"tree_2370055",24.34820789,-11.65651543
"tree_3414802",29.56490509,-8.690401499
"tree_50118",27.45914287,-33.10503663
"tree_548144",32.05893196,-2.882861228
"tree_360622",39.15464619,-9.859805212
"tree_4550448",31.69544509,-19.20362659
"tree_1293585",31.68608536,-1.221447989
"tree_229975",26.68189862,-27.21932473
"tree_4379389",32.83462806,-19.50462815
"tree_2849404",26.40769854,-15.61154435
"tree_3341882",29.78296987,-9.951200498
"tree_3820843",28.20657518,-12.42862636
"tree_116042",28.51980813,-32.18256014
"tree_3781830",28.15672408,-15.08526489
"tree_4410455",32.37668317,-21.28638793
"tree_866221",33.71023852,-4.93957002
"tree_193452",31.1226118,-28.77003718
"tree_4985378",33.42800601,-11.11202448
"tree_2369442",28.90385962,-15.2517668
"tree_4103969",29.76953802,-13.69735831
"tree_2192701",33.27416981,-11.66012132
"tree_1969730",32.13159017,-6.032965635
"tree_2717961",28.99544863,-13.89901764
"tree_135568",29.451744,-28.32200551
"tree_66838",30.43443242,-30.25999041
"tree_4023713",24.94831422,-13.23219867
"tree_142194",29.64844395,-30.44091588
"tree_4641688",33.14981351,-13.09877903
"tree_5044312",21.03711426,-19.41907494
"tree_1562821",38.57175787,-8.512104294
"tree_2010517",38.23460935,-7.440704601
"tree_1664323",38.76115601,-6.321076146
"tree_2522347",25.02872504,-11.77713241
"tree_4490203",32.90548331,-19.84277037
"tree_4449174",29.0730796,-17.83122533
"tree_1387056",37.29248659,-9.517426076
"tree_41822",30.91193912,-27.29396663
"tree_4654860",35.60856286,-15.90560283
"tree_116607",29.52728688,-28.83413186
"tree_1820439",38.43698861,-10.19857846
"tree_4563879",31.27283768,-19.36562114
"tree_175417",29.7914165,-31.05139284
"tree_2541564",26.1628602,-12.0757
"tree_596465",37.40048229,-8.831676184
"tree_979162",35.50244431,-10.69736302
"tree_4236789",30.85924494,-18.48452223
"tree_4287115",29.82562367,-21.02027334
"tree_1759397",30.21101552,-5.613690921
"tree_3898059",26.85194129,-17.50923345
"tree_3408568",28.22929214,-14.10942125
"tree_1228467",29.91677682,-4.452594746
"tree_622581",35.17629369,-8.931198713
"tree_4319768",29.88539089,-20.13295427
"tree_4899173",33.89965319,-10.44096859
"tree_3861297",25.62964269,-13.99033677
"tree_4138096",30.22497325,-17.32838415
"tree_1523361",31.90649395,-8.074709989
"tree_1413986",35.90819444,-7.199831233
"tree_3052272",28.43076993,-14.08210664
"tree_1830123",37.69796627,-8.703486839
"tree_283108",25.06971628,-33.37394578
"tree_2591368",28.82029366,-11.03107403
"tree_232629",30.05338261,-30.42865586
"tree_40357",29.72146272,-29.59190937
"tree_3574140",24.51678215,-11.72926424
"tree_149918",29.97234079,-29.38799637
"tree_3914524",24.51705259,-14.83754034
"tree_4728824",34.95418847,-14.42700815
"tree_186689",30.40116831,-23.12700159
"tree_3134596",31.89240177,-13.32550104
"tree_3109831",31.71932018,-12.15088278
"tree_3858399",31.40551965,-10.15475292
"tree_3152497",31.16870436,-10.4727923
"tree_32659",29.73047738,-26.43810893
"tree_46364",25.21313957,-32.76905795
"tree_1011535",31.49010652,-1.036465896
"tree_4503690",28.1726049,-19.44576202
"tree_3070319",29.93657978,-13.21398893
"tree_2664378",28.13878489,-14.00286724
"tree_80135",30.2611706,-28.0434506
"tree_868973",35.39607125,-8.026571374
"tree_1401033",32.10815203,-5.156374081
"tree_4780474",34.23274499,-13.98979414
"tree_137543",26.50683387,-33.38305065
"tree_651374",30.73386617,-4.186570303
"tree_2204466",23.43989012,-15.87405305
"tree_4931329",34.44449942,-13.59476903
"tree_285512",30.31805312,-23.2385137
"tree_4209109",31.44141188,-19.12844381
"tree_2110371",22.92316945,-14.14746338
"tree_4108368",22.90396821,-14.19037345
"tree_2578858",27.52326348,-13.7838095
"tree_3220751",24.95318214,-14.61433582
"tree_4444415",32.88988794,-19.94589879
"tree_4974337",34.58368582,-14.43421993
"tree_979484",34.53003226,-6.176930743
"tree_1759020",31.29602075,-1.489816259
"tree_2479527",28.56824359,-14.05226791
"tree_1835714",29.8483555,-5.511914711
"tree_2358392",33.17960596,-12.10770226
"tree_1128422",38.29068058,-8.967618189
"tree_2137481",27.61881895,-13.78561244
"tree_239580",32.64599971,-26.97403415
"tree_3401779",31.7350057,-12.92677989
"tree_138734",31.98720813,-27.8993052
"tree_1427348",35.78180882,-4.566450683
"tree_1586399",40.08748385,-10.2700652
"tree_213218",26.72345622,-25.44099055
"tree_4480697",32.41382359,-18.075344
"tree_4155912",31.11940812,-17.33415357
"tree_622564",33.21839833,-6.490733211
"tree_2754990",26.68480938,-16.10086346
"tree_1000505",38.20486096,-5.758827943
"tree_61244",27.55019097,-32.76139543
"tree_14860",30.63410721,-26.35084642
"tree_117942",29.06231055,-31.97585257
"tree_38956",22.22036158,-33.88246624
"tree_2358246",30.04863208,-10.08281544
"tree_4191425",30.63964775,-17.36588539
"tree_3908857",31.10470023,-9.211813011
"tree_4148079",27.89098683,-18.42610683
"tree_1132289",38.59059852,-8.101934449
"tree_198923",27.14984978,-32.16471099
"tree_4844872",35.32225716,-14.76974788
"tree_4939056",33.0071114,-13.44629656
"tree_3394477",26.36785371,-15.85449111
"tree_79609",29.55108559,-30.37844386
"tree_116510",30.53945325,-27.45686265
"tree_4268500",28.4724326,-20.65157121
"tree_2528021",24.46855368,-11.78975302
"tree_142220",26.86931347,-32.45155944
"tree_1994334",34.8614114,-10.7839945
"tree_2975635",30.90132936,-9.237504968
"tree_599489",39.20008011,-8.441609169
"tree_525866",38.10182332,-7.332077202
"tree_4563400",31.05621533,-19.42647051
"tree_2707634",33.06493941,-10.35515018
"tree_4567405",31.81840509,-18.58485608
"tree_1130277",39.1720445,-8.191540785
"tree_197663",27.49087449,-27.36788734
"tree_1623835",39.33214497,-9.011790327
"tree_1344256",38.15717337,-6.103370613
"tree_185553",31.22033075,-28.66871171
"tree_3283969",29.62079602,-15.61100347
"tree_4470421",30.41193736,-18.3153159
"tree_3469054",29.01789515,-14.24770708
"tree_1554991",37.55977144,-11.44801891
"tree_3391704",25.92838873,-16.03920276
"tree_163834",30.9940627,-27.23735417
"tree_2529671",27.19639169,-12.12149479
"tree_957045",38.43446451,-5.50903
"tree_1913371",30.7828158,-6.915146316
"tree_4553550",29.78830297,-21.97871857
"tree_3193439",26.55779273,-17.12439498
"tree_4621156",35.57565934,-15.49119607
"tree_959086",30.47280143,-4.717447274
"tree_3747912",25.05811285,-14.40645634
"tree_715405",36.19702435,-10.23770235
"tree_2631029",30.52316411,-9.543915364
"tree_4645334",34.29188118,-15.87351042
"tree_184833",29.75310419,-29.8747012
"tree_755370",35.5406665,-2.396607131
"tree_2884008",28.38740939,-14.6832083
"tree_4725972",34.19668633,-11.70582421
"tree_4155133",31.19900759,-17.70285569
"tree_143113",27.46428123,-25.06192149
"tree_63773",26.91691089,-30.01136438
"tree_4001032",28.3802878,-13.05938645
"tree_4663645",33.99376627,-13.55375205
"tree_292492",31.07555526,-25.39600708
"tree_4327712",28.0096198,-19.56800165
"tree_152020",27.72228089,-31.72686595
"tree_2063507",26.03214754,-15.90839914
"tree_4464050",28.98248223,-20.27214157
"tree_3138579",30.23505538,-8.58438837
"tree_3952212",26.31908437,-14.11537097
"tree_1571035",35.9038674,-10.23914471
"tree_5019728",23.22028613,-19.40960949
"tree_671025",32.51867993,-6.311971277
"tree_1171446",34.03215225,-9.119696547
"tree_155503",29.0088536,-31.16002024
"tree_3772692",25.85167392,-12.82356132
"tree_3539778",24.63893087,-13.09400298
"tree_1934696",38.44068462,-6.139970383
"tree_130885",27.73427039,-32.82864526
"tree_2538541",30.64693548,-12.96437128
"tree_3682040",23.51678522,-14.08643371
"tree_2501116",26.022592,-13.01187886
"tree_4282278",30.82904582,-17.18324713
"tree_1008337",31.11112995,-3.310068897
"tree_1817336",35.73565373,-10.62867084
"tree_2273141",32.87689347,-12.97158306
"tree_2341807",31.64828461,-12.84357401
"tree_4261235",30.82742318,-18.02882804
"tree_5013936",33.20300002,-12.90622457
"tree_1472558",36.38020236,-11.24221281
"tree_2115409",25.59457564,-14.16017413
"tree_855466",32.45179111,-6.37020638
"tree_4662905",33.67032016,-10.60927344
"tree_1635715",35.41040457,-8.010435022
"tree_1084348",36.90873224,-9.955902147
"tree_4311826",31.21108724,-19.67987435
"tree_107428",29.06898141,-31.01515366
"tree_351414",37.59907538,-9.951755375
"tree_2043422",23.91108672,-16.50643579
"tree_3858999",23.76342649,-17.02703598
"tree_4149417",30.34252445,-18.12095849
"tree_1519244",34.38047895,-9.677527536
"tree_2799421",25.54706835,-15.32740032
"tree_2865152",25.12959916,-13.30458688
"tree_4875132",34.58089127,-15.80815369
"tree_378730",30.99402943,-3.139961095
"tree_3496034",24.0818245,-11.42402576
"tree_4016043",31.11515725,-11.7742477
"tree_6866",24.14499214,-33.86146194
"tree_4280070",30.50704205,-17.74071753
"tree_3065902",25.16033917,-14.58377591
"tree_4330794",30.54697701,-18.27691318
"tree_2801856",29.68876661,-9.954265503
"tree_3183770",31.15887838,-10.44151122
"tree_3169233",25.12301845,-11.31837322
"tree_4000618",25.27257176,-13.92552092
"tree_218928",24.09766516,-33.9988463
"tree_4135477",29.81480608,-17.01845801
"tree_3399422",23.6036866,-14.85935596
"tree_3470942",24.94975657,-12.34533033
"tree_1136723",36.32331982,-11.03766877
"tree_4555359",29.35136225,-20.13610942
"tree_94647",28.08692401,-32.43596397
"tree_4861139",33.67158221,-14.50363329
"tree_4065305",29.17294741,-13.89432999
"tree_2297336",29.11489295,-14.47695146
"tree_1030609",39.59924953,-9.522203878
"tree_4257826",31.09678131,-18.98556047
"tree_4518282",30.7665742,-16.93498169
"tree_4749495",35.41024028,-15.39455825
"tree_203499",31.27523004,-25.77273231
"tree_919450",37.2258682,-10.58558047
"tree_3718199",22.45783238,-14.14259543
"tree_3381297",32.34683109,-13.72575469
"tree_2561571",28.54480546,-14.09049033
"tree_669452",35.77549855,-10.4888525
"tree_2662512",24.23101723,-12.9976356
"tree_2593473",26.76999797,-16.10482993
"tree_2428209",28.25399233,-13.54753364
"tree_3937824",27.33747121,-14.04884232
"tree_3255370",25.82697374,-12.7983201
"tree_3660018",23.33306632,-16.66320181
"tree_1671964",35.50677135,-10.73585588
"tree_2755515",22.16656851,-14.39906426
"tree_4711305",33.76217957,-12.49235869
"tree_50678",31.23250054,-27.88199693
"tree_1527421",34.93920796,-10.0044915
"tree_816467",37.52984275,-5.049639774
"tree_49362",22.66640711,-33.84045764
"tree_4318365",31.35973903,-21.0297388
"tree_4567041",30.72077971,-18.6165879
"tree_4387006",31.79298374,-17.60811097
"tree_3272266",32.11154831,-9.120674173
"tree_1185020",34.65109923,-3.812910082
"tree_962827",32.14493187,-3.754855274
"tree_56853",28.6583635,-31.32075273
"tree_3838546",26.80326209,-14.42241239
"tree_2536796",29.55607072,-9.60043767
"tree_76890",27.46184727,-32.59444278
"tree_59607",18.92135548,-34.33004718
"tree_1898400",35.6838194,-3.026646042
"tree_1444999",37.91720296,-8.124831843
"tree_786851",35.18503791,-11.21147261
"tree_27684",25.02581487,-30.27928192
"tree_4847609",34.05984375,-13.22796
"tree_4588654",28.21740778,-20.53555174
"tree_3516023",33.16671499,-10.86439182
"tree_4521411",30.2355204,-18.04117821
"tree_1066003",39.85770001,-10.24933134
"tree_2480834",28.56923521,-15.3393899
"tree_3840916",27.51839556,-14.01395535
"tree_2859976",24.09796075,-14.42971432
"tree_3036904",31.26840657,-11.14366791
"tree_4583523",29.4249219,-15.74215369
"tree_4775657",34.82383644,-16.24753123
"tree_3775839",31.40425759,-14.17531887
"tree_4732392",33.77651289,-10.76396607
"tree_67903",30.44335694,-27.64130386
"tree_3889368",27.21595351,-14.79787556
"tree_25662",30.56460416,-26.17100272
"tree_258192",18.48189066,-33.67837294
"tree_224396",24.94774789,-33.85262751
"tree_4860607",34.91479439,-16.40772284
"tree_1054305",37.40778417,-8.956079346
"tree_4160160",30.99149005,-18.58097975
"tree_16080",30.81809648,-30.12413855
"tree_88362",29.6537626,-30.30551476
"tree_3990218",22.08687886,-14.48497456
"tree_4494527",31.80046591,-18.59991067
"tree_1197203",33.75089466,-7.253558975
"tree_1809565",38.25335986,-5.964363602
"tree_2092069",22.18820371,-16.41096989
"tree_4331752",31.00753615,-18.97573442
"tree_134256",21.95109359,-33.62275211
"tree_232924",26.81062801,-32.73849804
"tree_2717787",28.8530169,-13.90902398
"tree_2538971",27.52416495,-16.16180298
"tree_4254236",31.0890287,-16.29592805
"tree_54514",19.26688752,-34.11495592
"tree_299734",35.02574876,-9.620374199
"tree_4805520",33.53789476,-12.93921846
"tree_1289133",33.9227142,-1.88745564
"tree_582634",32.76541135,-6.097781485
"tree_2492731",25.03106886,-14.96122232
"tree_4689236",34.40970282,-15.94553805
"tree_852146",34.88214513,-10.06669308
"tree_1233564",31.22237093,-3.870964891
"tree_6884",29.45372722,-30.86983635
"tree_2090744",22.44872757,-15.55889838
"tree_4138377",28.95192253,-16.55365895
"tree_810",31.7311917,-27.6173247
"tree_3128261",28.36757712,-15.03343024
"tree_3283113",26.55526862,-17.10185817
"tree_3633781",24.95408361,-13.15917942
"tree_4529648",31.49540971,-18.96708029
"tree_982257",31.15016345,-2.575008476
"tree_2501048",23.23525719,-16.9696122
"tree_1704735",32.0725441,-5.294930356
"tree_173012",27.46662504,-25.87486911
"tree_136478",26.9018564,-32.68846633
"tree_2670957",26.23380563,-14.70042642
"tree_1236356",33.47144001,-9.007282966
"tree_2318339",30.80514287,-13.83393135
"tree_1067869",37.75025134,-7.785517712
"tree_4803509",34.68365843,-14.24779548
"tree_2968190",30.39587703,-12.07678177
"tree_1026749",35.6635364,-8.365524916
"tree_1638485",37.28121825,-9.562319391
"tree_3602492",24.9299243,-14.28403641
"tree_2100733",23.26933263,-15.75397696
"tree_4149659",32.24840452,-20.22436355
"tree_3022028",27.44492603,-12.69690448
"tree_168067",30.2704557,-30.08176936
"tree_697297",38.06558436,-7.236521151
"tree_4497295",31.41031129,-21.04416235
"tree_89645",30.42866304,-26.94338409
"tree_4204295",31.8048831,-18.70493218
"tree_3697943",26.36830445,-17.17262374
"tree_4380525",29.60557575,-17.20614452
"tree_4177423",32.76593633,-20.25537419
"tree_1395323",30.55176991,-7.203076532
"tree_1706961",31.63046487,-5.820037905
"tree_1635488",36.72717687,-4.657228932
"tree_4399679",31.83616398,-17.41005753
"tree_2753231",22.78290124,-14.63633174
"tree_3364489",27.28572703,-12.29665083
"tree_167680",30.70631466,-29.60966838
"tree_2710293",22.27312187,-14.6572459
"tree_3146933",25.20189678,-17.6196638
"tree_3824823",25.18017144,-11.70907126
"tree_102193",30.85072956,-24.86044246
"tree_4261863",29.93208684,-16.72250469
"tree_4008772",29.14022417,-9.182785607
"tree_4616450",35.11825534,-13.76857287
"tree_4306349",29.37371861,-16.02602728
"tree_59808",31.65285428,-28.97340931
"tree_4981941",34.84898735,-16.47091604
"tree_4284600",27.89495328,-19.30450133
"tree_2471489",28.86996447,-13.19920478
"tree_2561402",26.02430478,-12.98231058
"tree_5029685",23.33936987,-19.90244433
"tree_2286504",29.24849031,-11.09318546
"tree_3679492",26.28365673,-12.79002656
"tree_4969401",33.90244773,-12.34028034
"tree_4942092",34.99475446,-16.17541346
"tree_3373797",25.24886319,-16.27647024
"tree_3975816",27.42761787,-17.33362667
"tree_98236",21.65901851,-34.36754843
"tree_3985727",31.17546536,-12.3575002
"tree_47189",27.16111811,-25.71206323
"tree_187836",30.0765503,-29.82764435
"tree_252565",30.2370113,-25.09428434
"tree_1270411",37.50613418,-4.283478563
"tree_2503887",26.14699439,-15.5484413
"tree_4694757",35.22552983,-13.90235134
"tree_622668",34.58042425,-10.01179342
"tree_2023723",27.10245886,-17.23221105
"tree_3297247",30.49287484,-8.731418483
"tree_1965738",31.44431201,-2.474043592
"tree_190621",26.76618572,-32.76590279
"tree_1166188",30.9448995,-2.030248834
"tree_622784",33.67526161,-7.176663397
"tree_3757231",22.89233929,-14.16504208
"tree_2266627",28.78207148,-14.46324908
"tree_637943",31.30350292,-4.143389786
"tree_2204340",29.1501403,-15.43638831
"tree_268722",30.60057266,-27.07788374
"tree_2623906",26.77315311,-15.73243177
"tree_4201779",31.16177703,-18.16990843
"tree_4605747",32.79793838,-18.67590477
"tree_2470954",22.37516789,-15.25654461
"tree_3004996",29.08739822,-10.57132321
"tree_2004294",30.8019269,-1.494594061
"tree_250660",29.05329589,-31.53232826
"tree_975903",34.84103825,-7.770372979
"tree_4345506",28.85826018,-18.0948158
"tree_4307012",31.82913254,-18.90073193
"tree_138326",26.65251082,-32.48906069
"tree_4341694",30.45475701,-17.94643348
"tree_77169",28.82243037,-28.40214638
"tree_2950580",26.19882872,-14.70042642
"tree_413451",35.47900618,-4.146905527
"tree_4493853",30.89854887,-18.41718225
"tree_1209634",37.44952207,-4.224882871
"tree_4114230",26.07370515,-14.16630415
"tree_531891",37.09254129,-8.247071471
"tree_186124",28.41000953,-30.40413581
"tree_3510880",32.74509905,-13.1161792
"tree_3606410",25.7388103,-12.44314006
"tree_3386444",28.53407801,-16.38924441
"tree_4598868",31.47341393,-17.87828218
"tree_722375",30.75225608,-2.882861228
"tree_4901061",33.91633031,-10.7661296
"tree_952773",37.26715537,-10.80770322
"tree_3175609",29.93243304,-10.4307837
"tree_1701549",36.04034945,-10.96068305
"tree_1300786",37.87438329,-7.695370493
"tree_262552",28.73534872,-24.63462368
"tree_1376756",39.35666486,-8.03351271
"tree_51390",31.71433428,-25.60893482
"tree_3740006",32.28652298,-13.90109103
"tree_3323551",31.28886986,-10.36037872
"tree_3116771",22.94074805,-15.67104152
"tree_3072850",29.00933121,-10.97328966
"tree_1536327",35.41590352,-10.24500428
"tree_4383126",32.82516266,-18.76379831
"tree_180440",28.28371411,-30.37934533
"tree_4329532",29.27212336,-16.91938622
"tree_4412317",31.19810612,-19.36886644
"tree_3904763",27.77432194,-13.32946752
"tree_1325198",32.21677876,-5.607020027
"tree_1256538",39.70994963,-10.22291821
"tree_3653645",27.02898933,-11.65236866
"tree_2858799",26.09209507,-14.12618863
"tree_1700150",31.69185475,-1.289058403
"tree_2232997",31.91647093,-10.4909119
"tree_5009922",33.17793926,-13.20857835
"tree_4760886",33.0670589,-13.43944537
"tree_4351422",31.40427147,-18.94778878
"tree_3775179",28.24218312,-13.54509966
"tree_1019382",36.8222816,-11.3218128
"tree_1737313",35.57780692,-9.745228097
"tree_1899736",32.62279933,-6.091110591
"tree_3000857",24.0412585,-15.87982248
"tree_97015",28.98478445,-30.7028837
"tree_4599869",32.73537662,-18.76965788
"tree_4763328",34.47749309,-16.21219352
"tree_1143675",38.98237592,-8.95689067
"tree_266042",31.09917368,-25.3534576
"tree_4132197",31.21379164,-18.94283069
"tree_2221938",31.00914477,-12.07191382
"tree_3243157",22.33027485,-14.54032496
"tree_1008735",35.4083312,-8.967257601
"tree_161270",31.29993022,-29.29180928
"tree_936688",37.25877173,-8.073177486
"tree_88318",19.40733597,-32.64465479
"tree_3175729",26.82832286,-14.40591545
"tree_4318080",30.69454704,-17.93525522
"tree_4624275",34.13096944,-11.2006392
"tree_368023",34.76639681,-5.649028631
"tree_1416377",33.29817812,-6.382646696
"tree_853009",31.68581492,-2.049089603
"tree_2597533",29.52713364,-11.77505902
"tree_904272",34.26815621,-1.561573445
"tree_1200",29.9238419,-30.09871704
"tree_4722905",33.78192169,-11.66760179
"tree_388185",31.45512961,-4.173589104
"tree_3353566",26.03007417,-15.211471
"tree_4598383",32.23857854,-21.22481738
"tree_3149556",25.06640635,-11.33252633
"tree_4430924",29.95200925,-17.24373591
"tree_2535023",31.12209854,-11.39698159
"tree_2695746",28.92396232,-13.92687313
"tree_1196839",33.82319228,-6.771992533
"tree_1776224",39.7568259,-10.57954061
"tree_3511905",22.30764804,-14.79679379
"tree_4255556",32.47521344,-18.58701961
"tree_1752506",37.80812549,-8.425653111
"tree_702960",39.28788296,-8.118972274
"tree_3784085",23.76486884,-16.37409968
"tree_681980",34.2387684,-7.670309567
"tree_2672447",26.0670343,-14.75135959
"tree_3024144",27.98364249,-13.28799979
"tree_4337618",30.04044309,-17.54735174
"tree_994904",35.31178412,-7.394639372
"tree_29382",30.99721784,-27.35580762
"tree_1851899",39.38839649,-6.957515509
"tree_284559",29.50114435,-29.00982878
"tree_1716582",33.10598544,-6.080383072
"tree_177817",29.83667011,-27.92157156
"tree_215856",24.82208349,-33.68846943
"tree_7162",30.56622679,-27.59208348
"tree_42602",24.50485749,-34.02886533
"tree_465615",35.34721176,-7.360834165
"tree_156062",30.67773818,-27.0646321
"tree_4639178",34.33091467,-13.93137874
"tree_3780926",28.10425872,-15.41718695
"tree_1650811",35.2841091,-8.154219836
"tree_729299",31.07885744,-5.141950526
"tree_2056254",25.77171383,-17.5692715
"tree_4683870",33.93039319,-12.99907621
"tree_1286096",32.58052054,-6.015116486
"tree_487668",39.33511981,-9.626864799
"tree_58871",30.71541947,-27.43026922
"tree_3434611",29.28463912,-8.965080074
"tree_4131688",30.9471379,-19.21588661
"tree_249066",31.30777298,-29.22239593
"tree_4596966",31.43672426,-18.99087915
"tree_4700589",34.89297891,-16.27394437
"tree_190719",30.22493165,-29.42378481
"tree_2013367",38.53578935,-8.248153238
"tree_103446",27.63528939,-25.11564924
"tree_4945987",32.89235473,-13.63551557
"tree_4912783",33.19759123,-13.9345339
"tree_22165",30.26360456,-30.70531767
"tree_4275282",30.90774383,-20.69015422
"tree_3080173",27.29771653,-12.85601432
"tree_1642760",32.48929212,-6.053969937
"tree_4464351",31.31610806,-20.13448677
"tree_1980570",38.68552296,-6.043963596
"tree_2607466",31.16879451,-12.48145263
"tree_2372517",24.22344491,-12.24346397
"tree_1017187",34.97337355,-9.194879328
"tree_3580573",24.62261433,-15.13340351
"tree_4421063",30.84419045,-17.97284661
"tree_2537605",31.81812092,-11.14222555
"tree_279230",29.65322172,-25.56836857
"tree_4462395",31.81966714,-17.84618977
"tree_3030306",29.49116512,-13.8598036
"tree_5535",25.92764177,-27.51185245
"tree_3885220",31.65459487,-9.08641823
"tree_266212",31.44317322,-28.54602134
"tree_4741767",33.76542485,-12.2669005
"tree_1948408",30.71556639,-1.255974374
"tree_238192",31.28406441,-29.30433975
"tree_2901565",24.63811955,-13.23535382
"tree_1125633",33.12004832,-6.236608202
"tree_3594883",23.55004934,-14.34091931
"tree_26826",26.38630782,-33.42614102
"tree_2717906",29.35765792,-13.63876262
"tree_751959",38.68489193,-7.565738793
"tree_1022050",36.92829407,-8.232467622
"tree_4267539",30.69301455,-19.15611901
"tree_4180322",30.01529218,-17.09084623
"tree_2692046",23.5362569,-13.65553
"tree_4647021",35.01693053,-14.58368402
"tree_2577741",29.41715471,-9.604314001
"tree_3212071",27.33476681,-13.31955132
"tree_4206899",28.85050757,-18.15440311
"tree_2791687",28.32070086,-15.94517921
"tree_96930",30.8336017,-29.37726885
"tree_289573",22.48494194,-32.32030509
"tree_1318862",39.44563962,-9.399423367
"tree_3779618",27.42184849,-13.94454199
"tree_2344792",24.62613005,-14.39347514
"tree_2545341",26.02962343,-15.78075068
"tree_689050",31.42799547,-1.100380274
"tree_4479803",32.74736612,-17.85556508
"tree_4934436",34.71052213,-16.16153079
"tree_554280",31.55014419,-1.145363737
"tree_4291466",31.84689143,-18.20443482
"tree_1978112",38.14978135,-6.641279066
"tree_2258355",26.1871998,-12.38986306
"tree_1630633",37.15924982,-8.151244978
"tree_3617502",25.31755495,-15.05272175
"tree_491295",39.27832741,-9.607663442
"tree_1448695",35.62910037,-2.031510895
"tree_3627959",25.88773259,-13.9554498
"tree_1182457",32.14087527,-6.175037651
"tree_4689819",33.98484175,-11.69302331
"tree_2848249",30.78576134,-12.74441207
"tree_4260",31.7806822,-28.93726027
"tree_49501",30.13893176,-29.50888379
"tree_2442085",30.4006548,-12.55555364
"tree_3825797",29.96335334,-10.15502336
"tree_2912626",22.79398928,-14.36039111
"tree_4823857",33.48786338,-11.1909033
"tree_3759392",28.07649355,-14.10860993
"tree_4017082",25.06081725,-14.18081785
"tree_1540398",31.46531618,-5.151686426
"tree_2487718",23.77604702,-13.51724417
"tree_1161529",31.90478116,-6.024221355
"tree_19202",30.61923301,-26.81925137
"tree_187946",31.05527227,-28.3903371
"tree_2404228",27.36027832,-16.75983962
"tree_1163858",37.23713654,-3.064778315
"tree_1797629",39.44320566,-7.170172798
"tree_3645978",25.68823802,-14.60441963
"tree_1149380",35.52552186,-10.37571774
"tree_2248543",27.2758109,-14.14421808
"tree_198477",27.12172404,-31.66953232
"tree_4831223",34.20516012,-11.7126754
"tree_4369028",30.17052468,-17.27645935
"tree_1129332",33.77388206,-4.235520243
"tree_3963055",30.13814772,-12.46486554
"tree_771544",33.62532036,-7.175401336
"tree_2678965",30.48593354,-10.64614541
"tree_1205862",38.49089632,-6.735032173
"tree_1956064",34.31088573,-6.738187326
"tree_4923395",34.90713193,-16.29116249
"tree_1159026",37.46845287,-8.309273052
"tree_1537451",39.71148212,-9.809052328
"tree_117518",29.61094295,-25.61497468
"tree_243821",29.71244806,-29.20725119
"tree_1291572",35.07812397,-8.439716077
"tree_4157811",31.58925235,-17.54663056
"tree_3625170",27.29762639,-13.96239114
"tree_3070551",32.18357549,-13.10680389
"tree_3699839",30.04160064,-8.375427117
"tree_125262",22.69200875,-33.97063022
"tree_878531",33.93073725,-5.181885744
"tree_3429047",24.66985118,-11.45467581
"tree_1586379",32.23219384,-6.270503556
"tree_2337143",32.19908071,-11.82824588
"tree_253138",29.69450888,-29.22167475
"tree_1465040",37.51109224,-6.420238086
"tree_4502402",29.61504114,-16.43655771
"tree_3735769",31.47349023,-9.132844048
"tree_3217721",29.24984251,-13.8567386
"tree_1131037",38.16790082,-4.994199235
"tree_3093354",29.22469159,-14.48434353
"tree_89763",29.38810048,-26.36247542
"tree_156588",27.73111526,-26.12043013
"tree_2037323",27.9508291,-13.68059093
"tree_4650605",33.85584192,-12.60873875
"tree_1049431",37.18863763,-7.054784358
"tree_1101004",34.48829436,-9.240133231
"tree_3634527",26.25517038,-15.69619259
"tree_99730",29.07411976,-30.96710519
"tree_4138444",32.6742572,-18.32523209
"tree_1925878",37.41120974,-11.40069162
"tree_1758629",36.01609999,-10.89307263
"tree_3662607",26.32034642,-15.65048795
"tree_3443108",32.87968802,-10.75080633
"tree_1648298",35.05802127,-9.513279304
"tree_1231263",37.7161759,-6.030171071
"tree_4587410",30.26517864,-19.06606193
"tree_2696341",29.64306225,-15.06137588
"tree_4232588",29.97157107,-17.4239402
"tree_1071405",30.89396664,-6.716371699
"tree_1321848",31.01458287,-3.368574442
"tree_56742",29.9893785,-31.30200211
"tree_2102408",29.40462433,-9.673727359
"tree_428314",32.51534451,-5.962740952
"tree_4153615",30.30862932,-20.73919431
"tree_414106",39.36090175,-7.178286047
"tree_1223990",31.76361149,-1.337647754
"tree_494579",36.10606636,-10.79400084
"tree_4018843",32.81270905,-12.9605851
"tree_4770616",33.83114175,-11.96481717
"tree_20647",31.27757386,-29.09573908
"tree_4774430",33.27881334,-12.66363841
"tree_1562376",30.04307229,-4.563926561
"tree_3210600",25.53525914,-12.20226669
"tree_1415550",40.13463056,-10.31126248
"tree_2313996",26.33972795,-15.55502205
"tree_4422415",30.5017234,-18.84024315
"tree_1393873",39.66036897,-7.917403093
"tree_535700",39.29554542,-9.320274109
"tree_2854171",23.6038669,-16.1983126
"tree_111863",27.03392122,-32.50014879
"tree_644727",31.79786722,-1.455650463
"tree_3770366",31.32537926,-9.102374288
"tree_92387",30.44912632,-28.49040051
"tree_2684003",27.21144618,-12.40888412
"tree_614879",35.31421808,-8.445846088
"tree_3323890",27.25246291,-12.39274777
"tree_183607",19.50496477,-34.37584197
"tree_3196777",29.19016542,-8.581052923
"tree_30203",29.44083626,-25.97781723
"tree_2421012",31.36071675,-10.64064643
"tree_2842684",25.38624671,-16.56854723
"tree_819771",37.63035628,-7.133933616
"tree_1968019",39.96100809,-10.16901017
"tree_1921171",35.75197027,-3.099484994
"tree_3594190",31.41696827,-12.10580917
"tree_2666367",28.65135882,-13.44728993
"tree_3722282",23.88494419,-13.05767365
"tree_4511133",32.82985029,-16.9247049
"tree_1077637",37.53876727,-6.366149755
"tree_4957392",33.84998239,-12.01457844
"tree_2203048",26.17430883,-14.52382801
"tree_1752207",35.03079697,-10.54375216
"tree_76723",18.72330333,-33.76779898
"tree_206620",29.77582114,-27.68187011
"tree_170975",31.04670834,-27.72414915
"tree_986847",31.57619658,-2.027724712
"tree_1142916",35.64965381,-9.717372607
"tree_4365065",28.51912855,-20.52085775
"tree_924051",31.47757613,-3.717714619
"tree_3673227",25.52804741,-13.23039572
"tree_2882254",23.62712474,-15.30026601
"tree_1546555",39.00896918,-7.018364882
"tree_4074403",25.08101011,-14.36372655
"tree_4288445",30.87348811,-17.98555737
"tree_1964872",35.53967488,-10.88513968
"tree_4434099",30.73907948,-19.26672964
"tree_1132314",31.47090528,-5.035035925
"tree_4777828",35.06200384,-16.32821299
"tree_106977",28.05834753,-32.29353137
"tree_4549561",31.7832479,-18.3800416
"tree_462752",29.94715624,-6.103370613
"tree_4460716",30.87285708,-20.91588286
"tree_3113920",25.1542092,-15.24464517
"tree_278367",24.40767942,-33.8821958
"tree_197008",30.97116546,-28.71162179
"tree_3933214",27.71897189,-12.59548886
"tree_2153075",25.16926369,-16.36247069
"tree_96574",30.27198819,-29.21626591
"tree_3927330",25.5512151,-15.47983927
"tree_3059083",32.3155502,-9.207395797
"tree_2429025",22.37165217,-15.57584606
"tree_14278",28.9755895,-32.00803513
"tree_2840289",31.90168688,-10.48983013
"tree_3225199",26.74006928,-15.70268319
"tree_3587792",25.82742447,-16.28305099
"tree_268205",28.32301804,-28.42233936
"tree_1164453",33.47441485,-6.306201855
"tree_162358",30.77554727,-25.83268021
"tree_2415725",30.51604253,-12.10761211
"tree_2428904",27.54012091,-12.35903271
"tree_246156",24.03681619,-28.85306277
"tree_2784929",29.15780277,-9.00862118
"tree_221106",27.16003635,-31.89264669
"tree_3459197",32.92494164,-10.59485164
"tree_267661",29.66160536,-27.84927349
"tree_3614647",29.46312951,-15.15603046
"tree_222112",31.16786541,-29.46435106
"tree_2341619",32.94729801,-10.62478052
"tree_3948203",23.58295287,-13.66093884
"tree_2375769",31.30527656,-13.83961063
"tree_1856327",31.76739765,-1.231995214
"tree_3637004",28.28518307,-14.47965588
"tree_863562",30.90415321,-6.722231268
"tree_3032992",28.51027929,-15.72107322
"tree_2790445",27.9602945,-15.05362322
"tree_137198",30.60273618,-26.1654136
"tree_2939380",28.61719323,-13.34253886
"tree_4396286",31.08812723,-19.43846009
"tree_3474628",25.08804155,-11.53743096
"tree_4813214",34.96527651,-16.62569881
"tree_127672",29.07637343,-30.55765653
"tree_229125",30.45841142,-29.86208059
"tree_3887795",26.11904892,-16.57936489
"tree_3495895",26.48964185,-13.81373837
"tree_2555438",29.67434314,-13.63290305
"tree_5021272",24.70509181,-21.35516676
"tree_2935299",23.26518589,-16.49751122
"tree_3850210",27.9564182,-12.84312327
"tree_3090827",32.81712623,-10.48523262
"tree_66956",27.03662562,-33.38196889
"tree_2858218",24.07064631,-16.14233118
"tree_60901",27.62897913,-32.82278569
"tree_2312531",31.94054009,-9.886204353
"tree_4439306",30.34198357,-17.59693271
"tree_24776",28.41650009,-32.65330892
"tree_2355170",28.84391209,-13.70006273
"tree_1112235",34.39382066,-5.972657146
"tree_1251844",35.10868369,-8.498131475
"tree_524502",38.3913744,-10.2198532
"tree_4767815",34.81464149,-16.13160191
"tree_200252",27.3955895,-33.25900808
"tree_1535512",30.72656429,-5.063252004
"tree_4757995",35.68104076,-15.96636206
"tree_4949959",33.96365729,-10.46666054
"tree_2142143",24.68346333,-14.81788824
"tree_4532714",30.75278177,-20.83754493
"tree_2662506",26.04062133,-12.05271246
"tree_5018655",25.64973868,-20.41249729
"tree_59473",20.57599689,-34.00082954
"tree_3166185",26.79677153,-12.98059778
"tree_2649149",32.95099403,-12.72890674
"tree_541957",30.52184122,-6.068573786
"tree_4657064",32.95906324,-13.66923063
"tree_4592232",27.03666721,-19.90253798
"tree_1608236",31.20199778,-2.433206902
"tree_236963",29.59084025,-31.42000482
"tree_145228",30.34536755,-29.42594835
"tree_171258",27.72922218,-26.12079072
"tree_60576",27.30147642,-25.88586707
"tree_267975",26.60617545,-32.58831277
"tree_4696249",33.04875914,-13.31378015
"tree_4353572",30.82922611,-16.77542111
"tree_171701",28.83955823,-30.88723476
"tree_2917778",28.25994201,-12.88891806
"tree_1549683",30.4615331,-4.768560747
"tree_4033068",27.97661105,-15.95194025
"tree_866515",38.61791296,-7.630825085
"tree_1366930",32.34253336,-5.872413439
"tree_4285556",32.81704946,-20.22337193
"tree_970272",37.52758908,-4.163582763
"tree_2825096",26.84283648,-12.91271692
"tree_251270",24.0445688,-30.18579925
"tree_127070",28.53116661,-32.1013375
"tree_4353355",31.46782484,-19.10491539
"tree_3645479",24.4707172,-13.48956898
"tree_453887",30.0009738,-6.156918061
"tree_1438559",37.26246775,-8.140517459
"tree_1851380",30.84078011,-1.11705751
"tree_1899667",39.84525977,-10.15810236
"tree_13000",27.63177367,-32.62626475
"tree_3460662",26.18485599,-12.2181326
"tree_22267",29.87957991,-31.16687143
"tree_1429799",37.1192247,-8.118611685
"tree_34215",32.48914457,-27.54755075
"tree_687110",38.40047921,-5.289972259
"tree_4639927",33.19768137,-12.96004246
"tree_4048296",23.85285198,-14.58711136
"tree_2137569",28.51100046,-13.01593549
"tree_2110227",30.61790826,-10.87737302
"tree_2955760",24.05928784,-13.02467977
"tree_1955146",31.58611271,-3.288974448
"tree_1077937",39.63260379,-9.757307824
"tree_3003897",26.05856051,-16.45811688
"tree_19169",27.02247259,-33.37304431
"tree_255398",20.66965924,-34.26117471
"tree_295017",31.0231468,-1.173940405
"tree_4460089",27.99285252,-17.04496129
"tree_1141607",30.91758506,-6.644253924
"tree_788096",39.28049093,-7.8847698
"tree_2317911",31.00481773,-11.39671115
"tree_4138037",31.76548902,-21.12835985
"tree_2784073",26.8030818,-12.23048277
"tree_3236667",27.35973744,-13.62749422
"tree_2658501",27.4417709,-12.86259507
"tree_1814848",37.39191835,-3.16736585
"tree_4191455",31.20603903,-18.81319899
"tree_1274187",37.5137065,-10.89235145
"tree_1026153",34.39057538,-8.583140302
"tree_891932",36.04089033,-10.44801581
"tree_2420513",27.49459685,-13.87098186
"tree_321378",39.53515525,-9.577013387
"tree_3117208",30.90187024,-13.14953367
"tree_4194449",27.67021773,-19.38689588
"tree_708458",35.87799531,-7.204518888
"tree_1435989",35.28185543,-8.236974983
"tree_683217",39.27111568,-8.503360014
"tree_3548843",23.49767413,-13.69068742
"tree_4995920",34.89955961,-16.07733328
"tree_2547919",25.22217978,-11.68581328
"tree_80137",26.29147357,-26.28503895
"tree_1150090",30.67590186,-6.069475259
"tree_675371",32.27086676,-7.024404745
"tree_175900",29.38224095,-31.39449316
"tree_37791",31.20040834,-24.93301097
"tree_2319106",24.8097588,-11.69419697
"tree_3085521",29.69381482,-13.72963102
"tree_2095846",24.13483074,-14.68176594
"tree_4511167",31.44420643,-20.06083649
"tree_1845138",33.09886385,-6.081464839
"tree_2659430",27.83949798,-12.46243157
"tree_4402682",32.78054008,-18.27195509
"tree_2194232",26.50740075,-16.13061204
"tree_1950580",33.37453235,-6.313413632
"tree_59881",19.03692346,-32.66926498
"tree_1014032",38.25146678,-8.661388088
"tree_1356999",39.36126234,-10.57341059
"tree_40914",30.46598374,-25.94788836
"tree_5025244",22.87051708,-20.23337477
"tree_4205754",30.52804622,-19.28980733
"tree_1542918",38.34503902,-8.039101838
"tree_4465612",25.96491392,-18.27547083
"tree_261882",28.85037583,-28.62120412
"tree_2225868",25.010876,-13.09580592
"tree_4977192",34.85124102,-16.16180123
"tree_822118",39.10073849,-11.09527284
"tree_4070998",25.87348942,-12.31359851
"tree_3053623",28.12661509,-15.85331919
"tree_1304502",38.17574358,-9.796251423
"tree_4111177",29.50351522,-11.90838676
"tree_4002351",24.80759528,-14.38914807
"tree_1565730",34.90098578,-9.710431271
"tree_2962421",28.52046586,-14.97690794
"tree_613802",35.45304394,-1.81614919
"tree_3618299",26.28176365,-17.1414328
"tree_4370348",25.72503373,-18.28466584
"tree_4454732",28.22308702,-19.89027795
"tree_3886395",26.03521253,-15.43251198
"tree_2751330",27.37407076,-13.62875628
"tree_366964",38.39498027,-7.69969756
"tree_383893",37.29050336,-10.95383186
"tree_190157",31.79258156,-28.12954119
"tree_1912646",37.0233988,-9.172522817
"tree_957752",32.59909076,-6.0697457
"tree_4270895",28.9004488,-18.88684926
"tree_1784384",38.25561353,-7.510027812
"tree_2401648",27.55905171,-16.02685259
"tree_4515028",31.24281885,-21.60316525
"tree_4679083",33.91272445,-10.42014458
"tree_157833",31.37493222,-28.62940752
"tree_4450",18.56554673,-33.56514803
"tree_3075652",25.80984587,-12.35137019
"tree_1060948",39.30329804,-6.123473442
"tree_3694203",26.2478685,-12.32450632
"tree_2722706",30.29374086,-12.52760801
"tree_612057",36.95353514,-4.031517087
"tree_257882",28.8070153,-30.93672558
"tree_393768",29.72873088,-4.960574322
"tree_3365308",22.43547601,-14.15710913
"tree_85944",25.7086756,-27.94203498
"tree_103611",28.78186439,-30.1939125
"tree_4350254",30.29636938,-18.82365606
"tree_3111381",28.21721249,-12.50101458
"tree_1476949",37.49585746,-8.625509495
"tree_829550",31.988888,-5.680850599
"tree_3925651",25.80813309,-12.08146942
"tree_4479726",31.21523398,-19.42304492
"tree_4393055",30.89034553,-19.0608334
"tree_145251",25.19123394,-33.61680239
"tree_2265631",26.31791246,-15.88126483
"tree_650889",30.69762721,-3.839323217
"tree_4331350",29.27816318,-22.08680508
"tree_4708131",33.54681927,-13.00340328
"tree_279130",24.77286343,-33.68639604
"tree_4289248",30.04765482,-17.3689504
"tree_181275",28.98974252,-31.04174709
"tree_2238055",23.86186664,-14.56367309
"tree_191639",31.78690232,-28.84494952
"tree_3498933",29.61196165,-10.47351348
"tree_2706181",31.89772042,-9.865200052
"tree_1672637",39.98381519,-10.56448602
"tree_4771316",34.04073266,-13.26870654
"tree_1139964",32.15187316,-5.976984212
"tree_4516984",30.29105073,-18.78525335
"tree_4960341",32.88956019,-13.64615294
"tree_4643863",34.31577003,-13.49867209
"tree_55111",26.18311732,-25.71431691
"tree_873095",38.28752545,-7.223269509
"tree_254698",30.73155572,-24.88297926
"tree_1012758",30.62001093,-6.133029048
"tree_488843",39.03646392,-5.021423695
"tree_244366",29.39738558,-28.49391625
"tree_4746960",33.25086788,-13.10184404
"tree_2877760",30.2818415,-12.51453666
"tree_76849",26.7669069,-25.53366189
"tree_4623087",34.23842422,-13.39184764
"tree_4886749",32.79851209,-13.59431829
"tree_123558",22.1140787,-33.85830679
"tree_4775477",34.52463978,-13.61117582
"tree_39765",31.84477646,-25.96808133
"tree_401785",38.55282707,-6.045496098
"tree_3429893",27.90827988,-12.34226532
"tree_3183226",24.88746522,-12.77659462
"tree_205480",25.94648241,-33.38557478
"tree_213283",23.85760468,-32.33085232
"tree_4099610",30.78765442,-10.96833157
"tree_94004",29.22259126,-31.89751464
"tree_985609",34.86817239,-10.28196464
"tree_4716698",34.55060201,-16.27908276
"tree_676185",35.2825766,-7.445302109
"tree_3030310",27.34170811,-12.43169137
"tree_1104934",38.39164484,-6.286008878
"tree_2618681",27.28554674,-13.97059453
"tree_145174",27.11568421,-32.29903035
"tree_3377817",29.25750497,-10.61982242
"tree_117470",30.08556496,-30.99811584
"tree_203615",30.84099372,-24.77489275
"tree_388593",37.87492417,-8.371204191
"tree_2787577",29.26868316,-9.779740488
"tree_3316607",28.32178262,-15.87225011
"tree_2390091",31.163566,-10.43276694
"tree_532536",37.19287452,-9.386171725
"tree_154",28.96026457,-30.46696843
"tree_2459712",32.51450389,-9.794614779
"tree_3355360",26.8123669,-15.3540839
"tree_4143286",30.51019719,-19.29819102
"tree_1551252",34.2832107,-7.547979791
"tree_83754",30.31462755,-30.21690004
"tree_248799",28.65908468,-24.04379881
"tree_1396226",37.70247361,-3.688326626
"tree_2624760",23.60575998,-16.87477733
"tree_1109066",32.37047882,-8.870349341
"tree_2022790",28.78612808,-14.23481603
"tree_241446",29.79466178,-27.71783885
"tree_4858239",33.37292642,-13.04460055
"tree_4239506",30.03115799,-16.66291738
"tree_812802",39.30915757,-8.046313615
"tree_5014498",33.98655454,-12.50750343
"tree_241650",30.18833212,-24.17802801
"tree_2015076",30.69654545,-6.065598928
"tree_4533840",27.66345673,-19.38716633
"tree_2899371",29.29888229,-11.9426427
"tree_4774261",35.21200784,-16.83484036
"tree_3892077",27.22803316,-14.0316242
"tree_2381918",25.57726748,-17.49868623
"tree_4575504",28.4884787,-18.59224815
"tree_516891",37.38894351,-8.972305845
"tree_185359",30.24602596,-24.53194599
"tree_3491356",24.76775045,-11.78605699
"tree_2971370",27.14960557,-13.50877033
"tree_110669",26.55722583,-33.64474803
"tree_2811558",26.43537356,-14.78588598
"tree_2091427",28.49865037,-13.02017241
"tree_1289942",30.85285976,-3.684270001
"tree_2173559",25.07226588,-14.03450891
"tree_2379127",26.12409714,-14.17522872
"tree_265092",30.68206521,-29.7742772
"tree_4883501",33.81987342,-14.49317621
"tree_3972808",30.06503878,-12.83600164
"tree_223771",30.49311788,-27.24537727
"tree_3678598",25.19919238,-12.86178375
"tree_3593988",29.35964114,-8.973013029
"tree_1132303",36.89061277,-10.01431754
"tree_4554038",32.76043738,-17.93841038
"tree_92643",30.31643048,-25.24167505
"tree_4492445",31.13112718,-22.3100096
"tree_2301144",26.743585,-15.31144426
"tree_370416",39.56706717,-10.02919184
"tree_2728302",25.8388731,-13.14295292
"tree_102088",31.55928208,-28.75489245
"tree_162846",29.18265631,-25.86558395
"tree_3293808",29.26246304,-13.86142625
"tree_1290639",35.96480654,-8.618117423
"tree_4599877",32.81768049,-19.18767053
"tree_2130529",24.24607172,-12.76117945
"tree_4181171",29.20099767,-17.94625318
"tree_1249637",33.40247781,-6.308996418
"tree_4713354",35.47803054,-14.79525954
"tree_82851",25.79043859,-32.6360908
"tree_281087",30.59011565,-27.2202262
"tree_29075",27.45869214,-32.65375965
"tree_227762",31.20716934,-28.63112032
"tree_238901",31.06590957,-28.01983203
"tree_3087399",30.11669281,-12.76334298
"tree_3164160",29.94902002,-8.424647498
"tree_1954633",35.9660686,-2.124632972
"tree_181631",27.51052645,-33.0154303
"tree_612306",38.18322576,-7.687617832
"tree_2614935",28.74457047,-13.43746388
"tree_66630",31.0342681,-28.92400863
"tree_3933239",31.95189857,-11.32116778
"tree_2106935",28.2006255,-15.16170973
"tree_4948979",33.84808931,-12.6072964
"tree_698589",35.09029377,-8.870349341
"tree_2940558",27.4404187,-13.64056557
"tree_793523",37.81164121,-10.09968696
"tree_3462964",28.97931237,-12.19992287
"tree_4996302",34.47334634,-14.02053434
"tree_4246802",30.58934593,-18.85493715
"tree_3821171",32.64611801,-11.92118767
"tree_570569",33.94966805,-5.167281895
"tree_56669",25.24126532,-33.48644951
"tree_4868606",34.97699557,-16.38103926
"tree_220435",22.72121626,-33.89319376
"tree_4156581",32.02204633,-17.35074066
"tree_1074667",31.63641455,-7.167288087
"tree_3956998",25.07605204,-14.73792766
"tree_4373435",28.87385554,-18.05055352
"tree_1049092",35.35108807,-7.365792262
"tree_4558255",31.28131146,-19.35633598
"tree_68089",28.67765488,-30.97404653
"tree_4607660",31.47819171,-21.07291931
"tree_4402969",31.47215188,-18.09950346
"tree_3836055",23.58646859,-13.62289671
"tree_1652388",35.07253488,-10.28034199
"tree_4210112",31.83336943,-18.59035506
"tree_3751070",29.87230521,-13.3754426
"tree_253499",32.04174685,-26.84521377
"tree_281975",29.7432782,-25.48534298
"tree_4744164",32.99413028,-13.13600983
"tree_1968716",39.06576158,-7.474690102
"tree_1610699",35.39147377,-7.998535589
"tree_4959573",34.495883,-13.58845872
"tree_5048783",28.38848443,-21.9081298
"tree_3780958",30.0022967,-13.59468063
"tree_54226",30.14929863,-30.14748668
"tree_2834708",29.75592587,-13.49804281
"tree_4300859",31.08704547,-19.02883113
"tree_4409753",30.89999122,-18.15927106
"tree_177992",27.11153747,-31.70937739
"tree_4865022",33.87810814,-10.74494501
"tree_4348979",29.84897165,-16.79281952
"tree_3400359",27.29555301,-14.67915167
"tree_1754375",30.3817533,-5.490279379
"tree_1984962",38.36342894,-8.117529918
"tree_4864185",33.21399791,-13.0431582
"tree_600716",38.50685227,-8.210020964
"tree_5016",32.0617594,-28.39439372
"tree_4451155",31.6682208,-17.72097528
"tree_4406473",32.6514501,-18.36426584
"tree_4316550",30.4684593,-18.03468761
"tree_4638472",34.98655111,-16.19795026
"tree_1641182",30.30368629,-4.58502101
"tree_2574062",23.61071804,-14.92507328
"tree_3437222",25.25328038,-16.30504691
"tree_4718932",35.24752561,-16.87585735
"tree_3768065",26.33801517,-14.44855509
"tree_4540583",25.59197731,-17.88756734
"tree_5024937",25.81714103,-23.91453644
"tree_4316449",30.97814835,-19.58828477
"tree_2435714",29.86356099,-12.87819054
"tree_84576",31.10575438,-24.80662457
"tree_1219185",35.29276317,-8.519496366
"tree_4371141",31.56103646,-17.90108943
"tree_160511",28.67666327,-24.16811182
"tree_4955646",33.38960355,-11.97806881
"tree_4214068",30.60674423,-20.39825753
"tree_4593633",29.96832579,-17.24364576
"tree_4043143",28.53705285,-13.81328764
"tree_129929",22.82362283,-33.86488754
"tree_1433041",38.64495696,-6.010158389
"tree_3573023",23.76405752,-13.05406776
"tree_1739040",37.79334144,-8.191991521
"tree_76614",32.05166298,-27.62507736
"tree_4363809",31.28095088,-16.46522453
"tree_4029867",26.52245524,-14.79075393
"tree_4543833",30.78334148,-16.86935451
"tree_2240069",22.66733322,-15.04127305
"tree_4313915",32.6543348,-18.43593288
"tree_447468",34.57177017,-1.432933364
"tree_2452460",32.23198425,-10.9930319
"tree_3381909",32.12561118,-10.99510529
"tree_2603932",29.89195718,-12.33622546
"tree_973116",38.68272841,-5.595120594
"tree_1197143",37.1259857,-8.317386302
"tree_2995723",32.08973281,-9.865650788
"tree_2381213",25.44159676,-16.65319547
"tree_511354",30.45369034,-5.98095069
"tree_1024167",37.09731906,-2.906029063
"tree_3127198",30.79522674,-11.24526382
"tree_4248934",30.81408148,-16.93813684
"tree_4245557",30.2768977,-19.57314004
"tree_4364337",31.68282456,-18.03126201
"tree_4928704",33.40258466,-11.06857352
"tree_97057",30.86416141,-27.42206582
"tree_2352164",23.56582501,-14.16693518
"tree_4362235",31.42374314,-21.89803681
"tree_494443",38.97678683,-5.466480513
"tree_6127",27.84244635,-31.45029429
"tree_116296",25.45013506,-33.13451477
"tree_258447",26.61482953,-33.4154135
"tree_3221611",24.08552051,-14.87918835
"tree_3866394",25.29673107,-16.06588634
"tree_4913605",33.95905982,-10.53093551
"tree_188654",27.60626218,-27.34733378
"tree_1910290",38.37388595,-6.532741815
"tree_4999603",33.59748168,-12.38553424
"tree_4996999",32.97240494,-13.28240892
"tree_2230624",27.03520945,-12.45999759
"tree_4885780",34.41493133,-16.15918696
"tree_98005",30.08808907,-29.81511389
"tree_208494",25.72976991,-32.76346882
"tree_3528383",23.75098625,-13.11509743
"tree_18768",21.3032999,-34.32031129
"tree_222419",28.56965922,-26.50265434
"tree_4410386",30.36839653,-18.64209956
"tree_3307263",26.15591891,-17.11925659
"tree_4445286",30.84229737,-19.75496698
"tree_145741",25.2578523,-33.63528257
"tree_2759254",25.87529235,-11.8374409
"tree_1827257",37.03836314,-7.118518441
"tree_2877801",29.71490914,-10.45223874
"tree_5038686",24.51461191,-25.42513338
"tree_933649",35.75052793,-10.66725385
"tree_3352038",32.37630905,-10.6804915
"tree_713371",35.26472756,-8.379046999
"tree_1942008",37.97174169,-7.755408541
"tree_4812316",34.29341367,-13.01638448
"tree_4097523",30.13805757,-9.014210308
"tree_4259523",29.25418418,-16.06884721
"tree_1536736",31.49912118,-5.516782661
"tree_1016306",31.05460799,-8.065424826
"tree_4091011",24.97283411,-11.50822326
"tree_4999853",33.16576947,-13.26609227
"tree_1734188",35.42257437,-11.46685968
"tree_2515549",31.38586767,-9.181162957
"tree_1701610",32.94606526,-6.167735727
"tree_5034729",25.58284986,-19.80733901
"tree_2908783",25.25751727,-15.97429676
"tree_1451989",38.42833453,-9.785884493
"tree_2330501",28.52975097,-15.75199372
"tree_4660446",33.74982949,-10.75215679
"tree_1996018",31.48469772,-5.028455178
"tree_1256957",37.67795371,-9.8763923
"tree_3158061",30.46547025,-9.857176949
"tree_2409180",27.87889207,-13.91226928
"tree_5173",26.28417169,-28.18038423
"tree_1120599",38.50027157,-8.205603751
"tree_4661416",32.99304852,-13.4629738
"tree_3353095",26.5220045,-12.01358857
"tree_3344891",26.02655845,-12.05334349
"tree_107956",27.28543032,-32.51403147
"tree_4636100",34.1867702,-11.73773633
"tree_520950",30.00791509,-4.662998354
"tree_4173397",32.89376425,-18.61135936
"tree_3635129",31.94712079,-11.46774716
"tree_3852983",25.1378025,-12.28925876
"tree_1060999",31.24544847,-3.178363811
"tree_34151",28.80422075,-24.77462231
"tree_3094794",23.68301567,-14.38878748
"tree_775112",29.82735133,-4.98788893
"tree_816197",38.02835379,-5.473241555
"tree_36103",27.89157626,-31.4108098
"tree_4666891",33.38861194,-11.78993157
"tree_5046278",21.75522257,-18.25094729
"tree_118580",30.0939486,-28.06048843
"tree_1121909",36.67435092,-11.07940693
"tree_5030062",24.79586949,-20.17306628
"tree_1555603",38.57094655,-6.314224957
"tree_65971",30.24891065,-25.4069149
"tree_1261222",37.49270232,-4.233897593
"tree_1699832",35.73980047,-3.142485218
"tree_415414",33.71032866,-4.147446411
"tree_3152581",29.32538541,-8.675707502
"tree_126728",25.7500529,-26.78571661
"tree_1897514",34.20099695,-7.571688509
"tree_4167281",25.91253873,-18.18865906
"tree_3889735",26.01871569,-12.8649389
"tree_1511434",31.01404199,-3.653349505
"tree_2723547",25.00853219,-14.69023978
"tree_3609960",26.70815736,-16.09455315
"tree_2903321",28.94848222,-10.47396422
"tree_2260422",25.56149182,-15.56710178
"tree_4182428",30.67741919,-19.30432103
"tree_4694104",34.48461467,-16.16739035
"tree_3076492",29.88781044,-13.48722515
"tree_3334276",27.45898891,-13.98393632
"tree_862901",35.7054546,-6.803003176
"tree_4293139",31.38227569,-18.56520399
"tree_106501",17.53102399,-28.70026324
"tree_3678849",31.70291348,-14.28683098
"tree_1142015",36.63090023,-8.873504493
"tree_1966463",35.51434367,-11.21715188
"tree_52589",28.68162133,-31.07510156
"tree_2461491",31.92584618,-9.144563186
"tree_4792250",33.34615287,-10.01835843
"tree_807438",31.65841033,-5.971935968
"tree_12514",24.70516331,-33.93898855
"tree_435180",37.02529188,-8.022154161
"tree_203685",30.55360627,-26.2202231
"tree_1779438",36.98607808,-11.29116275
"tree_3295069",23.06010223,-13.09391283
"tree_2622847",27.33945444,-13.49596943
"tree_3837048",32.11136801,-13.31621587
"tree_4236348",32.81966372,-19.82365916
"tree_162535",30.21663816,-30.40927421
"tree_4204692",31.82588726,-18.79976705
"tree_2830321",27.4498841,-14.47532881
"tree_30548",26.48952571,-33.34032087
"tree_2237349",29.40002685,-11.00511163
"tree_2492907",31.29797468,-10.44060975
"tree_4614015",31.73790415,-18.42691815
"tree_4708868",32.84385585,-13.58295974
"tree_320761",38.80289391,-7.320448211
"tree_2863379",23.51426111,-14.21227923
"tree_1026362",36.75926908,-4.60250957
"tree_876822",38.87987916,-7.225162601
"tree_154912",28.7882648,-28.50806937
"tree_1190141",31.47216733,-5.033593569
"tree_4459351",30.53760176,-18.87368777
"tree_1249929",31.18207537,-5.43871517
"tree_235504",30.08168865,-30.81412536
"tree_4410213",30.87970822,-18.24247694
"tree_3786024",24.18269862,-13.52175153
"tree_2218080",27.09723036,-15.35354301
"tree_2598906",28.04638457,-13.36832097
"tree_2211051",30.73122261,-11.55645202
"tree_1536957",35.39444861,-1.883308868
"tree_4316159",31.20531785,-16.66499077
"tree_2053292",25.56644988,-15.07030045
"tree_4989886",34.54708629,-16.18091244
"tree_4051805",31.2783227,-9.552028614
"tree_322928",31.18009214,-5.466119924
"tree_1834124",29.82221297,-4.422936311
"tree_668119",40.01311286,-10.1795574
"tree_94252",27.60806511,-25.831328
"tree_4891991",33.97690885,-10.63640776
"tree_2326623",26.14591263,-16.18830626
"tree_2022372",30.11326724,-9.912978077
"tree_2532612",30.38974705,-9.667236759
"tree_1309394",36.69832993,-6.528414748
"tree_5041758",23.30033637,-23.9465387
"tree_666400",31.57232027,-5.830134393
"tree_200745",25.33871383,-29.59073746
"tree_892381",39.00347024,-7.262663844
"tree_380172",35.2771678,-1.944338535
"tree_236291",24.93837264,-27.30694782
"tree_268638",29.57957192,-30.76769955
"tree_4029485",26.07767161,-15.54898218
"tree_112744",32.54539607,-28.03560779
"tree_2814970",27.1203079,-12.40626985
"tree_283913",19.83859745,-34.06961187
"tree_3846115",33.13155779,-12.11897066
"tree_5001324",34.79264571,-16.02216319
"tree_4147367",29.85320854,-20.22553546
"tree_675533",32.57817673,-3.503344534
"tree_1528011",37.43816359,-8.728818207
"tree_1574817",37.38587853,-8.936517399
"tree_36876",21.57824713,-30.74570363
"tree_1761925",38.96065057,-5.159799676
"tree_2482106",28.8246207,-13.34136695
"tree_2489334",25.70680824,-14.26844094
"tree_2001045",35.76044406,-11.23247691
"tree_2763252",24.18882859,-12.87269156
"tree_2105175",30.76962509,-12.95761024
"tree_3629517",24.00979732,-13.99872047
"tree_1345198",38.95073444,-7.330184111
"tree_465552",34.42915815,-7.557264954
"tree_4258092",30.42185349,-18.00304593
"tree_94476",30.08087733,-28.8067271
"tree_696902",31.70240191,-4.584299832
"tree_2958782",26.55707156,-12.18649093
"tree_712432",39.44410712,-9.435211812
"tree_207879",24.88888214,-33.95900123
"tree_2423279",25.05261391,-16.98538797
"tree_549110",32.66282445,-4.63072565
"tree_25799",20.34999928,-33.33184703
"tree_907067",37.95263059,-9.941749034
"tree_12600",32.08826251,-27.12710412
"tree_4995734",33.83871406,-12.67247284
"tree_4469",28.43452942,-25.5382594
"tree_2579819",26.63811341,-14.55465836
"tree_2104149",27.10074608,-15.13637836
"tree_3081244",26.25183496,-12.78642067
"tree_2485843",23.90666954,-13.15954001
"tree_4590776",31.45213933,-17.88414175
"tree_4409080",29.73466572,-21.94554439
"tree_3004320",23.87872407,-14.35200742
"tree_4779993",34.61181157,-16.36607482
"tree_4237816",31.30502003,-17.53950893
"tree_176191",24.4511301,-34.06627642
"tree_103179",29.43488658,-29.72009872
"tree_5046551",23.43546621,-19.40338933
"tree_944829",39.60393716,-9.845471804
"tree_1534824",38.71905752,-6.200639462
"tree_3424643",25.65957139,-17.70314012
"tree_4280305",31.02601621,-19.92922155
"tree_4986628",34.93733105,-16.72080413
"tree_2795602",32.87391863,-12.740085
"tree_2510198",31.39975026,-10.58223103
"tree_1863977",39.83245895,-7.815897325
"tree_147283",29.55820717,-25.09518582
"tree_4375363",29.57104959,-20.06227885
"tree_3605896",25.53219415,-11.90919809
"tree_5044858",22.87313133,-18.64453004
"tree_4345455",30.70951139,-19.45513733
"tree_2590286",24.98716743,-16.88929103
"tree_589945",30.91424964,-7.234718206
"tree_4310510",32.39786763,-19.36940732
"tree_573262",37.97994503,-7.353892829
"tree_3187476",31.13102306,-10.73439953
"tree_4603473",32.28554493,-20.35931393
"tree_1842899",39.09695233,-7.949765944
"tree_163402",30.34203212,-26.66284595
"tree_3697599",23.84050189,-16.35922539
"tree_2803954",25.55671404,-11.81832969
"tree_3136185",31.27994534,-12.25256884
"tree_137780",26.33005632,-28.95709266
"tree_928437",30.98573594,-7.028641664
"tree_190092",29.414243,-31.06031742
"tree_2705520",26.27401104,-12.27131946
"tree_1938343",30.48560226,-5.990145706
"tree_964287",37.04539458,-10.50886519
"tree_403015",31.31269788,-4.051619917
"tree_3745260",29.10344433,-13.96401379
"tree_4327963",30.79055321,-17.94120494
"tree_5019936",25.78874483,-20.76614483
"tree_770861",30.9234446,-3.614405907
"tree_63055",28.73147242,-26.02829968
"tree_208226",30.03526314,-30.42811497
"tree_1305505",32.28375773,-6.290966975
"tree_4795327",34.89748624,-15.81347237
"tree_2836185",26.4532226,-14.57908826
"tree_3356424",23.51714581,-16.57305459
"tree_845906",37.24813443,-9.309726884
"tree_2746667",28.27670929,-14.27276801
"tree_1191255",38.10804344,-5.631900659
"tree_256500",31.0918718,-27.98332241
"tree_1040524",31.71276877,-5.784790342
"tree_3026019",27.85572437,-13.34425166
"tree_3408072",29.60673314,-14.12312363
"tree_3455753",29.25966849,-13.96121922
"tree_171371",29.11883249,-30.60967147
"tree_4681915",34.41889778,-14.02134567
"tree_2094313",28.0885732,-15.32992444
"tree_4662080",33.91840368,-10.80218849
"tree_4925148",33.42196619,-11.03765303
"tree_2768275",32.27615611,-10.22263377
"tree_2015795",29.2218069,-11.09102193
"tree_1319051",32.72511579,-7.633980237
"tree_4588621",28.83698557,-18.7446871
"tree_4763671",35.37904954,-14.16864622
"tree_4710169",33.7361272,-10.57528794
"tree_4156296",30.45583877,-18.8273521
"tree_2242213",32.9990422,-12.90730809
"tree_44198",30.64708832,-27.2931553
"tree_4205563",30.85410658,-18.53662732
"tree_120596",30.11432173,-30.73272243
"tree_800706",38.83092953,-5.686259432
"tree_2100871",25.22037685,-15.87459394
"tree_214438",29.574704,-28.25836157
"tree_4179606",31.18575604,-20.07562064
"tree_1139305",29.86377058,-5.517684133
"tree_4032454",27.42788831,-12.19198991
"tree_3837593",31.55768721,-13.70339818
"tree_3461265",26.50812192,-14.49723458
"tree_4027597",29.1460837,-14.13177776
"tree_2591562",26.77450531,-14.65832766
"tree_4001042",33.0218493,-10.43871666
"tree_282176",25.61708662,-33.65250069
"tree_4873738",33.97474533,-10.49848251
"tree_4644821",33.89090896,-10.87052008
"tree_4521002",28.2408459,-19.98610445
"tree_1487492",31.67995539,-1.828589506
"tree_4286652",29.66750648,-19.49191739
"tree_780196",36.78225648,-3.920636009
"tree_2715017",25.99861298,-12.34010179
"tree_194361",27.75545485,-31.2683772
"tree_927223",37.63423258,-6.830858667
"tree_4023317",25.76197799,-13.40681383
"tree_4622506",33.85602222,-11.95426995
"tree_3708306",27.04773984,-12.34091312
"tree_15411",28.30859458,-32.44560973
"tree_2993692",29.91269092,-8.458903441
"tree_4935976",35.08012331,-14.57935695
"tree_191064",30.75265003,-27.48003048
"tree_3553995",28.33368198,-15.09455006
"tree_132086",30.00488373,-31.22276271
"tree_2815136",27.35703304,-16.57035017
"tree_4433645",30.75909203,-20.83556169
"tree_2834261",23.74152085,-14.29512452
"tree_3540997",25.69508917,-17.80049912
"tree_196463",26.43615891,-32.60760428
"tree_1370958",31.03829144,-8.008271489
"tree_4773003",33.29963721,-13.63704808
"tree_2834966",29.2459662,-13.90109103
"tree_4555957",30.75981321,-17.98645884
"tree_278023",28.59517071,-31.17327188
"tree_4518313",32.88907662,-18.0850799
"tree_3327460",23.84654171,-17.33840447
"tree_2187189",27.37893868,-13.76938594
"tree_2252919",24.11617038,-13.76073181
"tree_170497",25.37044544,-33.61427827
"tree_116808",32.61174399,-27.05760062
"tree_3893060",25.33459267,-16.60929377
"tree_3481006",29.89493202,-13.33740047
"tree_4849362",33.8256428,-11.0773178
"tree_2131711",25.92000509,-16.6570718
"tree_4305898",31.17701181,-17.40780385
"tree_2314306",27.28689893,-12.28159625
"tree_161049",29.11630839,-31.79997535
"tree_645653",35.84905823,-10.49426134
"tree_4601145",29.7966866,-21.90669094
"tree_3052378",23.80886041,-13.05731306
"tree_2804481",23.59494238,-16.84782331
"tree_3750162",30.66226041,-9.829411606
"tree_254053",30.76463953,-26.53249307
"tree_5042941",22.34036456,-19.21056443
"tree_4150028",31.57690227,-17.72376985
"tree_1351639",39.55435649,-9.86927067
"tree_887848",30.99132503,-3.386694033
"tree_2476398",25.88511834,-16.17000637
"tree_4267185",31.75070497,-19.76641568
"tree_283665",26.55875833,-25.8038331
"tree_4579187",32.09407349,-18.48470252
"tree_227443",20.03277329,-34.72768657
"tree_4572860",32.80677275,-18.68167419
"tree_1329861",34.36272006,-1.507214672
"tree_608968",33.43330797,-8.370302719
"tree_2715709",30.01906398,-8.611883271
"tree_201568",30.58353495,-26.4342326
"tree_4806494",33.43152173,-11.13365981
"tree_877288",34.87213885,-5.324498644
"tree_4922586",34.52202552,-14.02549244
"tree_894084",38.77530904,-7.440344012
"tree_171958",23.31834754,-33.79745742
"tree_2417401",25.16376474,-16.53753658
"tree_4209376",31.46142443,-18.12095849
"tree_221962",30.44687266,-26.07445505
"tree_992315",35.31034177,-10.42043076
"tree_4509142",30.8013708,-17.06803898
"tree_4889978",33.49552584,-12.88008188
"tree_3369296",22.66012149,-13.15386073
"tree_4199478",25.57061256,-18.21173674
"tree_3902454",29.54137681,-11.9055922
"tree_4244655",31.62224602,-18.20786041
"tree_2019554",28.2547135,-16.09040638
"tree_3159040",31.81343329,-9.80948907
"tree_249318",31.16326793,-27.92328436
"tree_1134407",35.17178635,-8.927773119
"tree_2515759",25.45701184,-15.48669046
"tree_94496",26.33032676,-27.3532835
"tree_3750878",27.70058197,-12.96734614
"tree_1812362",35.31187427,-8.171437955
"tree_2050106",24.26446164,-12.37183361
"tree_4917783",33.09806935,-13.08336386
"tree_1019400",31.22877134,-1.730419185
"tree_3529319",30.11912677,-9.010063536
"tree_4931269",33.22220126,-13.57773121
"tree_579248",33.95345421,-5.229303181
"tree_1735821",34.4682818,-6.651916438
"tree_4449120",30.90395767,-20.86152409
"tree_3934932",25.04404998,-14.41673312
"tree_20735",29.65304143,-30.91049274
"tree_111050",18.75133893,-32.70920019
"tree_4153472",32.81182096,-19.68924966
"tree_4862420",35.12366414,-16.65589813
"tree_2100346",29.62881908,-13.88693792
"tree_182915",30.75878,-30.10890367
"tree_2462419",23.01845447,-16.76200316
"tree_1292558",36.32007454,-3.336752474
"tree_4163300",31.27644355,-17.83167607
"tree_46841",26.9996655,-32.58831277
"tree_3614096",30.53353098,-10.86736668
"tree_3185240",26.48333159,-15.81888296
"tree_2286443",30.52109074,-8.311783181
"tree_165962",32.17209887,-27.88497179
"tree_2148761",26.40634634,-15.58359872
"tree_2182381",26.01186454,-15.85755611
"tree_3389003",28.44086636,-16.16117195
"tree_3267803",30.35269678,-12.14916998
"tree_102951",24.42976535,-32.95755578
"tree_177232",29.02994791,-31.95962607
"tree_1979718",35.50055123,-2.957683419
"tree_7967",32.27504633,-28.0046873
"tree_531345",36.42870127,-11.12339878
"tree_267637",28.71804057,-32.38467021
"tree_3764785",31.87293009,-10.18639459
"tree_4026923",26.0453991,-14.77020036
"tree_4093537",22.69176297,-15.4138515
"tree_2801170",27.61449191,-13.54807452
"tree_4401808",30.62459326,-19.63957854
"tree_505955",34.02241641,-1.517221013
"tree_5045770",23.5020846,-19.75289009
"tree_326900",34.47242855,-2.247774073
"tree_2937736",25.80984587,-13.02242609
"tree_2637837",27.26625535,-13.66093884
"tree_3834565",22.2061429,-16.26393978
"tree_371902",39.28481797,-8.185500921
"tree_1787109",33.74819026,-7.338387508
"tree_178067",30.91157854,-26.90462079
"tree_2907274",23.78434052,-17.0198242
"tree_1931861",29.81139537,-4.698696652
"tree_2796510",25.03602692,-14.89496411
"tree_4670755",35.22399734,-17.02414952
"tree_3408326",32.43229013,-14.16720562
"tree_1078426",30.7692938,-7.749368677
"tree_4529493",27.81373117,-18.66707034
"tree_913066",39.1138999,-4.923253374
"tree_69810",27.65178622,-31.27225353
"tree_3699708",23.42122976,-15.58341842
"tree_3491849",25.67561749,-14.11699362
"tree_121619",26.15967919,-33.24079834
"tree_87001",28.11090301,-31.09862999
"tree_5012142",34.14692539,-12.4257399
"tree_166188",28.57605963,-30.540799
"tree_2950170",26.17719352,-16.32082267
"tree_1127095",34.10399914,-4.106068837
"tree_228081",27.82775245,-32.00298688
"tree_1683526",37.77459094,-7.535539475
"tree_4932440",33.67789247,-10.66597604
"tree_1019584",30.95229153,-7.477214224
"tree_517484",38.82398823,-8.594318557
"tree_223033",29.90716478,-30.79212944
"tree_3784986",28.76431258,-15.42232534
"tree_1999651",37.76169996,-4.590429843
"tree_140716",25.63962328,-29.21076693
"tree_4586246",31.77991248,-17.78624187
"tree_2217360",28.28806777,-13.42980137
"tree_2772593",26.65037335,-14.67843049
"tree_4530432",31.46196531,-18.24157547
"tree_2948562",33.17816361,-11.07921264
"tree_4752507",35.63127981,-15.94508731
"tree_3573969",23.39905368,-14.57295825
"tree_3765198",25.14807922,-14.65364001
"tree_1019188",39.31357476,-7.925426195
"tree_1851156",34.29222537,-1.989051556
"tree_49703",32.64807308,-26.89191003
"tree_4224121",31.577353,-17.64885751
"tree_2462592",28.58645322,-12.96968997
"tree_261745",28.92754134,-31.8306254
"tree_718192",38.84589387,-7.674997222
"tree_1662064",39.4840421,-9.810314389
"tree_3263982",28.96768345,-10.46621156
"tree_216447",27.46491226,-33.20356754
"tree_3221370",27.44573735,-13.13997806
"tree_4414441",31.2363283,-17.44070758
"tree_275996",31.90084766,-28.18002364
"tree_565614",30.64714508,-3.982116412
"tree_3869882",30.39461497,-9.87917287
"tree_4516410",31.84166292,-18.32604342
"tree_1088289",38.17159684,-7.328471314
"tree_753071",38.90025231,-5.591875294
"tree_2367086",30.83182629,-9.277710628
"tree_174235",29.93817522,-29.53475604
"tree_1955062",35.15474863,-5.65975615
"tree_1317772",35.06288919,-10.48741015
"tree_47616",21.76548168,-28.58568612
"tree_3254258",29.13012774,-13.89739499
"tree_3964198",32.15599061,-10.01376267
"tree_587369",32.19712679,-6.022057822
"tree_1449223",35.2597695,-10.37752069
"tree_900454",32.21506597,-6.433579874
"tree_784299",29.96356294,-6.162957924
"tree_2776816",23.35686504,-14.47334557
"tree_2587327",28.27490635,-12.86142316
"tree_88061",30.64708832,-25.25159124
"tree_667310",33.74124897,-9.023689759
"tree_3029",28.38449804,-31.2116746
"tree_920639",39.02023752,-10.61749258
"tree_2188919",26.17620191,-16.02243538
"tree_4727407",33.84376227,-10.75621341
"tree_4991433",33.60811898,-12.98032559
"tree_2048846",30.56030454,-11.6931152
"tree_2877153",28.47863781,-14.57863752
"tree_1204646",31.55429094,-2.561215952
"tree_35787",30.66556838,-27.46010795
"tree_128214",31.06717162,-27.6803376
"tree_74335",28.45859857,-31.0284053
"tree_2532505",27.88060485,-12.93372123
"tree_2219808",29.8861878,-10.37597419
"tree_4378732",30.82850494,-16.82058487
"tree_1346505",37.19323511,-2.861225896
"tree_4170411",30.82399761,-17.21047159
"tree_1287755",38.35360295,-8.347765914
"tree_292171",30.27261922,-24.59432787
"tree_1068115",31.17873994,-8.053435246
"tree_280337",29.4759033,-31.06671787
"tree_3509172",31.57724904,-10.39057804
"tree_2102674",26.85653877,-12.83149428
"tree_2903978",27.82696759,-12.50164561
"tree_2897799",29.1352661,-13.86367993
"tree_243944",28.94268598,-31.66646732
"tree_4424920",31.30907663,-20.08995404
"tree_4486634",30.16214104,-20.03586571
"tree_497549",32.22164668,-6.245532776
"tree_2805794",27.01663924,-14.2309397
"tree_159627",25.02437253,-33.93321913
"tree_2875285",24.25688932,-12.72665306
"tree_795523",38.99400484,-9.225168793
"tree_4054193",27.67362812,-12.39896792
"tree_4996755",33.14422442,-13.19307302
"tree_2099485",30.96172763,-11.27167696
"tree_1948542",37.93415053,-5.500826604
"tree_2446929",29.33025333,-13.70700407
"tree_4137814",30.52308815,-17.67932727
"tree_3449808",23.35956944,-14.14052204
"tree_627643",35.82643142,-10.23662059
"tree_1537250",37.73014863,-8.377694791
"tree_233850",27.35295014,-26.87910913
"tree_910248",35.92613362,-10.39518954
"tree_3569807",26.34838203,-14.53789098
"tree_2389907",25.46476445,-17.12755013
"tree_3503982",26.36496902,-17.15811004
"tree_1250088",38.79487086,-5.861235184
"tree_153714",25.17545828,-32.29839932
"tree_734601",34.20847912,-6.391481123
"tree_69505",30.18625875,-23.23418664
"tree_32059",25.02311047,-33.90410158
"tree_4449213",29.84194021,-19.55754457
"tree_5029023",28.20242172,-21.89767272
"tree_839269",37.30510712,-9.241305145
"tree_1963309",38.66361732,-6.455305354
"tree_2383233",25.87475147,-12.47451129
"tree_3631291",26.10967367,-14.28692112
"tree_725220",31.7591943,-1.21621945
"tree_1250851",37.65199148,-8.226517905
"tree_1245142",33.58592627,-4.826525408
"tree_671809",33.95201187,-1.587716138
"tree_4355633",31.90133999,-18.16873652
"tree_249286",31.75390865,-28.78040411
"tree_245150",19.38506975,-34.54703154
"tree_372792",35.20252637,-8.168643391
"tree_2515752",24.6355053,-14.35840787
"tree_3819944",30.40119568,-12.53310699
"tree_3168464",30.30491904,-13.56898868
"tree_4400826",31.97444891,-17.71809057
"tree_230203",25.82821003,-33.4755417
"tree_4489729",29.89016866,-20.87017822
"tree_4460001",32.74060512,-18.76866626
"tree_4283370",31.02917134,-20.17460228
"tree_982436",36.5211016,-3.242999366
"tree_3834354",24.96120519,-14.35444139
"tree_125052",29.87480214,-30.68034689
"tree_4179300",30.01826702,-20.02234363
"tree_548519",33.58241055,-7.13411391
"tree_3685805",25.01457202,-14.70998202
"tree_183682",28.01805198,-24.88415118
"tree_4953376",33.76181899,-11.04134906
"tree_1260732",32.94354115,-2.458267828
"tree_3529522",28.38154986,-12.90460367
"tree_4354048",32.78072037,-18.00475873
"tree_1185833",38.74907636,-7.448457262
"tree_1949280",38.40967417,-5.429880742
"tree_4876649",33.92552527,-10.82066867
"tree_1044944",31.65841033,-1.370100753
"tree_4571747",29.33919245,-16.4903756
"tree_716927",32.02314373,-5.999070281
"tree_1812432",30.47830038,-4.947593123
"tree_3866314",30.39849128,-13.13817512
"tree_285375",26.24730172,-33.61788416
"tree_2347012",25.13131194,-14.12123054
"tree_1021436",35.18900437,-11.00692857
"tree_64630",31.12423444,-28.95528972
"tree_218135",30.26874291,-30.59434645
"tree_4852916",34.52112406,-15.80986649
"tree_3886059",25.04314851,-11.38823731
"tree_1763784",31.13069177,-1.571940375
"tree_545794",38.44077477,-9.626233769
"tree_78211",30.89084481,-29.22762446
"tree_3375452",28.4776462,-15.25474166
"tree_39449",31.5278209,-27.63174825
"tree_3515536",23.97941789,-13.27763286
"tree_3970036",25.32233272,-14.21173834
"tree_2709429",32.82929603,-12.48361616
"tree_831287",31.024499,-2.001672166
"tree_939909",36.50000728,-4.0716326
"tree_2942032",29.26615905,-11.73350116
"tree_3406648",33.3622431,-10.6043171
"tree_120916",21.10155174,-34.04419035
"tree_4579362",31.70022286,-18.81446105
"tree_4192280",30.9620121,-17.49975401
"tree_4194515",31.40030502,-22.17803407
"tree_141997",29.09025601,-24.19984364
"tree_2028015",25.70798014,-16.7718292
"tree_2179141",31.23018439,-10.45494316
"tree_4236152",30.10219353,-19.70430424
"tree_4096162",31.53280673,-10.33126117
"tree_1087763",37.54760164,-8.502638836
"tree_131876",23.62142051,-33.86317474
"tree_516881",39.71950518,-9.827802949
"tree_4375496",31.91909888,-18.33118181
"tree_1289103",31.6119848,-2.324940092
"tree_4178412",30.45322451,-17.83609328
"tree_259555",29.81485463,-30.70820238
"tree_256885",30.90535842,-26.23302401
"tree_133093",27.31815354,-24.3082006
"tree_3246943",25.53670149,-13.3428093
"tree_815690",38.84895886,-11.16766106
"tree_232781",28.64357945,-31.99992188
"tree_4551430",30.04504057,-20.90425387
"tree_2717910",26.73312799,-12.36381051
"tree_3383025",25.80038047,-13.95725275
"tree_478981",31.44277952,-8.133395829
"tree_1448968",37.54949472,-8.11843139
"tree_4691799",33.0297382,-13.27077993
"tree_137355",29.47346934,-31.20275002
"tree_2594691",31.91953591,-11.28501874
"tree_1214327",34.9842813,-9.249869131
"tree_271059",28.95756017,-32.18174882
"tree_154009",27.21809078,-33.3524006
"tree_1673127",37.21288708,-9.219309224
"tree_886060",33.28195172,-6.321707176
"tree_206940",28.22502865,-25.78859822
"tree_2135753",24.49694988,-13.221381
"tree_288972",30.74724123,-29.86126926
"tree_4482476",30.82868523,-16.58466959
"tree_4577223",30.52678417,-17.02990671
"tree_1992429",35.73213801,-10.26763123
"tree_4324611",27.54581538,-18.79958676
"tree_3073292",32.03672658,-10.93317415
"tree_81408",30.82359543,-25.12727823
"tree_4081228",25.27906232,-17.34173992
"tree_310998",36.17908516,-10.24022647
"tree_750214",37.12174881,-10.6640987
"tree_42878",30.84459959,-27.25682597
"tree_147925",26.45094296,-32.75553586
"tree_1432876",36.53119802,-11.12601304
"tree_4200234",32.78342477,-19.86557762
"tree_3734891",22.80237292,-13.12375156
"tree_3359537",28.3088015,-14.28025023
"tree_40258",27.94377116,-31.64393051
"tree_192520",28.94728345,-31.86839709
"tree_4765375",35.22282543,-14.16359798
"tree_3376219",24.97031001,-11.84672606
"tree_2601092",27.9995083,-13.20181905
"tree_2582389",22.48631872,-15.13881234
"tree_234678",26.98524204,-32.51826839
"tree_1822245",38.45384604,-6.371648735
"tree_6803",27.57272763,-26.67177052
"tree_1391541",36.03503079,-4.353432805
"tree_1443051",30.63245117,-5.173411906
"tree_111434",29.810167,-29.99405612
"tree_2194038",27.11282573,-11.64759086
"tree_4917006",34.76956817,-15.85052288
"tree_125173",31.76670948,-27.98683815
"tree_3873132",24.52958297,-17.19714378
"tree_2904833",24.25220169,-11.30638364
"tree_105099",31.03877543,-27.18723232
"tree_335964",38.43942257,-8.120234335
"tree_4282557",32.49207086,-20.89641106
"tree_588096",35.06478227,-5.123290052
"tree_583391",32.61757082,-5.682383102
"tree_3786847",24.51588068,-13.45954995
"tree_2345433",31.89204118,-9.835000733
"tree_4518875",29.92514555,-17.50480225
"tree_4446337",29.86114144,-20.94094379
"tree_4821200",35.0445154,-14.27060273
"tree_228072",30.35582456,-25.73099415
"tree_835268",38.19900142,-5.591965442
"tree_88361",29.25134804,-31.60904354
"tree_436773",35.96913358,-10.67590798
"tree_299088",31.5121023,-1.611064268
"tree_4389338",32.29879648,-20.29476852
"tree_572878",35.70500386,-11.44675685
"tree_57373",30.37430462,-30.30028622
"tree_970371",33.91261777,-8.425112228
"tree_3537194",27.37650472,-13.49930488
"tree_185826",25.88085566,-33.38927081
"tree_1834356",35.6633561,-8.24517838
"tree_4258721",32.64261573,-20.50580316
"tree_769056",32.02584813,-6.461345218
"tree_3849796",29.42634967,-11.97897203
"tree_1278403",37.01916191,-6.967882439
"tree_4833525",33.72675195,-13.40509928
"tree_4835911",33.22788049,-13.19172082
"tree_4304450",31.43942865,-16.45891422
"tree_94370",30.5579333,-24.79012763
"tree_3131142",26.86997062,-16.11321363
"tree_286240",29.61319661,-28.26575364
"tree_3222691",31.17366243,-11.56483571
"tree_3923217",26.75936067,-12.9653629
"tree_191719",32.42396856,-26.93274672
"tree_2447512",24.92902283,-11.28610051
"tree_4947928",35.23806021,-13.92777286
"tree_243439",21.00221016,-33.89292332
"tree_4156438",32.81218155,-18.1969526
"tree_2376873",33.16941939,-11.27384049
"tree_3429145",23.67931965,-15.9390492
"tree_2606208",27.85842877,-13.3462349
"tree_4728648",33.88432826,-14.14710104
"tree_3017718",30.12507645,-13.3624614
"tree_3692405",26.61828114,-12.02296388
"tree_1136516",34.01213969,-7.517419884
"tree_155232",27.62122652,-33.07718114
"tree_1770787",33.66255093,-9.107075937
"tree_4209506",31.77225001,-17.32856444
"tree_2643520",32.31491918,-12.00854032
"tree_1639384",39.10740934,-10.13421335
"tree_5023641",25.555896,-20.55060283
"tree_2963375",29.75727807,-13.96924233
"tree_2362384",27.00645267,-13.36237125
"tree_1697663",38.60925888,-7.66111455
"tree_4224978",29.63451281,-16.38751763
"tree_2862499",26.99860991,-16.36274113
"tree_2885139",28.67227284,-13.66508561
"tree_4785279",33.74306849,-10.92830445
"tree_1508",30.42136116,-26.39501856
"tree_3273708",29.5552594,-10.26500297
"tree_1546702",37.16078231,-9.502010901
"tree_3189482",28.53488933,-13.16503899
"tree_2404900",27.54345634,-16.28314113
"tree_2424577",23.71447685,-14.23066926
"tree_3307429",24.62892459,-14.35326948
"tree_238035",30.85397484,-27.72135459
"tree_137931",26.31635404,-31.86262766
"tree_4072900",25.56239328,-15.76380301
"tree_424196",32.33072414,-6.918031027
"tree_737342",31.59647958,-7.039459331
"tree_3292145",23.33595102,-16.56683443
"tree_3306511",28.2682355,-13.89000292
"tree_269844",30.26973453,-25.11303497
"tree_3278133",28.11769058,-12.94571081
"tree_839323",37.22343424,-8.606939168
"tree_72920",20.67263407,-28.79816312
"tree_2059056",26.56428329,-12.62676995
"tree_2116344",24.91928699,-12.79660731
"tree_98754",29.5306223,-29.09132187
"tree_146623",29.85857574,-29.98846699
"tree_1147439",38.72239294,-7.387878331
"tree_3486492",26.05197981,-16.08409607
"tree_170186",25.3098669,-30.48148213
"tree_1652892",36.52741186,-3.283655762
"tree_143208",30.523317,-29.72352431
"tree_3158906",25.5902486,-15.73585737
"tree_4891821",33.39113604,-10.90721
"tree_2094881",27.63306212,-12.4061797
"tree_1722268",37.13121421,-10.86386493
"tree_2789797",24.61414054,-17.18263008
"tree_777979",39.19881806,-8.219215981
"tree_5000087",34.78732706,-14.92245727
"tree_1862961",39.15031915,-7.418979121
"tree_1723898",36.27527165,-5.467832722
"tree_2411861",26.85671906,-14.41060311
"tree_189587",30.79754305,-28.6656467
"tree_4386372",30.73934992,-17.95815262
"tree_2358580",26.36199418,-14.65219765
"tree_3430423",25.0015909,-13.68618006
"tree_4128651",24.90603544,-11.8114785
"tree_1274255",31.24716126,-6.154484086
"tree_1665831",40.05836648,-10.73342191
"tree_3421569",27.46980651,-13.14764058
"tree_4880319",33.69763459,-10.53490199
"tree_169021",30.71938592,-25.80509516
"tree_3142791",24.93479222,-17.38816574
"tree_82404",21.09325825,-34.03896182
"tree_3657291",24.20974261,-12.51886373
"tree_1480533",38.74826504,-6.715470227
"tree_1654049",39.28977604,-8.941114907
"tree_230313",28.73886444,-32.34897191
"tree_2796726",24.54995612,-15.32280281
"tree_2771142",29.35910026,-15.26979625
"tree_1898841",31.04351995,-6.687434442
"tree_3557911",29.84435975,-13.44963376
"tree_137610",26.62952343,-25.56566415
"tree_239303",28.11658225,-32.4026095
"tree_199751",30.28830473,-25.59063493
"tree_3351539",28.25651644,-15.60595523
"tree_1631617",38.37532829,-6.212538894
"tree_4314072",30.24832122,-19.51815024
"tree_94865",28.27569105,-32.29443284
"tree_1208123",31.23913821,-3.800830355
"tree_5045470",24.85049837,-21.28431104
"tree_1815913",31.94255261,-6.381474782
"tree_4401747",31.64189799,-17.73720178
"tree_4276274",30.91946289,-17.97302691
"tree_260278",30.70297923,-27.16965361
"tree_478067",30.54825419,-6.073892472
"tree_824360",39.09433807,-7.660573667
"tree_107908",26.20069591,-33.25017365
"tree_4214231",30.00979324,-17.77659612
"tree_4238340",28.25463834,-19.46135749
"tree_231982",31.42487345,-28.81592212
"tree_1164985",29.77515641,-4.53931637
"tree_409621",30.7978703,-4.703744897
"tree_1832033",32.0914749,-5.632261248
"tree_2259905",30.05106604,-13.38211349
"tree_2781067",25.36947943,-13.87017053
"tree_1819511",32.67201941,-5.944441066
"tree_824814",38.30961138,-9.753701936
"tree_10142",30.82287425,-27.41178904
"tree_3229502",30.17961518,-8.386515225
"tree_25297",31.1425342,-28.29225692
"tree_4587869",30.54896024,-17.25644667
"tree_4246938",30.29573835,-21.60118202
"tree_4211514",32.18521173,-18.74495754
"tree_4473",22.05593412,-34.06573554
"tree_4499002",31.31556718,-20.12466072
"tree_3965396",29.24019682,-11.67472517
"tree_27937",31.10692629,-25.24248637
"tree_1278944",38.2105402,-10.75217253
"tree_1412017",34.59457727,-9.640386882
"tree_4237730",31.33963633,-22.0780608
"tree_3677792",31.0055389,-11.09354605
"tree_3860332",31.56724276,-11.31053041
"tree_2863821",25.31809583,-13.82572795
"tree_4311803",32.90115627,-19.93463039
"tree_1921219",34.64433823,-9.530226981
"tree_2774508",27.92225261,-13.97699499
"tree_3639063",29.69237247,-9.954265503
"tree_3031783",25.56834296,-12.08246104
"tree_4992232",34.05930287,-11.10463241
"tree_197459",31.32003292,-27.80374915
"tree_4282543",30.1808014,-19.36562114
"tree_4145818",32.8522968,-19.84177875
"tree_3816797",28.61836514,-11.93759446
"tree_291318",30.68179478,-26.72432635
"tree_3104255",24.93344002,-17.40610503
"tree_1719818",32.39031109,-7.086606326
"tree_924394",36.78550176,-9.655261173
"tree_396668",31.76216914,-2.685709261
"tree_3043593",24.04369246,-15.04668188
"tree_4859008",33.21057234,-12.90937973
"tree_1753478",38.88195254,-5.080650418
"tree_1095129",35.26319507,-6.894953339
"tree_4709970",33.35579856,-9.950567718
"tree_1114464",30.78606108,-5.236064222
"tree_4357437",31.19080425,-16.11085581
"tree_411114",37.87050699,-8.363721972
"tree_2203245",29.49026366,-13.78579274
"tree_1504820",38.28923823,-8.567454686
"tree_1274468",31.47532246,-2.384437256
"tree_4482916",31.49874514,-18.08895623
"tree_4366993",32.45682353,-19.26249272
"tree_1988018",37.57599784,-8.625960231
"tree_4032910",25.0460332,-14.17459769
"tree_81042",28.6529547,-32.06446729
"tree_1983681",38.02763262,-9.679510775
"tree_84765",30.06906813,-30.2815356
"tree_2695469",31.01608606,-9.766038111
"tree_1911626",31.26266649,-1.48458772
"tree_2490941",30.32384984,-9.082812341
"tree_4727493",33.96627155,-10.81516969
"tree_4159070",29.92081851,-20.21264441
"tree_1974743",37.81777119,-8.362459911
"tree_36110",29.27154088,-24.53555188
"tree_2282464",25.03503531,-14.64435485
"tree_2138164",26.5735684,-14.6895186
"tree_3022269",28.08920423,-15.34038152
"tree_146515",29.66421961,-28.04354075
"tree_3950882",28.34486016,-15.01449933
"tree_1045515",31.75658005,-1.156541992
"tree_4480778",32.99247481,-19.73901092
"tree_4800200",33.89947289,-12.63172629
"tree_39948",27.17067366,-33.08574513
"tree_3881813",27.76674962,-13.9504917
"tree_4225708",31.05576459,-18.51030433
"tree_4222819",31.24480208,-17.46099071
"tree_4617275",34.05443495,-11.09480636
"tree_4159164",31.40120648,-17.66688695
"tree_3425427",27.29086539,-13.36029786
"tree_4410486",29.45503087,-19.80022088
"tree_174291",28.08178565,-32.31868244
"tree_2250978",24.23471324,-12.3884207
"tree_673654",31.25401241,-5.39075685
"tree_4660855",33.29909633,-10.89467954
"tree_3368666",31.64359698,-12.77046461
"tree_4351917",29.52967228,-17.15737487
"tree_441531",38.23442906,-6.775778716
"tree_4653552",34.83835005,-16.24960462
"tree_3875572",22.39887646,-14.6524681
"tree_3430588",26.52903594,-15.627861
"tree_1969900",32.56068828,-3.489011126
"tree_4984263",34.16252076,-13.32054119
"tree_2603217",26.62576331,-15.56692148
"tree_71321",25.14949605,-32.35365956
"tree_4123440",27.9253176,-15.17667417
"tree_1301421",38.87582256,-6.434481347
"tree_3820059",30.1873678,-10.62117463
"tree_3449746",29.71355694,-10.70122536
"tree_4609279",30.5003712,-17.54654042
"tree_4096422",25.13536854,-15.09743477
"tree_4492312",28.38255641,-18.82401665
"tree_4549942",31.25688173,-17.12284849
"tree_4537655",29.11680071,-21.84259627
"tree_3464723",27.01357425,-16.40970783
"tree_3736649",28.70788077,-13.03748067
"tree_4886254",33.41845047,-11.05667409
"tree_2517657",24.48550126,-16.96907132
"tree_2370138",29.1878216,-11.53328418
"tree_19288",21.85770168,-34.1206352
"tree_3993443",26.30754559,-14.5761134
"tree_112251",29.86849187,-29.88867402
"tree_4118716",28.49856022,-13.01800887
"tree_4720372",34.2697051,-15.84439287
"tree_3660193",24.68265201,-13.08165281
"tree_476122",34.28059645,-7.680406055
"tree_1496631",34.51047044,-2.576991715
"tree_3832360",24.92947357,-14.66364635
"tree_4913784",33.90497184,-10.49695001
"tree_676332",37.19990596,-11.1096964
"tree_5019745",25.65442631,-18.6685092
"tree_4816811",33.67771218,-14.48641517
"tree_2185852",25.88863405,-14.34263211
"tree_1737029",37.75647146,-8.68789137
"tree_5560",28.31165956,-23.97772089
"tree_5150",30.46544286,-26.53943441
"tree_2171573",24.89242329,-14.24581399
"tree_1825254",35.06595417,-9.742343386
"tree_4453922",25.60369637,-17.88964073
"tree_166441",29.64555926,-28.19057086
"tree_192114",26.4684314,-33.75562911
"tree_2537054",26.15005938,-14.72656911
"tree_261077",30.70108615,-27.12358838
"tree_2053200",27.94343708,-16.03577716
"tree_3463212",26.81209646,-13.80535468
"tree_1488517",30.19992748,-5.376062853
"tree_119058",27.95377744,-32.25891484
"tree_922486",30.858539,-6.66417646
"tree_966923",31.25563505,-6.194689745
"tree_1687838",29.98546857,-4.930555299
"tree_4522358",31.13590495,-19.84980185
"tree_290926",30.50907383,-26.0648093
"tree_1060361",31.16341501,-3.497124376
"tree_4482868",32.77684407,-20.37950691
"tree_3197633",23.67796745,-16.97538162
"tree_72542",31.71559634,-28.07635434
"tree_2526048",27.32169555,-13.51661314
"tree_4463419",30.73493274,-19.386355
"tree_2202630",23.16683588,-16.7053907
"tree_4333277",31.62567159,-17.54239364
"tree_1998028",30.62028137,-7.419880593
"tree_3386738",23.72105756,-14.25870504
"tree_1363273",37.1476209,-9.25509767
"tree_2547393",27.57554855,-12.36462183
"tree_249748",25.64710545,-31.58226981
"tree_4311037",29.16070212,-21.63679017
"tree_3156381",24.99095359,-14.52031227
"tree_777187",37.18367956,-7.975998785
"tree_2588745",30.00292773,-13.41492708
"tree_1538246",32.64704878,-9.008635174
"tree_52735",28.35925698,-30.27053764
"tree_3729987",29.25029324,-11.74458926
"tree_3518406",27.76674962,-12.61640302
"tree_3563813",29.8753702,-9.976171278
"tree_3389287",31.09992246,-12.57006735
"tree_860671",39.59852836,-10.33605297
"tree_31795",30.53043858,-26.29802015
"tree_2107570",29.34242313,-10.631812
"tree_744259",36.98048899,-9.398612042
"tree_4709261",35.30224461,-15.25401874
"tree_4881687",35.22841452,-17.03983514
"tree_3800150",29.42616938,-10.54635244
"tree_1687970",32.08011642,-5.58682705
"tree_2001250",40.11299536,-10.2832267
"tree_739117",39.21062727,-8.21858495
"tree_1024632",31.02621179,-5.389584936
"tree_2782713",22.74251554,-16.37058393
"tree_3905545",30.91953899,-10.25382471
"tree_2687335",32.48863179,-14.2212038
"tree_23700",29.58290735,-25.43630289
"tree_451271",38.93108247,-5.521109728
"tree_4101043",22.20443011,-16.35570964
"tree_3406140",28.38245132,-13.11581861
"tree_244306",27.73012365,-24.0214423
"tree_4650653",33.95175794,-10.43186372
"tree_115195",24.11722698,-33.94818357
"tree_4330245",30.51344246,-16.08489341
"tree_4226081",29.16647151,-19.82257739
"tree_3671953",25.61945612,-17.57666357
"tree_3593864",23.91216848,-13.83537371
"tree_59747",30.34717048,-28.68115203
"tree_2060711",32.42147253,-9.859250335
"tree_5047749",24.43023463,-21.04046282
"tree_1079185",38.95470089,-9.313242626
"tree_53638",30.42848274,-26.92012611
"tree_4508447",32.89989422,-18.13502146
"tree_198603",31.0636559,-25.34985171
"tree_4180699",32.13950739,-18.74171224
"tree_3506302",22.65931017,-16.38536808
"tree_1716556",38.80749139,-8.677344146
"tree_625219",36.9152228,-9.404111022
"tree_866951",30.81292479,-1.348645715
"tree_2491607",29.3270982,-9.119592406
"tree_4370412",31.53804907,-18.04207968
"tree_4369129",29.67616056,-19.43530494
"tree_3273107",26.64271089,-12.52373168
"tree_1021042",38.74438873,-5.918839256
"tree_4405899",31.77387265,-17.54608968
"tree_142969",31.2482762,-29.00811599
"tree_2911753",29.613404,-11.73503366
"tree_4491556",30.51335232,-17.37715379
"tree_4229407",31.22019205,-19.53167232
"tree_3307621",25.03602692,-11.69374623
"tree_3567839",29.03240876,-10.35812504
"tree_1228362",31.67842289,-8.351732392
"tree_3349810",23.39400547,-15.01314712
"tree_4476217",29.51912513,-16.12410745
"tree_2847566",27.41508749,-12.44521345
"tree_4156210",31.19576231,-19.433502
"tree_1698489",39.83083631,-7.830140585
"tree_2113639",22.45206299,-15.4203421
"tree_20507",27.30733595,-33.02246178
"tree_4564739",30.62315091,-17.3284743
"tree_4749331",35.17522801,-16.42304787
"tree_3170786",28.32439687,-15.53726305
"tree_58152",30.00452314,-31.22150065
"tree_4955401",35.63136996,-14.56601516
"tree_493768",36.53264037,-11.37833511
"tree_681536",34.64046193,-5.737733494
"tree_39170",32.02272591,-27.2024672
"tree_4692117",33.97348328,-10.79650922
"tree_4734151",35.68960468,-15.97745016
"tree_4211609",30.51299173,-18.2633911
"tree_2150579",28.1926926,-12.90965192
"tree_4252739",30.83238124,-18.3945553
"tree_4648732",35.55555665,-15.9601419
"tree_2694644",27.91738469,-12.84799122
"tree_2666064",26.74971497,-16.50724712
"tree_855599",39.45303164,-9.849348135
"tree_2697434",31.79729704,-9.41248072
"tree_4165503",31.7660299,-18.68356729
"tree_1778359",30.05830708,-4.60800855
"tree_186266",29.38494535,-28.97999005
"tree_4836210",32.96068588,-13.59684242
"tree_1011759",34.30727986,-5.63577699
"tree_1833448",39.32015546,-6.201540934
"tree_4716048",33.87080626,-12.58169459
"tree_1160884",36.58979335,-7.123566686
"tree_341192",34.97562722,-9.216694954
"tree_376969",38.02970599,-4.204058864
"tree_188484",27.16084767,-33.37052019
"tree_632913",31.64182335,-1.128235765
"tree_2026879",32.60537172,-13.21903717
"tree_3838876",28.90881768,-14.02720699
"tree_271080",22.7280674,-33.30660581
"tree_56623",30.62004433,-30.47823683
"tree_244218",26.51107076,-33.41252879
"tree_2218045",28.58672366,-14.17180313
"tree_4659486",35.06407721,-16.76227185
"tree_87595",28.21808736,-31.41874276
"tree_1915552",36.17953589,-10.5652072
"tree_4398674",31.69084761,-21.22779224
"tree_4199443",32.87032612,-19.68275906
"tree_196601",25.85065654,-33.5774982
"tree_199016",19.92504807,-34.59066279
"tree_79868",30.31886444,-30.73650861
"tree_2316184",24.86628076,-14.57313854
"tree_1581120",36.19278745,-10.54889055
"tree_4783191",33.24203351,-13.10202433
"tree_466944",36.90025846,-11.29783364
"tree_1993168",35.9322636,-10.08400134
"tree_109509",30.86091613,-27.20472088
"tree_853867",38.29338498,-9.006381493
"tree_2756738",30.2007095,-10.23056673
"tree_2281146",24.64506085,-14.762628
"tree_1040139",38.74628181,-6.234985552
"tree_2279769",31.21179447,-10.39120907
"tree_1185113",31.45891577,-4.994289382
"tree_2341436",25.73673693,-15.18271404
"tree_4222254",32.52470394,-19.00232785
"tree_3230724",25.60881881,-16.44360318
"tree_3736599",25.20171649,-11.37038816
"tree_2461992",30.38361708,-12.15394778
"tree_743252",35.74277531,-5.716909487
"tree_418",19.00203671,-33.66773557
"tree_4575049",32.15140674,-18.41862461
"tree_5031042",26.59420526,-21.79174974
"tree_3712618",27.86996755,-13.4773991
"tree_4758107",35.70375771,-15.92723816
"tree_4447629",31.35784595,-19.24761843
"tree_608515",31.79137666,-8.532838154
"tree_100971",31.09556781,-25.23085738
"tree_4449767",30.32701923,-18.75983183
"tree_1359729",30.31801961,-6.209744331
"tree_107769",29.8583053,-27.46416457
"tree_157979",30.36510966,-27.37789369
"tree_3780442",27.45087571,-12.12194552
"tree_3929937",27.62395731,-15.95248113
"tree_4361083",31.57708256,-20.61208673
"tree_4486730",32.75484829,-20.19073863
"tree_4189576",29.75287534,-21.59910863
"tree_854397",36.79965478,-9.701146107
"tree_4274035",29.59304536,-20.40123239
"tree_3971594",24.48063334,-16.98205252
"tree_105381",29.04978017,-30.03940017
"tree_4810995",33.81311242,-11.77686022
"tree_278166",31.07294101,-27.36969029
"tree_4013425",25.05090112,-14.18857051
"tree_4394237",31.81524996,-17.81229442
"tree_3341073",32.35151872,-9.866371965
"tree_1853172",31.42186549,-2.326202153
"tree_3752664",28.43158125,-14.35011432
"tree_89244",31.90643675,-25.94265982
"tree_4589956",31.04548788,-18.91335255
"tree_3019646",28.13797357,-13.44197124
"tree_2597773",29.80298243,-10.48541292
"tree_187074",28.68162133,-31.99072686
"tree_2343275",28.25309086,-13.88495468
"tree_4236763",31.13211879,-17.40158369
"tree_4484971",32.19666035,-18.71358631
"tree_1177492",31.66634324,-5.285825487
"tree_1144834",38.6749758,-8.470997162
"tree_1501078",36.95623954,-8.387250396
"tree_108687",26.35006888,-27.85468233
"tree_413689",38.41445195,-4.496676735
"tree_1926099",37.26832728,-8.45161551
"tree_1481103",36.8802459,-11.36859921
"tree_224588",30.47301518,-24.41908168
"tree_320036",38.90205524,-7.817069238
"tree_3257133",31.18294754,-11.48171998
"tree_988475",33.76766194,-7.050006555
"tree_815453",39.32267957,-6.938224004
"tree_2079187",32.81343022,-13.24022177
"tree_3760053",26.26598798,-12.37607053
"tree_2940676",24.01854154,-14.17477798
"tree_3766768",27.51280647,-13.8452899
"tree_3935588",23.43177692,-14.56538588
"tree_4201380",30.90368723,-18.58692947
"tree_38295",25.62132351,-32.67052704
"tree_273774",30.6625034,-30.18525837
"tree_1043891",37.44194975,-8.487043367
"tree_856666",35.35820965,-10.46883982
"tree_2125596",27.1027293,-17.23924253
"tree_3658932",25.83409532,-13.18730535
"tree_4922888",33.54402473,-12.43132903
"tree_2806870",31.35855323,-13.74820135
"tree_3542834",27.11201441,-11.82112425
"tree_4100751",26.03926913,-16.61271936
"tree_3628722",22.17612406,-15.12952718
"tree_3380402",31.62187164,-9.158716299
"tree_1642128",36.2185694,-10.6219098
"tree_4292788",31.14744372,-17.83447063
"tree_4603991",31.77720808,-16.77109404
"tree_4002835",26.8204801,-12.32883339
"tree_248625",28.2088924,-32.32562378
"tree_4577835",31.36235329,-22.06625152
"tree_4160088",30.21749108,-19.48596768
"tree_131060",30.64231055,-26.25060272
"tree_216285",29.74958847,-29.85441808
"tree_1938658",39.53407349,-10.05208923
"tree_545397",35.39841506,-3.202793707
"tree_5034370",23.67056871,-23.85594075
"tree_1512354",31.57015675,-7.479918641
"tree_4559011",32.92071809,-19.97339369
"tree_136408",24.57454084,-31.24295568
"tree_176482",28.24675399,-32.27252707
"tree_2197628",26.15591891,-15.4285455
"tree_4878494",34.16288135,-10.52714933
"tree_4389658",30.88809186,-19.06263634
"tree_3905262",33.24216774,-11.81760851
"tree_4257255",29.65668889,-16.77109404
"tree_2247788",27.76070979,-13.8111241
"tree_1730215",31.37462864,-5.393371119
"tree_275278",19.97976707,-34.68603855
"tree_4013301",24.97896408,-11.88341598
"tree_2349783",29.29707936,-8.900083929
"tree_620826",39.05196914,-7.251575736
"tree_4702989",32.97781374,-13.34334844
"tree_643606",30.16468014,-5.078847473
"tree_4903339",35.09499751,-16.73856313
"tree_4132248",32.17827044,-18.61397363
"tree_4674944",34.22535296,-13.81662133
"tree_1913046",32.41320834,-5.967879343
"tree_3880231",22.86457412,-14.53257229
"tree_690309",31.28150714,-6.737646443
"tree_150724",20.28500356,-33.95422343
"tree_152663",19.84040038,-34.0685301
"tree_4962673",33.32875457,-11.68653271
"tree_114061",29.23115519,-25.56963063
"tree_1081601",39.47295406,-10.95022597
"tree_4338444",32.73366383,-19.93129494
"tree_1873123",35.88160117,-9.103019312
"tree_4482492",32.04512387,-17.6410147
"tree_217520",25.03365763,-31.47048726
"tree_4009788",24.10679513,-14.76109549
"tree_1051872",34.19225272,-7.565288057
"tree_2622811",30.17682064,-8.997082336
"tree_3877681",28.26589169,-14.31775147
"tree_4998257",34.15179331,-12.4274527
"tree_458680",35.82039159,-10.31919544
"tree_1485753",30.30368629,-5.439887084
"tree_4217143",32.06189114,-17.7481096
"tree_3565096",23.0554146,-13.12438259
"tree_4406959",31.38443921,-20.85584481
"tree_4074915",25.18044188,-15.24320282
"tree_45160",29.69595122,-31.26161616
"tree_3715528",27.63279168,-14.23481603
"tree_12090",30.90734165,-29.75264187
"tree_1060595",35.06225816,-8.558079375
"tree_3520605",26.12004054,-12.60657697
"tree_1372873",34.33098843,-9.339295172
"tree_1273237",35.86023641,-2.882680934
"tree_97574",31.08393889,-27.2039997
"tree_2688977",27.68588806,-13.27258462
"tree_2656401",30.62863571,-13.08003016
"tree_1941868",38.75123988,-7.115543583
"tree_4475038",29.22488652,-22.01513804
"tree_4777454",33.98790674,-10.70654229
"tree_5008969",33.99007026,-10.49072985
"tree_276833",30.62193741,-23.47379794
"tree_4482758",29.69671399,-19.54501411
"tree_172320",27.78421162,-32.1693085
"tree_2750550",29.6619029,-10.03278373
"tree_4763629",34.15963607,-10.90675927
"tree_32624",27.54225807,-31.68377558
"tree_90943",30.25062344,-30.9249163
"tree_4662904",33.87296978,-10.80516335
"tree_2057691",24.87186985,-16.61271936
"tree_3400550",30.50225009,-12.09390974
"tree_1279284",32.22912885,-6.032514899
"tree_4868589",34.07697161,-11.96328467
"tree_1042803",37.34783664,-5.088132637
"tree_410604",30.66337148,-3.882774177
"tree_4308890",30.80146095,-17.94255715
"tree_39643",31.04535614,-27.60245041
"tree_1394670",38.17033478,-7.379765081
"tree_1907790",38.55571177,-6.284836964
"tree_2470000",30.04051888,-8.99825425
"tree_3213235",27.14005002,-13.91037619
"tree_1393131",38.71770532,-6.006462353
"tree_4537703",30.75296206,-17.88567425
"tree_177938",28.78357717,-32.02849855
"tree_4764649",34.04659219,-12.01935624
"tree_3630104",25.56644988,-17.63985677
"tree_3279559",24.38246362,-11.11671389
"tree_253762",19.44573843,-34.61076562
"tree_4142758",31.71464632,-18.67761757
"tree_1263086",34.91838409,-4.866100037
"tree_2495414",24.54139219,-11.7255682
"tree_189218",24.10244293,-33.85127531
"tree_3149017",26.23380563,-15.5631353
"tree_31714",18.72754022,-34.06591583
"tree_2955576",26.33918707,-16.10897671
"tree_2931864",32.10406613,-14.29494423
"tree_4173374",28.93344247,-18.00313608
"tree_4073082",28.31538221,-13.56213749
"tree_2536651",27.33999532,-13.58485459
"tree_1087890",32.21605759,-7.062897608
"tree_2446924",24.96454062,-13.30954498
"tree_29549",31.77554385,-27.66726626
"tree_4543847",30.3665936,-18.75649639
"tree_4091179",26.2805016,-12.36335977
"tree_1727558",33.40860778,-6.310168332
"tree_4092175",26.18260232,-14.45107921
"tree_4216285",30.65587414,-17.19325347
"tree_949197",38.26706215,-8.17387193
"tree_2205312",22.76433103,-15.61262612
"tree_673958",39.18763987,-9.701596843
"tree_290770",28.91176568,-32.0203853
"tree_4848194",33.30414454,-12.97221234
"tree_4053670",31.00914477,-11.72791203
"tree_3034568",30.00887741,-9.668138232
"tree_3495040",31.24722211,-12.04622186
"tree_4451619",31.40346015,-20.06931033
"tree_1717536",31.41789904,-6.859435335
"tree_3799834",22.12257694,-13.66328267
"tree_3713821",26.33927722,-15.13809116
"tree_1962759",37.19864391,-8.258970904
"tree_2947113",26.58772142,-16.9858387
"tree_1460479",31.49326165,-5.15123569
"tree_68510",31.06753221,-27.99432037
"tree_2037037",26.39489771,-14.96284497
"tree_173552",19.52741128,-34.53441093
"tree_2625046",27.63973297,-12.93281975
"tree_4953277",34.67148864,-16.18307597
"tree_3338377",23.53724851,-16.80148764
"tree_1825048",37.23235876,-5.702936668
"tree_2847243",24.9109935,-14.22363778
"tree_1638932",38.18493854,-5.839870293
"tree_2400404",26.32683698,-15.17676432
"tree_1957396",34.58177645,-9.367150662
"tree_2460031",27.74412281,-13.60865345
"tree_136256",27.48194997,-32.89048625
"tree_1020563",39.31348461,-7.229579815
"tree_3379437",27.84472648,-13.88125864
"tree_3079561",22.71339817,-15.4690216
"tree_4320726",30.17395025,-17.28412186
"tree_4041593",28.99012997,-10.58069853
"tree_3421910",30.04475578,-13.67112547
"tree_2074526",30.30320626,-9.025118121
"tree_1524571",37.90827844,-7.290970071
"tree_3479668",27.31799953,-13.46676173
"tree_67126",29.58966834,-30.46480489
"tree_2294961",24.11571965,-16.01657581
"tree_1673991",31.73719852,-3.668494238
"tree_4045735",24.98229951,-12.48911514
"tree_286439",26.52423217,-33.02363369
"tree_3726030",30.70480964,-12.59611989
"tree_4498397",31.46746426,-18.25735124
"tree_4881466",33.63245857,-13.40203428
"tree_2904802",31.75420694,-9.902250558
"tree_2525148",25.04477115,-14.5486185
"tree_4352929",31.89629178,-18.65994871
"tree_2332625",25.33891971,-15.52923994
"tree_2518772",27.51506014,-12.75946665
"tree_2873778",22.10463776,-15.17712491
"tree_96692",25.09748144,-32.9764867
"tree_1537608",33.55653846,-4.02592796
"tree_4094531",24.71032703,-16.83862829
"tree_4222797",28.47847242,-18.52499833
"tree_3875011",22.45422651,-15.38509454
"tree_267387",25.95820147,-29.03263603
"tree_4896146",33.78868268,-11.72187042
"tree_1730738",29.7807455,-5.377505208
"tree_2585798",26.22181612,-17.18353155
"tree_809159",35.76549227,-10.24013633
"tree_2570337",24.42402123,-11.76874872
"tree_666039",35.86843976,-6.804715973
"tree_76025",26.36133721,-33.17535146
"tree_3634354",31.18646326,-12.76343313
"tree_1270326",35.92387996,-10.30134629
"tree_1721828",39.30987874,-8.835822956
"tree_1841523",34.99149303,-10.34209283
"tree_2341426",25.8442819,-12.0482051
"tree_170106",26.47555299,-32.53043826
"tree_131500",21.35675686,-34.03914211
"tree_96798",31.43641222,-28.20238015
"tree_4138900",30.81453221,-18.87972763
"tree_3318530",24.1102207,-12.81175204
"tree_9590",19.20468634,-33.34924545
"tree_69847",28.75391893,-27.00306155
"tree_3582685",27.96074524,-15.81338398
"tree_4988335",33.8550306,-10.6462338
"tree_49534",30.73182616,-28.60687072
"tree_257780",30.19482268,-26.00026389
"tree_1979422",29.87648126,-4.617564156
"tree_289994",26.79259869,-27.62489706
"tree_866463",33.93948148,-2.074330824
"tree_66071",28.95350357,-30.47463094
"tree_4109937",23.13672689,-16.5434863
"tree_72132",26.85020238,-27.76732967
"tree_2143801",26.92036261,-15.0738162
"tree_1356080",38.85418737,-8.866112421
"tree_3265569",28.50541137,-14.26979315
"tree_135750",18.76224668,-33.75698132
"tree_4005507",28.35910334,-13.01963152
"tree_4197409",30.82796406,-18.89577384
"tree_3980035",29.97038478,-13.05190423
"tree_4262451",28.80363132,-20.20588337
"tree_2795074",28.44411164,-15.12565085
"tree_3349656",28.96137319,-9.209108595
"tree_4341624",29.09814036,-18.22742236
"tree_99744",30.62437137,-30.24042847
"tree_461245",39.14265668,-7.999707503
"tree_225020",27.67982183,-31.91383128
"tree_2011019",38.4941416,-7.704745804
"tree_3377459",26.26977414,-15.82438194
"tree_420669",33.32504183,-7.981497765
"tree_538575",37.44402313,-11.60938243
"tree_303866",38.54318138,-8.915062361
"tree_2715506",26.64424338,-15.21687983
"tree_1124239",34.09264066,-4.81705995
"tree_1965333",39.17537992,-7.217680382
"tree_4835027",33.27908378,-12.89171087
"tree_4764614",34.86476301,-14.39771031
"tree_1411869",31.29160357,-2.314933751
"tree_5002565",34.81283855,-14.17721021
"tree_4602505",31.34513528,-18.83699785
"tree_1289510",36.3319739,-3.271305593
"tree_4145998",31.08623416,-16.73197015
"tree_1736060",34.85456025,-9.88675923
"tree_884619",35.35235012,-10.66680311
"tree_354715",32.44962759,-6.237149085
"tree_1045801",33.08191628,-6.357585769
"tree_4598545",31.95272357,-17.57376488
"tree_1731941",38.24236197,-7.447014906
"tree_4191275",32.47205831,-18.77822186
"tree_1628571",32.25455021,-5.9238875
"tree_3698126",30.53668611,-12.09913828
"tree_552533",38.53678097,-9.022878434
"tree_3685560",26.14897762,-13.93345388
"tree_5039253",23.18170336,-18.73278417
"tree_40114",19.79568765,-34.06104788
"tree_5033127",23.01655467,-19.71836371
"tree_4650423",33.14368354,-13.16990519
"tree_30345",28.91311788,-31.67962881
"tree_4312036",32.71770788,-18.73413987
"tree_4079935",32.95405901,-12.63308025
"tree_754009",35.73087595,-3.94587723
"tree_2634031",22.31792476,-15.19605582
"tree_4222526",30.08001746,-21.16513992
"tree_2565748",31.23757641,-11.48884161
"tree_803131",34.16511858,-9.221923493
"tree_168626",26.84046655,-24.47100647
"tree_1413417",38.25976027,-5.592145736
"tree_185827",31.14965579,-25.83754816
"tree_222655",24.65765603,-34.08692014
"tree_699469",31.60900996,-2.480624339
"tree_2001550",34.52922094,-2.226228888
"tree_718003",38.68020431,-5.959495652
"tree_2883234",25.19486534,-17.72378383
"tree_1292968",32.26356488,-6.039906971
"tree_4375623",28.85573607,-21.13259677
"tree_3429836",28.91729147,-10.45016535
"tree_2974666",32.20097379,-11.04549758
"tree_1973020",31.72214402,-1.349096451
"tree_3363013",27.5511188,-12.89919484
"tree_105917",26.51981498,-33.37646991
"tree_39537",27.57498129,-33.07429643
"tree_637879",38.94974283,-7.228678343
"tree_2841932",32.21656917,-13.07498192
"tree_1647068",36.77657724,-4.616933125
"tree_698543",31.11004819,-4.698606505
"tree_3603497",30.73609053,-11.16223823
"tree_4386669",30.44511132,-18.0528072
"tree_1846195",38.64513726,-8.425112228
"tree_1579712",37.58951984,-7.253108239
"tree_30414",26.96730286,-33.16092791
"tree_48888",30.88805027,-24.69502231
"tree_540165",37.06360421,-8.405730576
"tree_569803",31.66994911,-7.229129079
"tree_889719",32.60837586,-6.587821765
"tree_3474827",24.10436117,-12.01286739
"tree_2312250",26.67281987,-16.13746323
"tree_146043",25.19799494,-33.55829685
"tree_4392669",32.88529046,-18.23986268
"tree_1710028",32.64407394,-6.714118019
"tree_4189052",29.29961808,-15.98446941
"tree_1785842",30.72737561,-4.331166442
"tree_540146",31.2056938,-3.828595698
"tree_3026143",31.14048846,-10.52615946
"tree_104649",29.15804628,-31.80078667
"tree_1328147",37.13617227,-11.44297067
"tree_589188",37.95100795,-5.979147745
"tree_4378545",31.60034039,-17.08147092
"tree_73273",29.60030565,-25.13133485
"tree_1650189",36.30745401,-11.64066352
"tree_2633132",31.12128722,-9.936776943
"tree_1048776",38.60168656,-5.862226803
"tree_1331905",37.18755587,-8.287818014
"tree_4540016",30.64388464,-17.14213999
"tree_5040125",25.70571976,-25.00360499
"tree_260591",30.69910293,-24.43278405
"tree_222815",29.39594323,-25.20065806
"tree_226741",30.53900251,-26.83196213
"tree_117464",30.3814262,-30.31678316
"tree_5028337",22.82499301,-18.4642356
"tree_5012679",35.25771218,-14.48569399
"tree_57683",29.84045627,-28.21887709
"tree_4940867",34.56646781,-16.31018355
"tree_649108",35.27121812,-8.0111562
"tree_3624858",31.70733067,-12.97744263
"tree_4874239",34.18100082,-11.68743418
"tree_285010",29.16210287,-29.94582736
"tree_4243555",31.6135018,-18.06479678
"tree_4267891",31.86924779,-18.24500107
"tree_1460893",37.47404196,-8.19072946
"tree_1704034",39.30618273,-10.48596779
"tree_1093941",38.19260101,-7.503537212
"tree_2650325",22.76063502,-16.9470754
"tree_95083",30.58605905,-30.49139832
"tree_4338003",31.73844503,-18.16152474
"tree_147347",26.78619828,-30.99829613
"tree_2280268",27.69400126,-16.30730059
"tree_4581085",32.80974759,-19.60964966
"tree_177321",30.94015502,-25.35075318
"tree_2564169",25.96327549,-16.48038325
"tree_4639162",33.3386707,-10.02439829
"tree_852930",36.06099303,-11.04037319
"tree_3397524",28.76539434,-13.70538142
"tree_4630044",35.29872889,-15.2585261
"tree_4222610",31.52047048,-18.06768149
"tree_4774467",33.94003888,-10.78433934
"tree_1904966",32.63551001,-6.160884538
"tree_58900",28.8418119,-30.59200262
"tree_2737206",31.18763516,-11.26834151
"tree_122464",31.04247144,-27.30253061
"tree_58516",19.78703357,-34.06618628
"tree_2870759",26.56013654,-12.14403159
"tree_3365831",25.04368939,-14.46640424
"tree_4295179",30.81263913,-16.8664698
"tree_2821892",24.77532277,-13.0772356
"tree_2353431",25.24011897,-15.95707864
"tree_4710725",33.7388316,-10.54166303
"tree_1943694",31.32658047,-4.242191137
"tree_3462738",28.13752284,-13.99700767
"tree_2667827",26.87880499,-12.79967231
"tree_1235808",37.87753842,-5.632351395
"tree_183830",26.46680876,-27.04164456
"tree_3030635",28.34179518,-13.09751872
"tree_1700594",30.55510533,-3.999965561
"tree_1419662",38.0225844,-10.98340014
"tree_2003078",30.55402357,-4.18377574
"tree_2115279",25.13320502,-11.2719474
"tree_362735",37.41256194,-3.180256902
"tree_2070127",29.25840644,-13.70204597
"tree_1195446",34.09318154,-5.667148222
"tree_5040892",21.63334428,-23.29892109
"tree_1956236",37.8525678,-8.112391527
"tree_3918046",24.11553935,-11.32125793
"tree_4261834",29.45656337,-16.10184109
"tree_4878",29.854429,-29.26043805
"tree_3883045",29.94721709,-8.340900732
"tree_769707",32.74855392,-7.581604703
"tree_89801",23.32123223,-33.96513124
"tree_1566965",37.35694145,-4.697885327
"tree_4049232",31.68010638,-8.964358896
"tree_122024",29.61436852,-30.20635282
"tree_2073533",25.0367481,-11.44935712
"tree_234543",29.03093953,-30.63923976
"tree_4449758",32.39345045,-18.83780918
"tree_4254484",30.58574006,-17.46072026
"tree_3817305",26.21866099,-15.55934911
"tree_4041912",33.38748416,-10.5621282
"tree_4729670",33.32965604,-13.56529089
"tree_191447",32.03390409,-28.57766302
"tree_3041864",25.05162229,-14.28169259
"tree_1505266",37.56662259,-4.429156469
"tree_4053269",25.41374144,-13.78263758
"tree_2708421",22.55942767,-16.35841406
"tree_90827",32.57496417,-27.77400056
"tree_3581786",25.82417919,-14.24464208
"tree_3486780",24.97067059,-14.28169259
"tree_4523026",32.83246454,-18.41772314
"tree_3839214",29.27580475,-11.49253764
"tree_1723362",34.48811407,-8.171618249
"tree_3550956",29.69868274,-10.00673118
"tree_2354290",29.50549844,-14.12393495
"tree_190576",28.18734736,-25.94058643
"tree_170178",26.56398683,-32.68008264
"tree_731093",39.13048689,-4.973014639
"tree_366862",30.91091421,-6.915867494
"tree_4550745",29.52516495,-19.9277792
"tree_138700",28.07565568,-31.34554322
"tree_4433049",30.75440441,-18.20479541
"tree_3020448",24.63000635,-17.2128294
"tree_2344460",29.06008378,-14.35173697
"tree_3065323",31.93332835,-11.59106855
"tree_2260662",25.53516899,-16.84755287
"tree_3696116",24.3358578,-11.30431025
"tree_1850317",34.93488093,-9.333706044
"tree_32754",25.18726749,-33.70857226
"tree_3193503",28.70283256,-13.60766183
"tree_246873",27.21295243,-27.89840373
"tree_4804098",33.76677705,-12.66309753
"tree_253038",26.49024689,-32.5274634
"tree_1650535",37.11679074,-9.332804572
"tree_3625168",28.83066053,-14.2406756
"tree_4010568",25.8158857,-14.30891705
"tree_3424317",27.24669352,-16.01684625
"tree_4388548",29.75747282,-16.58566121
"tree_66",28.63068849,-32.18860001
"tree_144281",25.25839318,-33.23511907
"tree_4015539",27.94163414,-13.0495604
"tree_1611036",38.48368458,-6.362273425
"tree_532040",30.64047422,-4.758824847
"tree_3256987",25.53985662,-17.44108216
"tree_24777",26.74734508,-32.78438297
"tree_556631",29.70231791,-4.484597008
"tree_4702694",33.51544825,-10.89179483
"tree_4405880",28.51741577,-20.67212478
"tree_5008922",33.42746513,-13.75721432
"tree_2169179",31.66568291,-9.757564273
"tree_3586806",23.67156704,-13.31071689
"tree_3721699",22.16837145,-14.44296596
"tree_101399",25.22972655,-32.97504434
"tree_2843265",32.3169024,-9.95210197
"tree_84083",26.83704098,-25.08499918
"tree_2664818",24.81228291,-16.55042764
"tree_4242992",31.13815861,-19.6603124
"tree_1022849",37.4488009,-10.44603257
"tree_1026310",37.55724733,-11.27601802
"tree_839250",35.42356598,-3.984730681
"tree_3649278",29.33755521,-10.61982242
"tree_4284664",31.70599224,-18.72864089
"tree_267664",22.11047283,-34.03670814
"tree_1068405",31.59747119,-1.750431868
"tree_1419243",32.51065688,-4.210639611
"tree_172314",30.14713511,-29.29388267
"tree_1433663",35.56004803,-7.363718876
"tree_249454",30.06933857,-31.03633826
"tree_1874957",30.91812594,-3.58546865
"tree_4522893",31.21532413,-19.99214431
"tree_4449298",31.87474673,-18.81860782
"tree_6060",30.92032276,-26.27340996
"tree_1631344",34.79118715,-10.44603257
"tree_3561956",31.22883219,-9.951110351
"tree_3423497",27.60232211,-13.6685112
"tree_3472311",28.27553738,-14.61424567
"tree_1646062",30.91605257,-4.798579771
"tree_1030340",39.89132472,-10.29485569
"tree_954108",33.45196833,-7.252026472
"tree_4803405",35.00692425,-16.41691786
"tree_2457828",27.43185477,-12.65183087
"tree_3441158",32.51360242,-9.339461473
"tree_2311012",29.62214822,-14.0463182
"tree_3415855",29.5471462,-8.939388116
"tree_4093112",27.47819015,-13.2633896
"tree_972329",33.09949488,-5.819767463
"tree_3714104",29.24407312,-10.35893637
"tree_30621",27.09666327,-32.3329257
"tree_76515",26.10631239,-32.57929805
"tree_1639548",34.296913,-9.309907179
"tree_1165859",37.25958305,-9.739188234
"tree_4767939",33.23653457,-12.8469077
"tree_4811712",34.14331953,-12.63776616
"tree_3324682",31.68623635,-12.84104988
"tree_1958574",37.23118686,-10.78985407
"tree_4419567",32.573924,-16.65137854
"tree_3297779",23.50254205,-13.501829
"tree_4382774",30.96832236,-16.75585916
"tree_4445646",32.26733531,-20.41592639
"tree_3305054",31.37811506,-10.38309582
"tree_85560",19.57735251,-33.76202956
"tree_753188",30.07615612,-6.189731648
"tree_130913",31.5801961,-28.44370425
"tree_2342158",29.94135756,-13.33758076
"tree_4268800",30.2007238,-17.05009968
"tree_2534560",30.3156465,-10.78361991
"tree_5004207",33.87017524,-14.46459954
"tree_3942334",26.27247854,-17.21742691
"tree_275175",28.27911663,-32.51826839
"tree_2840160",25.91225248,-15.68068727
"tree_3611940",33.43057427,-10.59169649
"tree_3248872",29.0865869,-11.8584452
"tree_4248270",27.86673739,-18.63966559
"tree_4469530",28.77658733,-20.31622356
"tree_24462",25.22449805,-33.26162235
"tree_4439459",30.50650117,-17.56664325
"tree_4195624",30.36298774,-18.30927603
"tree_4434798",30.33152656,-18.97537383
"tree_372549",31.51264318,-6.972840536
"tree_160018",30.48293131,-27.25168758
"tree_4808516",34.10239296,-11.1210392
"tree_162953",26.43417568,-32.4125257
"tree_2667803",29.92756512,-9.871330062
"tree_243002",23.76772849,-33.4869904
"tree_31054",28.10513363,-30.95583679
"tree_3611772",29.91746869,-8.462058594
"tree_234894",31.60273275,-27.37879516
"tree_4194764",28.7293505,-20.5581787
"tree_950662",36.73880579,-7.394639372
"tree_4252969",32.12201894,-18.38734352
"tree_1853414",40.19728249,-10.32081809
"tree_1773613",35.29402523,-10.57413177
"tree_2693394",25.51109983,-12.07948618
"tree_523487",32.51462333,-6.054781262
"tree_115903",28.96603395,-28.67177671
"tree_3823415",25.3176451,-15.78940482
"tree_1181558",37.89006881,-5.954627702
"tree_16472",29.72245433,-31.2231233
"tree_27378",28.69153746,-32.24349966
"tree_2966468",22.06154765,-15.18100124
"tree_3010226",29.23857418,-14.16089531
"tree_3275810",22.20704436,-14.59098769
"tree_1004693",37.14347415,-7.580252495
"tree_4758251",33.02892688,-13.17351108
"tree_4154524",30.82994728,-16.8227484
"tree_4640716",34.88306278,-14.3785991
"tree_3471992",29.06675464,-9.074248356
"tree_171570",25.48511195,-33.85100487
"tree_4262817",30.82652171,-20.75442919
"tree_2546893",25.46124873,-15.44504244
"tree_4954539",34.6431826,-16.37563043
"tree_1634124",35.46485315,-10.69267536
"tree_1179763",32.95922667,-7.203617416
"tree_3612220",27.41283382,-16.56106501
"tree_1385499",31.01863947,-4.727904351
"tree_4155652",32.85437017,-18.33442711
"tree_4574733",31.47629863,-19.07147077
"tree_1447147",29.82338488,-6.001414108
"tree_10500",30.52187465,-29.4178351
"tree_5039124",25.55075764,-20.44981824
"tree_808743",30.94958713,-7.807153044
"tree_2259814",26.94957012,-16.71305322
"tree_2635977",25.82138464,-12.58980959
"tree_1931572",36.91756662,-9.329739567
"tree_3037137",25.60899911,-17.4073671
"tree_18701",28.71046825,-30.95556635
"tree_288592",25.62862539,-30.54179062
"tree_1847414",31.1881152,-3.504155859
"tree_958651",30.79850132,-4.70491681
"tree_144639",29.43479643,-28.89858712
"tree_1963313",34.8828663,-10.30206747
"tree_795303",33.09850327,-6.831579845
"tree_2269514",24.43592059,-13.43638212
"tree_178714",28.3065212,-32.07285098
"tree_1956288",33.62387801,-7.200822852
"tree_4554510",31.71572808,-17.66274018
"tree_209592",30.28478901,-29.50879364
"tree_2427708",29.02736055,-13.75829783
"tree_3929076",24.64578202,-17.03163349
"tree_732266",36.80091684,-4.118058417
"tree_65873",31.05283831,-25.44540776
"tree_4443641",30.86627638,-18.23355237
"tree_2095188",32.34962564,-10.46765391
"tree_1461054",38.75845161,-6.771902386
"tree_72818",30.55838404,-29.64590756
"tree_143805",25.4958394,-33.40026877
"tree_3329299",28.98499161,-13.88071776
"tree_3903759",28.94127048,-14.03730348
"tree_3374444",25.67976424,-16.8546745
"tree_12009",17.13537043,-29.57964935
"tree_156932",29.12243836,-30.5927238
"tree_2958586",25.22776887,-15.37941527
"tree_2656477",24.37975922,-14.46505203
"tree_1436805",30.46342618,-4.058471106
"tree_725769",34.9274889,-9.012060768
"tree_80276",29.74237674,-28.74560729
"tree_48903",28.81873436,-30.17480129
"tree_309735",38.69264455,-8.363090942
"tree_248192",28.37214795,-30.30551476
"tree_474931",39.26597732,-8.573945286
"tree_3649963",30.20801138,-9.961296987
"tree_4167943",31.18981263,-19.47262589
"tree_4931823",33.42512132,-12.73377295
"tree_3464344",26.37795014,-17.33957639
"tree_4608964",31.94803594,-18.21876823
"tree_4170901",30.14275952,-17.38887293
"tree_1195103",34.93397946,-11.21561938
"tree_4599799",29.62351493,-19.35218921
"tree_1796979",31.2097504,-2.455833853
"tree_3510845",27.40823634,-12.38896158
"tree_3722789",28.43563785,-14.60811566
"tree_101906",27.60364792,-25.83015609
"tree_1595667",33.00808616,-2.853202793
"tree_2607655",23.45873077,-16.0070202
"tree_1817124",32.98185348,-6.685811792
"tree_77730",31.17047966,-28.30055047
"tree_3409322",27.48450042,-12.19613668
"tree_4935708",33.37905639,-13.14547529
"tree_4250820",30.47404839,-17.64867722
"tree_780786",35.16745931,-6.383998904
"tree_231011",32.11296268,-27.28296866
"tree_2367100",24.89422622,-13.55195085
"tree_3975657",31.38063917,-8.964899779
"tree_243811",28.4565252,-30.17011363
"tree_1180583",31.64092188,-8.501917658
"tree_4173921",30.69779232,-19.2826857
"tree_5042314",26.01573413,-20.51093806
"tree_30124",22.85544459,-33.82909909
"tree_4652522",33.74982949,-10.66687752
"tree_107445",32.71505203,-26.98268828
"tree_1839193",32.41365907,-9.003947519
"tree_4470077",30.89431198,-16.79714659
"tree_2696062",31.33385305,-12.08534575
"tree_1419858",31.36597456,-4.115444148
"tree_231544",29.00110099,-30.1939125
"tree_3718303",25.13699118,-14.07868105
"tree_3192301",27.72230731,-14.83294283
"tree_3500610",26.24822909,-12.00042707
"tree_1876013",36.80389168,-10.60757639
"tree_4445363",31.18476442,-20.07273592
"tree_2659935",27.83399903,-14.07164957
"tree_266522",29.82432002,-30.94195412
"tree_62779",29.32427666,-28.87686164
"tree_4756663",34.86169803,-15.24779858
"tree_4787065",33.23166665,-12.95652672
"tree_3212497",26.57140488,-15.51517698
"tree_2899499",28.71419104,-13.72359115
"tree_2955471",31.97046878,-10.11797285
"tree_1231228",33.17395602,-6.292229036
"tree_1918391",34.54454588,-9.43917829
"tree_789180",35.47702295,-3.246064372
"tree_2092987",28.93351787,-13.66003737
"tree_34072",24.62655544,-34.16688072
"tree_1666997",31.39707516,-6.896035106
"tree_3263343",31.10208598,-14.3380346
"tree_3919308",32.13507658,-12.45512964
"tree_2068761",31.14950312,-14.10888037
"tree_513879",33.21749686,-6.476309656
"tree_1326293",33.12789108,-6.37020638
"tree_2367093",24.91324717,-14.61649936
"tree_128946",27.58039009,-32.28604915
"tree_1158409",31.72088197,-5.878633597
"tree_2753542",30.61340092,-10.81201629
"tree_5043450",24.71789263,-20.7769625
"tree_154947",26.03798124,-28.64256902
"tree_4866102",33.71079599,-10.56879734
"tree_5047884",24.28302513,-18.31026416
"tree_497027",35.41905865,-9.837899438
"tree_282901",28.0364419,-26.37816103
"tree_276942",29.18463953,-30.80529094
"tree_151795",27.77663931,-31.46012033
"tree_4709523",35.72259835,-15.97772061
"tree_509395",38.01798692,-7.334691472
"tree_4608140",30.45637965,-16.23724221
"tree_4506031",30.74728282,-17.9961046
"tree_3048687",24.31863978,-11.31900425
"tree_4917023",34.87756384,-15.77488936
"tree_4263753",30.5284068,-17.08453592
"tree_3549512",29.45186118,-15.10662978
"tree_2590824",28.71013444,-15.40709046
"tree_189707",18.60331817,-32.91617821
"tree_1621128",35.69941477,-1.986888022
"tree_46892",30.82305455,-29.53060927
"tree_1082702",33.8997268,-9.166753395
"tree_587420",36.2859991,-10.49894899
"tree_210823",26.01364165,-25.62759529
"tree_768592",31.52941046,-2.585375407
"tree_4299103",30.5339959,-17.23048427
"tree_1179991",35.76837697,-6.890986862
"tree_4825290",33.09103791,-13.28574436
"tree_181136",30.56920163,-29.73803802
"tree_2031561",28.52199836,-15.47614323
"tree_2695264",25.12364948,-16.61389128
"tree_4252244",30.55698329,-20.68546657
"tree_2844446",25.02430786,-13.82419545
"tree_4828971",33.0792287,-12.94859377
"tree_284712",29.81467433,-30.174621
"tree_3945629",27.20468518,-14.40312089
"tree_1041729",30.93570454,-3.39652008
"tree_3780861",24.23867969,-15.03910952
"tree_1541396",35.75061807,-2.039173409
"tree_2277587",30.03447906,-12.31972852
"tree_4835964",33.39131634,-10.90829177
"tree_2016339",25.10832455,-11.7354844
"tree_3935879",26.68120351,-13.82897325
"tree_1390229",32.33496104,-6.185675023
"tree_244867",29.11693941,-31.88381226
"tree_4263248",31.04711052,-20.26925686
"tree_9895",29.86551703,-29.7271302
"tree_4269405",32.96516038,-19.91020049
"tree_1629534",31.30909202,-1.486931548
"tree_4176739",32.13590152,-18.34704772
"tree_4402842",32.27229338,-18.3525467
"tree_4610793",30.30322052,-17.58918005
"tree_87503",27.18500697,-26.73550461
"tree_2247599",29.25939805,-14.49570208
"tree_2493477",32.35016652,-10.23417262
"tree_694491",32.00700748,-6.118335051
"tree_3192901",25.87141604,-15.98042677
"tree_2604853",30.23595685,-10.84329737
"tree_49128",28.82540521,-31.93492573
"tree_4503003",32.96705346,-18.20587717
"tree_4091108",29.95731351,-9.769644
"tree_53012",28.65385617,-31.98991554
"tree_252341",27.55460816,-31.78492076
"tree_2166469",26.85410481,-13.00331488
"tree_3475182",26.48306115,-14.24599429
"tree_92788",28.12739985,-25.67789744
"tree_3378303",23.50885231,-14.61839245
"tree_3981203",28.34449958,-12.68680799
"tree_1715290",39.0057239,-7.245265431
"tree_3025061",27.3134922,-12.14439218
"tree_1543590",39.03060438,-9.398972631
"tree_1450022",38.71139505,-7.394639372
"tree_266807",25.51891694,-28.43946733
"tree_192615",30.22439077,-30.92365424
"tree_291561",27.43164815,-25.98187386
"tree_4814858",34.23427748,-12.75928461
"tree_194788",28.82315154,-32.070417
"tree_2358410",31.31005433,-8.754225729
"tree_261414",29.9748649,-26.69592998
"tree_575953",38.30870991,-9.607122558
"tree_3541292",26.2723884,-14.90857634
"tree_3808234",28.8421993,-13.73431867
"tree_265581",27.34546797,-25.78183718
"tree_4784851",32.96474248,-13.86773481
"tree_2992994",25.87448103,-14.32992135
"tree_4658038",33.91380621,-10.38624923
"tree_472761",34.9518285,-10.10257167
"tree_146368",30.62978017,-26.9302226
"tree_2375221",25.7726153,-13.41123104
"tree_4867059",33.30648836,-12.90838811
"tree_601015",31.29097254,-3.993474961
"tree_3878517",26.50027916,-15.5453763
"tree_4801414",33.97735958,-10.74746913
"tree_4485523",30.65920957,-16.29493643
"tree_66636",21.73059493,-34.24134232
"tree_2614063",22.99925323,-14.34209122
"tree_4607836",30.90116312,-19.88513956
"tree_3954465",29.12093278,-10.5151615
"tree_153777",29.79358002,-25.12926147
"tree_336342",33.41122204,-9.341098116
"tree_4627271",33.14386383,-13.20984041
"tree_1992490",36.04377502,-10.88180423
"tree_2100370",30.09388571,-9.769824294
"tree_4558555",30.70392229,-16.9781622
"tree_4170020",30.98815462,-18.62812675
"tree_91136",30.19040549,-30.70414576
"tree_133945",23.36269968,-32.15353274
"tree_4663706",33.52175851,-14.38896603
"tree_107496",25.76105079,-33.33500219
"tree_1935902",35.49207745,-1.861583388
"tree_55706",29.93781463,-30.1889544
"tree_875324",37.34450121,-8.011606936
"tree_180191",18.93929466,-34.09972104
"tree_3364750",25.23741457,-14.71178497
"tree_1444032",30.63677821,-4.64496891
"tree_1161513",36.94127519,-8.292054933
"tree_3600622",28.87375063,-13.58413341
"tree_2412023",23.53778939,-13.702677
"tree_3635372",33.43282794,-10.17611781
"tree_326914",36.35189631,-11.50544269
"tree_2996174",27.18241895,-12.85547344
"tree_3012266",27.62377701,-12.93128725
"tree_228563",30.89787625,-27.21743164
"tree_1741854",33.78469966,-7.346050021
"tree_974323",31.67616923,-1.391285349
"tree_188758",27.65737531,-32.21961065
"tree_280929",22.67848675,-31.93005778
"tree_106639",27.53396458,-31.27667074
"tree_117874",26.18320746,-25.65932711
"tree_930450",29.82843309,-4.684002656
"tree_1938469",30.70330645,-4.239306426
"tree_4484196",32.7745904,-17.84609962
"tree_179560",30.73020352,-26.1167341
"tree_4932172",34.27096716,-12.75766196
"tree_1119679",31.50642306,-4.135637125
"tree_2729739",24.08335699,-14.7672255
"tree_1591737",31.5269765,-1.0087907
"tree_4424683",27.9131629,-18.65048326
"tree_3720150",24.84716966,-12.90487412
"tree_2014426",39.10948271,-10.12393656
"tree_2802685",27.4918023,-12.94462904
"tree_3296866",28.57716811,-15.84917242
"tree_4128618",31.55561384,-11.53229257
"tree_1115747",37.86753215,-6.798495815
"tree_270828",30.64131894,-24.73685062
"tree_81918",19.04152094,-32.28568856
"tree_703156",32.12338682,-5.801287283
"tree_2281974",26.61404425,-15.11348097
"tree_1432721",31.0679497,-3.599351321
"tree_86549",30.21771992,-28.28603677
"tree_4321462",32.86203263,-19.72386619
"tree_954192",31.74873729,-3.594753813
"tree_230731",29.8449636,-27.91219625
"tree_1959282",34.83103197,-5.597734864
"tree_4690449",35.58142873,-15.98862842
"tree_2238579",27.84797176,-12.64191468
"tree_4896425",33.39248824,-10.95129199
"tree_1386369",32.77370484,-6.719616999
"tree_56063",32.47264774,-28.13900665
"tree_190682",30.61779067,-27.67817407
"tree_3474734",25.92649565,-17.71449867
"tree_3390870",32.88230227,-11.05027539
"tree_4020468",29.04989721,-11.91677045
"tree_4430513",30.97147749,-18.1110423
"tree_232844",28.97910521,-32.0429221
"tree_658689",34.48784363,-6.686803412
"tree_4317101",31.17322565,-18.94256024
"tree_3667112",25.07001221,-11.43718725
"tree_4460262",30.83571667,-16.58133415
"tree_4994046",34.68645298,-16.36192805
"tree_966414",32.63505927,-6.557352006
"tree_3269525",24.98365171,-16.3426383
"tree_2008724",37.26409039,-7.185858414
"tree_4429941",31.63946403,-18.14457707
"tree_22586",26.65782947,-33.45336548
"tree_4637814",33.91362591,-10.5782628
"tree_4209236",30.44853689,-18.31161986
"tree_1226475",34.05378745,-7.187390916
"tree_3977652",24.22380549,-13.20425303
"tree_327526",37.1018264,-10.9426536
"tree_132738",25.4223699,-31.9100451
"tree_4437456",31.62756467,-17.5421232
"tree_1927798",35.79929727,-2.91973144
"tree_372692",30.96590367,-7.825362783
"tree_3256969",29.99598643,-8.432670601
"tree_2946772",22.03702776,-15.24689885
"tree_80572",30.479055,-26.33903714
"tree_276706",27.9374609,-25.69962292
"tree_4447927",25.60072153,-18.34668713
"tree_2829715",30.26651657,-8.812190391
"tree_253542",30.12937622,-24.81302502
"tree_4982777",34.15404698,-12.6624665
"tree_3118285",29.11985102,-10.42853002
"tree_1413858",31.79200769,-6.521022677
"tree_255895",30.53566709,-27.24483639
"tree_1012059",36.15546673,-8.330457648
"tree_3551638",30.44852268,-13.19992596
"tree_2964431",30.08333855,-13.14214159
"tree_2888925",27.9172044,-12.63695658
"tree_1356712",37.19314496,-9.399333219
"tree_4568259",31.21243944,-19.36390834
"tree_1823931",38.46412276,-7.333880147
"tree_1453913",36.79740112,-7.383461117
"tree_280776",26.19925356,-25.50959258
"tree_5037805",24.93018802,-21.28647458
"tree_3328332",27.9631792,-12.72647277
"tree_4404065",30.52786592,-20.4298992
"tree_576587",31.97861128,-6.139970383
"tree_1034862",36.60944533,-7.637225537
"tree_4418823",29.95236983,-16.80129336
"tree_4468495",30.95885697,-19.02829025
"tree_843620",35.63117375,-11.34065357
"tree_4494674",27.63415908,-18.87864587
"tree_1426754",34.93145535,-9.570793229
"tree_1308285",38.59140984,-8.468923776
"tree_4398964",30.01565277,-18.35443979
"tree_2205842",25.36325931,-13.83041561
"tree_1693541",37.74493268,-8.168102508
"tree_877472",31.44692626,-3.787127978
"tree_107993",32.01551418,-28.01072716
"tree_171210",30.22430062,-28.3319217
"tree_4912663",33.61884643,-12.3850835
"tree_1736359",39.06287689,-7.673374572
"tree_4741446",33.97772017,-10.74701839
"tree_2435462",26.26986429,-16.23455178
"tree_5047883",28.71643799,-21.92724101
"tree_465579",37.84679841,-6.704201825
"tree_1831271",34.30583752,-5.643259209
"tree_7601",22.09334497,-34.11153033
"tree_2591563",32.96009884,-9.518223407
"tree_3518657",23.09769339,-15.90605532
"tree_177889",30.53864193,-27.50995936
"tree_2596818",32.3184349,-11.93822549
"tree_2408739",25.98247673,-12.34478945
"tree_1296146",36.96236951,-10.67356415
"tree_2206195",32.8949228,-9.531294754
"tree_3301173",25.57140795,-16.54483851
"tree_4902319",32.83610324,-13.57196178
"tree_2889035",27.04458471,-14.41429914
"tree_97102",30.73398967,-27.22563503
"tree_140879",30.30507201,-26.6350806
"tree_1513151",31.5648381,-7.494612637
"tree_4778752",33.34804595,-11.29421201
"tree_3554129",27.32106452,-12.07984677
"tree_4884941",33.98366985,-11.67616578
"tree_3875289",31.26480071,-11.29006699
"tree_2913933",25.53706207,-13.04406142
"tree_4626708",33.96527993,-10.63009745
"tree_3636427",28.0603573,-15.34849477
"tree_2310208",25.9996046,-14.80797205
"tree_3479412",31.90952963,-10.16250558
"tree_269963",30.46508227,-26.83890347
"tree_613349",30.68212198,-4.106429426
"tree_2602355",32.26488778,-10.00564942
"tree_4138431",26.81274298,-18.71593014
"tree_4298573",29.78073065,-21.95609162
"tree_737241",30.78930636,-1.149240067
"tree_3722814",25.69121286,-16.75857756
"tree_3576523",23.76811412,-13.37291847
"tree_3332533",24.19216402,-13.12979143
"tree_395058",37.12400247,-7.391934955
"tree_58846",28.52107018,-32.54549285
"tree_4159110",30.16493559,-17.52715876
"tree_1041514",40.20413363,-10.31856441
"tree_4163725",27.72574806,-18.66112063
"tree_1773103",34.5818666,-9.363815215
"tree_2324525",31.15599368,-10.54779479
"tree_3989440",28.14915176,-15.39645309
"tree_637179",33.45061613,-6.596566046
"tree_82653",29.85019211,-31.21519034
"tree_1566993",39.51622445,-10.46433246
"tree_2235918",31.37964755,-8.997352778
"tree_727178",32.8489773,-4.011864994
"tree_266885",27.6991132,-32.17615969
"tree_49573",24.55885532,-34.02778356
"tree_5017",27.64150951,-31.89201566
"tree_4469217",31.35460067,-20.04163513
"tree_2036713",23.53697807,-13.62370804
"tree_2429002",24.95958255,-13.1129339
"tree_75555",30.64149923,-26.17632141
"tree_4324976",32.85689428,-17.82554606
"tree_882625",30.74053702,-1.312767122
"tree_4550831",32.43302482,-18.41655122
"tree_4379912",31.34207029,-19.33839668
"tree_1615520",35.13608828,-8.393831143
"tree_2083005",31.03285334,-9.743861895
"tree_3038565",23.57033234,-14.53383436
"tree_121310",27.34014932,-26.0567862
"tree_155843",32.13640081,-27.22302076
"tree_2240010",23.84194423,-15.42457902
"tree_4771597",34.00269078,-10.27122137
"tree_3504068",29.25804585,-8.679313391
"tree_4527470",31.76693136,-21.358686
"tree_4510378",28.47531729,-20.64012252
"tree_3652137",29.52424895,-9.016824577
"tree_4517561",29.29051327,-15.8114769
"tree_4133671",30.90918617,-18.53329187
"tree_1357019",34.10291738,-9.439358584
"tree_3302278",25.96066124,-16.16802313
"tree_2633634",25.14158866,-13.120957
"tree_1170083",34.35767185,-9.049021128
"tree_2606368",25.26986736,-16.49760137
"tree_3780804",24.98446303,-14.11771479
"tree_3422475",22.67715921,-16.90371459
"tree_204326",26.4175887,-30.99018288
"tree_954049",38.73221893,-10.7920176
"tree_28620",28.73102169,-32.03138326
"tree_236135",25.79810106,-33.28325768
"tree_3967237",25.77919601,-12.39482115
"tree_2666155",23.16926984,-14.58332518
"tree_2320884",27.92035953,-13.49416648
"tree_2188905",25.36803708,-13.2698802
"tree_4078348",28.30889165,-15.62560732
"tree_3082579",27.08316748,-11.63307716
"tree_2234237",29.39173335,-14.18424344
"tree_113820",30.32201957,-28.92617217
"tree_213221",28.80449119,-32.10413206
"tree_3819947",27.59736404,-15.29269364
"tree_4143931",28.77893114,-20.19326276
"tree_104826",29.02048252,-30.51339424
"tree_4536970",32.28554493,-18.47532721
"tree_3190359",31.42237707,-14.02134742
"tree_4708989",33.27097058,-13.06596545
"tree_5030698",24.69842095,-21.32190243
"tree_2768194",27.33043977,-12.28808685
"tree_2546488",31.22297265,-11.38625407
"tree_2153362",25.44637453,-17.32866857
"tree_1789135",38.5020745,-6.052978318
"tree_210036",29.85569105,-30.97053079
"tree_761718",35.77703105,-10.69610096
"tree_4353530",32.93757551,-18.23021692
"tree_2946770",22.13276351,-13.56249808
"tree_4661779",33.70890292,-10.68247299
"tree_118730",29.6404209,-29.13233885
"tree_3327758",24.37507159,-17.09762125
"tree_3346566",26.14284764,-15.71386145
"tree_250410",18.91125906,-33.6538529
"tree_4334737",29.69806619,-21.7832794
"tree_241981",26.83929464,-27.78004043
"tree_1091566",34.43339504,-5.824274824
"tree_1218689",39.36324557,-10.07579795
"tree_3363222",24.96327857,-13.12555451
"tree_4071305",26.41986834,-14.82455914
"tree_1058911",31.28358051,-6.896575989
"tree_1152225",38.57401154,-5.350100454
"tree_1988282",38.44978944,-9.373551115
"tree_1475910",38.21279386,-9.001062808
"tree_850803",30.24139495,-4.996452915
"tree_306885",34.20947073,-5.436371342
"tree_5025334",24.81353824,-18.03387278
"tree_4269778",31.16980008,-17.1904589
"tree_2260277",28.00347475,-12.65525647
"tree_88977",29.56262435,-29.8779465
"tree_4175885",29.77054408,-16.96022291
"tree_5029568",26.27445505,-24.63490287
"tree_3067242",30.33259407,-12.15926647
"tree_3575863",26.87429766,-12.11824949
"tree_3757548",24.94020102,-13.41456649
"tree_3219015",25.57411235,-16.81627178
"tree_54498",31.04129954,-28.47759961
"tree_3706002",26.39688094,-17.15549577
"tree_1622028",31.77460938,-5.775685473
"tree_305324",35.44475045,-3.978420376
"tree_256244",30.08808907,-31.13991741
"tree_4468740",30.89097655,-20.76434539
"tree_205911",30.65430005,-26.77372703
"tree_3771122",28.36505302,-12.642726
"tree_4169710",32.77918788,-17.96175851
"tree_4447242",32.78297404,-20.31586297
"tree_234412",29.25188892,-31.1631754
"tree_80942",23.01662677,-34.07249658
"tree_1912213",34.95985155,-11.20588348
"tree_4294982",27.88927404,-17.77587494
"tree_141380",19.40634435,-32.82576055
"tree_4231516",31.03935791,-20.29594044
"tree_3923526",30.3629735,-9.885212734
"tree_503705",30.9895221,-7.860610345
"tree_1479583",31.58710432,-4.221276983
"tree_295669",36.85815997,-7.371561684
"tree_60718",28.25261352,-25.57458872
"tree_1712896",39.19196691,-7.928581348
"tree_4483321",31.29636595,-17.56249647
"tree_713673",37.47593504,-8.081561178
"tree_670505",38.24858209,-8.708715378
"tree_1993058",31.18189508,-5.327653797
"tree_4443512",25.96942125,-18.18685611
"tree_3364122",24.87511513,-14.27529213
"tree_213438",32.03669863,-28.09474437
"tree_1471781",37.49162056,-8.214528325
"tree_2636386",24.93984043,-14.78119832
"tree_3706299",23.70951879,-13.83257914
"tree_4431840",30.87736441,-18.26285022
"tree_940867",34.83238417,-7.121222858
"tree_3365283",26.99716756,-13.8305959
"tree_2257959",22.33550336,-14.94941303
"tree_2083339",26.24642616,-17.35787627
"tree_3277457",32.00283143,-9.746025429
"tree_282399",29.54964324,-30.7676094
"tree_3132790",24.75612154,-11.71799584
"tree_208572",28.35240584,-25.79202382
"tree_32722",30.51935055,-30.50140466
"tree_4364345",30.85140218,-17.96554469
"tree_2823440",26.56022669,-15.12465923
"tree_2217655",29.79468894,-13.93354403
"tree_4589977",31.68931511,-18.86539423
"tree_1266204",31.73737881,-1.420853637
"tree_229947",26.83334496,-25.60235407
"tree_2498069",27.17746089,-14.2845773
"tree_3546829",29.71319635,-14.018643
"tree_3475425",26.34838203,-12.02007916
"tree_3897129",24.69193711,-11.47036143
"tree_4243708",31.14618166,-19.41736564
"tree_692627",37.80442948,-8.309813935
"tree_190531",28.76266315,-32.00974793
"tree_4386598",32.78495726,-18.72269118
"tree_2157317",26.5165957,-16.52221156
"tree_4942862",33.48119253,-11.19279639
"tree_4169658",31.1640307,-17.42862785
"tree_430347",32.54608452,-6.490012033
"tree_4174129",31.7177113,-18.08562078
"tree_4444824",33.00960267,-19.76731715
"tree_1475968",34.54103016,-7.533285794
"tree_77870",30.9271739,-28.75363039
"tree_4563409",29.60701809,-16.43268138
"tree_4389697",31.21379164,-20.71440383
"tree_793237",35.80091991,-11.27538699
"tree_3602404",27.27707295,-12.97960616
"tree_2622193",25.06009608,-13.31720749
"tree_4816802",33.75379594,-10.38345466
"tree_2851809",33.123084,-10.33802221
"tree_4455890",32.79550442,-19.8353783
"tree_1381397",37.57203139,-9.138627463
"tree_2774952",28.02727347,-13.19325507
"tree_4359",29.24855349,-25.75722699
"tree_785889",35.84220708,-8.185591068
"tree_65798",20.66370956,-34.3570012
"tree_3742510",31.01833973,-10.36741021
"tree_4399901",29.01493502,-18.16711387
"tree_1839005",35.69049025,-1.985806256
"tree_3556534",26.30276782,-14.9358008
"tree_111671",31.56333868,-27.6917863
"tree_1731877",37.62720114,-3.047289755
"tree_1362435",38.2860831,-7.723496426
"tree_1294056",33.80209797,-6.925783688
"tree_65468",30.12838461,-30.3655528
"tree_1463718",37.61593281,-4.383271534
"tree_1460885",36.47792134,-3.207932098
"tree_1025120",30.7005119,-6.069475259
"tree_922470",39.81118433,-10.06137439
"tree_1622760",39.79811307,-10.55276688
"tree_145973",24.91872067,-34.03057812
"tree_1944297",39.17276567,-7.630464496
"tree_4050987",27.02862875,-11.65363072
"tree_282066",29.01354123,-30.80538108
"tree_445597",36.3752443,-11.51130226
"tree_4672381",33.25095803,-13.11230112
"tree_3727207",25.91811201,-12.3137788
"tree_4967185",34.14115601,-10.87286391
"tree_432359",31.22128917,-3.42437557
"tree_572180",35.928207,-10.99322619
"tree_4773157",35.18325106,-15.93012288
"tree_15758",30.71289536,-27.60037702
"tree_4308581",31.80028562,-17.5890899
"tree_2751632",29.25254691,-11.45206154
"tree_679053",37.71419267,-7.961304788
"tree_2293490",33.11623286,-10.64605526
"tree_2047243",26.80488473,-16.51022198
"tree_2872163",29.01960793,-9.961747723
"tree_2392294",25.30213987,-14.85998699
"tree_4771196",33.49282144,-13.77866936
"tree_4189112",28.39075975,-19.70376336
"tree_3866437",26.70968986,-15.2973813
"tree_2890867",27.54174355,-14.84907918
"tree_2244689",22.31152435,-15.2357206
"tree_4236406",31.42852091,-17.65967518
"tree_631404",38.61097167,-6.6968999
"tree_1344579",34.06036815,-2.129771364
"tree_1288471",30.8680044,-4.122655925
"tree_2562964",23.07912318,-14.24996076
"tree_927861",37.63901036,-11.20777657
"tree_4552202",30.00573664,-20.0184673
"tree_4633260",34.60369837,-15.3232518
"tree_1675245",32.57430042,-6.086963819
"tree_3969080",30.57716196,-14.39248352
"tree_1637813",34.76585593,-9.647869101
"tree_244538",32.09069647,-27.69710499
"tree_3507402",22.75540651,-16.54853454
"tree_833545",35.18999598,-9.510124151
"tree_2275429",27.5634689,-15.12159422
"tree_71865",26.38450489,-32.73137641
"tree_3249850",23.35938915,-16.88947132
"tree_4704178",34.33145555,-14.06272324
"tree_4310022",32.30023883,-21.30973606
"tree_87629",28.91239671,-30.86884473
"tree_1655222",32.06497178,-6.277084303
"tree_88862",31.85658567,-25.15873961
"tree_4391864",25.56213877,-18.2097535
"tree_3701334",26.54742586,-15.10897361
"tree_2720206",22.94255098,-15.81563766
"tree_1646651",34.10976852,-5.490910409
"tree_286769",29.72957591,-28.72270989
"tree_778084",38.90025231,-7.124918894
"tree_4538504",31.45844959,-19.28944674
"tree_3878821",25.69815416,-14.07164957
"tree_122480",23.25452372,-30.37510841
"tree_382395",38.54101786,-6.924251185
"tree_2215417",26.01006161,-15.14214779
"tree_2382172",25.01998082,-12.4695532
"tree_2648622",29.7739552,-11.4697304
"tree_2693101",28.70373403,-15.60370155
"tree_2358434",29.83218995,-9.25787824
"tree_1095243",34.13131358,-7.137088768
"tree_4139183",30.91576688,-18.20641806
"tree_302209",36.25841422,-10.39293586
"tree_4515569",29.70419616,-19.10770995
"tree_5024229",24.00492268,-18.95661971
"tree_2050441",28.62233159,-13.33009855
"tree_177309",27.48726862,-32.56911142
"tree_5034927",23.22686684,-19.08057214
"tree_1932854",31.23967909,-2.630449016
"tree_582926",31.71592391,-1.431040272
"tree_3361608",24.20226044,-13.09301136
"tree_274885",27.68180505,-25.88622766
"tree_124698",30.76220557,-29.66727245
"tree_4166396",31.38543082,-19.11131584
"tree_4928759",35.22652144,-17.02297761
"tree_4531391",27.84474161,-18.5583528
"tree_32191",27.98794301,-31.46643064
"tree_4353960",30.84175649,-18.23283119
"tree_2286906",26.18774068,-15.10122095
"tree_2902695",29.01419913,-10.50975266
"tree_3297856",25.95849772,-13.17973299
"tree_2222537",24.86970633,-17.17055035
"tree_1382561",30.19136355,-5.308452439
"tree_4968147",34.02306392,-12.29881262
"tree_1095604",30.73206323,-3.956694896
"tree_3387757",32.1859193,-12.12374847
"tree_2129794",24.20199,-11.22921762
"tree_251167",28.32031364,-30.96575299
"tree_3945808",26.5733881,-12.23399851
"tree_298699",38.22271,-5.333333071
"tree_4343640",30.32197102,-18.62343909
"tree_91977",30.28704268,-26.91624978
"tree_3300932",25.43474561,-14.07318207
"tree_63687",31.73948519,-27.66293919
"tree_2397453",30.01004931,-10.08452823
"tree_63161",30.08394232,-25.69763968
"tree_4439124",30.63838569,-19.59675861
"tree_2623511",31.95171827,-14.22571116
"tree_2487709",31.50332877,-10.36155064
"tree_12864",25.38721271,-26.8523354
"tree_3356105",25.20333913,-16.98124119
"tree_4550653",31.19909774,-16.92055813
"tree_4740657",33.4712764,-10.06505469
"tree_3084912",27.99085422,-15.54952307
"tree_1655798",30.64047422,-4.023493985
"tree_1171286",34.59719153,-6.786776677
"tree_709560",30.70222469,-4.003841891
"tree_218421",23.47358004,-26.16081609
"tree_1790610",30.36399441,-5.475224793
"tree_196724",19.70400853,-34.66269042
"tree_227010",22.59266716,-33.91077247
"tree_281382",30.00506402,-24.06471296
"tree_3238385",29.20476918,-13.70772524
"tree_5010318",33.23554296,-13.10364698
"tree_1001986",33.82066818,-8.94589271
"tree_4224321",30.66461836,-20.72738503
"tree_4346560",31.72348069,-18.31351295
"tree_1491767",39.17700256,-6.762346781
"tree_394945",38.7277116,-6.17152191
"tree_2049018",25.16295342,-14.92876932
"tree_4081339",23.59322959,-14.43746698
"tree_4132108",31.03088412,-19.88288588
"tree_1105996",38.29347513,-4.578800852
"tree_3800681",23.53156927,-14.07237074
"tree_2722283",22.53211323,-16.48038325
"tree_4495633",31.31196132,-17.89450868
"tree_2248793",25.42825505,-13.68681109
"tree_307336",32.58601949,-5.616124896
"tree_2919474",25.33224885,-15.98484399
"tree_2918135",25.59556726,-15.70439599
"tree_610225",37.24002123,-9.777410654
"tree_243171",24.39496875,-33.98739761
"tree_4274730",29.96841593,-18.42186991
"tree_1734157",36.91089576,-8.320180865
"tree_4015743",27.64991954,-13.51048313
"tree_3080135",31.99129266,-13.58575606
"tree_1273731",35.86780873,-8.120324482
"tree_724143",38.58753354,-6.69527725
"tree_116282",31.78870525,-28.81447976
"tree_2721586",25.32864299,-17.41566064
"tree_1113452",32.26753133,-6.139699942
"tree_2435182",24.50353059,-13.23174793
"tree_261706",30.83540463,-26.28071189
"tree_497414",36.16294891,-5.902612757
"tree_1150875",39.51352005,-9.604868878
"tree_722352",40.02393046,-10.50003076
"tree_152265",28.15741868,-31.10430926
"tree_2215847",25.37371632,-13.27781316
"tree_4359353",30.27455389,-20.79589691
"tree_3969139",28.30862121,-15.66103518
"tree_2558636",27.40156549,-16.52455538
"tree_4154538",31.34351264,-20.35147112
"tree_1546465",35.81768719,-11.21886468
"tree_1761904",36.68796307,-7.620187713
"tree_4666559",35.44792157,-14.23914135
"tree_3766188",24.73935426,-17.01928332
"tree_4420374",30.85464746,-20.81527856
"tree_1191779",31.45242521,-3.899812001
"tree_2040907",29.51036636,-13.88477438
"tree_1783561",34.82147642,-10.92606651
"tree_2314179",26.09146405,-14.12745069
"tree_72662",32.23402961,-28.27585013
"tree_2430611",22.91866212,-15.43900258
"tree_4847000",34.4170047,-15.80373647
"tree_166861",27.35547425,-33.33887852
"tree_1441415",38.52830718,-9.03243404
"tree_1696754",30.61171744,-2.884934614
"tree_184287",26.98163617,-32.3134539
"tree_165728",25.99606306,-27.99828684
"tree_3675743",27.92982493,-13.53383126
"tree_1100044",37.05540086,-9.404651905
"tree_153993",30.98766229,-28.58694818
"tree_882385",37.80163494,-5.704829759
"tree_61022",30.09151464,-30.13594784
"tree_248012",29.75589873,-30.64491904
"tree_4866921",33.96546023,-12.34334534
"tree_4408376",30.8456328,-19.40023767
"tree_4760908",33.96555037,-11.09453592
"tree_2028989",28.34296708,-14.00250665
"tree_205143",29.04509255,-31.50907027
"tree_943211",34.42897786,-9.10923947
"tree_4230082",28.82012815,-20.21796309
"tree_4853115",33.97447489,-10.55915159
"tree_4144331",30.25210738,-19.5031858
"tree_114218",31.53620454,-28.35977719
"tree_3318964",24.39661665,-11.48316233
"tree_1265957",35.27157871,-8.063712029
"tree_2654951",31.04736696,-10.34649605
"tree_269056",28.34366161,-30.35148984
"tree_4484181",29.74413112,-21.91525493
"tree_257088",32.63085508,-27.64536048
"tree_288973",22.92711116,-34.04518197
"tree_2809067",26.79055141,-15.33037518
"tree_624266",32.13041826,-8.802017749
"tree_4447760",26.11888436,-18.74630975
"tree_4280242",30.19540515,-19.14196589
"tree_1372710",38.43076849,-6.180716926
"tree_3950061",26.84689308,-12.40086102
"tree_607365",31.47415056,-3.732498763
"tree_378799",31.36678588,-5.106612817
"tree_2425358",28.46745963,-13.81851618
"tree_276314",23.23415059,-33.85524178
"tree_2225296",25.09435181,-16.93292228
"tree_4731759",34.42097115,-14.03387613
"tree_4470787",31.63892315,-21.21562236
"tree_4262653",31.3378334,-19.97492619
"tree_3240426",32.27615611,-12.11329139
"tree_4347922",32.70310412,-20.20254792
"tree_138080",28.19627187,-31.46751241
"tree_535644",31.85024243,-7.26861356
"tree_1060362",34.44745792,-9.364356099
"tree_2202931",24.3250402,-14.60946787
"tree_1987547",37.36171922,-11.53618289
"tree_3619409",22.94543568,-15.47199646
"tree_2040037",30.15906174,-12.22173849
"tree_4389372",30.81372089,-20.80437075
"tree_420834",37.95659705,-7.654984539
"tree_241325",31.15821972,-25.17577743
"tree_1367387",30.67310731,-1.139774609
"tree_3141167",29.38226796,-10.23236967
"tree_118605",29.61662219,-29.24790759
"tree_505414",33.52381522,-6.399323931
"tree_1193630",34.63703635,-3.932445294
"tree_1800437",34.41617703,-3.397511699
"tree_1962486",31.95580417,-6.365158136
"tree_1390874",30.84186187,-3.50541792
"tree_2440959",27.49035995,-12.56537969
"tree_4891672",35.61874943,-15.87837837
"tree_1818923",37.84373343,-8.123028898
"tree_199419",21.61881311,-34.23791673
"tree_3972518",29.22892848,-15.71413189
"tree_440621",31.0192705,-3.66777306
"tree_87593",19.94920736,-34.68234251
"tree_2717503",27.33034963,-13.28060772
"tree_4229037",32.84562595,-18.12140923
"tree_704126",39.38677385,-9.600722106
"tree_2433994",25.06262019,-14.49471046
"tree_3196652",27.5350727,-13.46838438
"tree_400923",33.86375828,-3.755215862
"tree_1393189",32.86060622,-7.159174837
"tree_105324",29.47770623,-25.15540416
"tree_150959",28.38179364,-32.47256375
"tree_3956828",31.55552369,-12.87864127
"tree_1586900",32.05415418,-5.650110398
"tree_3963844",29.01068341,-13.66093884
"tree_3340277",30.05431132,-13.23300999
"tree_140961",28.77717676,-24.71683794
"tree_3014871",27.26778784,-13.01142813
"tree_2752581",27.19512963,-13.07092529
"tree_2338249",29.02835216,-10.49433749
"tree_4840106",34.90704178,-14.11482833
"tree_4921023",34.15053126,-12.4288049
"tree_31167",26.48357604,-26.73595534
"tree_225309",30.61598773,-26.64589827
"tree_4077841",28.50441976,-13.76469829
"tree_2066488",29.48260119,-14.43088623
"tree_5034682",25.77504254,-20.89541594
"tree_2414462",29.2067524,-11.43808872
"tree_1046367",38.01456135,-7.457471983
"tree_3231999",26.703019,-15.1904667
"tree_1947088",34.20775795,-6.170800732
"tree_414452",31.68942079,-5.799574486
"tree_5034909",25.4844097,-21.13547799
"tree_3363452",25.48441642,-14.38391953
"tree_2939149",30.39191057,-12.17540282
"tree_4259853",32.76287134,-18.07543415
"tree_174878",30.68449917,-27.20354897
"tree_48509",29.88336607,-24.24545813
"tree_783160",39.72238987,-7.972392896
"tree_2382704",24.74268968,-12.60234005
"tree_2987512",27.70797399,-13.42502357
"tree_274580",30.4711221,-26.23978505
"tree_204308",29.24107132,-31.19238309
"tree_2519529",28.75070044,-13.67058459
"tree_147940",29.88066167,-31.11900326
"tree_1339337",35.4095031,-10.57097662
"tree_1899043",38.62710792,-6.462517132
"tree_565725",38.35333251,-9.695827421
"tree_4028954",26.14194618,-16.18812596
"tree_237846",28.57227347,-23.75361491
"tree_2437813",29.2285679,-11.13465318
"tree_2104369",25.84779762,-13.47298189
"tree_4369089",30.84346928,-17.23949899
"tree_62435",29.41568535,-25.55133074
"tree_1681651",34.99077186,-9.906321177
"tree_3971827",30.94378844,-12.85412123
"tree_2561512",25.36731591,-16.58143828
"tree_3552888",25.46034726,-12.06127644
"tree_624001",38.64883327,-8.565110858
"tree_1014347",32.4370972,-6.903877914
"tree_4537675",30.38714703,-18.60099243
"tree_3768148",23.38670359,-14.40717751
"tree_4181461",29.48955703,-20.46794133
"tree_1143131",32.30052501,-6.097060307
"tree_4083830",24.96868737,-13.1904605
"tree_4127257",26.97751559,-12.93011534
"tree_2300469",32.92313871,-14.05046497
"tree_3591100",24.10030457,-14.38382938
"tree_2792065",31.1595094,-10.21001316
"tree_2246392",29.34080049,-10.47053862
"tree_4171226",29.1011152,-18.51814714
"tree_1939014",37.0597279,-9.981774399
"tree_3462138",22.94814007,-16.95203349
"tree_856035",39.45131886,-9.639936146
"tree_4327341",32.86789216,-19.9048818
"tree_3859401",27.41941453,-13.88756895
"tree_4493368",30.03918104,-17.12699526
"tree_5048965",25.08596145,-21.1883944
"tree_2684377",29.79910612,-9.596651487
"tree_235825",31.62058179,-27.87424427
"tree_3231841",29.28355736,-11.30530187
"tree_1648216",34.35713097,-9.013412977
"tree_3752452",31.8536387,-11.55410819
"tree_4843224",33.44801857,-10.90477603
"tree_2214301",30.95415531,-11.71015303
"tree_247623",28.96720586,-32.07113818
"tree_2011364",37.09425408,-9.298909218
"tree_1715123",37.84517577,-9.976726155
"tree_7026",29.86028853,-27.58919877
"tree_4011145",24.76630811,-14.85340625
"tree_65870",26.22972312,-25.53717763
"tree_4900527",34.00575577,-10.2573387
"tree_4963342",33.23211739,-12.95535481
"tree_2390985",25.82219596,-14.54320967
"tree_2546172",31.10740463,-10.9233481
"tree_4751578",34.53076975,-16.06047575
"tree_4537962",32.18710481,-17.43719184
"tree_1909498",31.38147979,-7.325226014
"tree_275943",29.27208176,-28.91066684
"tree_5044120",22.0299896,-19.04649649
"tree_4220141",30.6958091,-16.80778396
"tree_1020686",32.22191712,-2.736371998
"tree_248829",27.85885303,-31.33733982
"tree_4185234",30.22497325,-18.04848013
"tree_145952",28.36890267,-30.43658881
"tree_1291361",31.28222831,-6.874670215
"tree_199144",29.89193,-29.72658932
"tree_471197",38.61115196,-5.256617788
"tree_4448845",30.88268306,-19.67707978
"tree_3422205",27.37136636,-13.15899912
"tree_2244249",30.80090598,-9.715645816
"tree_4485726",30.95146494,-20.18262538
"tree_1195930",34.42618331,-7.55708466
"tree_585714",34.0023137,-7.08777824
"tree_5036802",28.81974606,-22.13115402
"tree_3129930",22.97878994,-14.5810715
"tree_68235",26.88806397,-31.96800976
"tree_685053",30.68500667,-7.621810363
"tree_5036389",25.33864255,-24.16361321
"tree_4546528",29.84761945,-19.91434726
"tree_1296260",39.31492696,-6.012592364
"tree_2032037",30.96199807,-10.56131687
"tree_1765388",31.61477935,-4.730698915
"tree_53704",30.91049678,-26.27809762
"tree_203433",24.05042833,-33.98009568
"tree_4436131",30.58844446,-18.96708029
"tree_3934840",23.54094453,-14.23021852
"tree_2445605",29.20503962,-10.97590393
"tree_418815",32.22732592,-5.913610718
"tree_1967150",39.29293117,-8.591614141
"tree_4584329",30.23488937,-17.9229952
"tree_117768",30.15155229,-29.80393563
"tree_4033332",25.46269108,-13.71836262
"tree_2152583",32.29193178,-9.723398477
"tree_4354943",27.95517123,-19.90235768
"tree_256848",30.32796925,-29.21743783
"tree_461883",35.08200028,-8.438363869
"tree_4161398",31.97913653,-21.09653789
"tree_4436034",30.75097884,-18.58891271
"tree_1420968",30.60387468,-5.991768356
"tree_30759",19.42031708,-34.00326352
"tree_2558394",25.19279197,-15.27403317
"tree_3552179",30.85129797,-11.547257
"tree_1047296",34.49974299,-9.797152895
"tree_3907480",23.57051263,-13.65327632
"tree_4527741",30.98950682,-17.05136175
"tree_1016302",38.42166368,-5.544638152
"tree_2925569",26.06487078,-15.67933506
"tree_2111344",31.28859942,-9.357220475
"tree_4363076",30.25418075,-20.73901402
"tree_923411",31.23003339,-3.331884524
"tree_1305751",35.51046736,-10.72927514
"tree_1566675",34.56149345,-7.538514333
"tree_3966173",30.0847809,-8.599442955
"tree_2591742",23.94065483,-13.17576651
"tree_3736852",25.65335127,-11.76099606
"tree_2604861",24.64578202,-14.91254282
"tree_3123817",29.11038562,-14.49984885
"tree_4584709",31.00230764,-20.84899362
"tree_3953450",27.86690256,-13.12339097
"tree_1073969",32.91884097,-6.701136819
"tree_284813",27.93241269,-32.62428151
"tree_4209594",32.78973504,-18.67915007
"tree_1576588",39.07946387,-11.1322332
"tree_3093678",30.25533838,-15.24446488
"tree_1679482",31.30882158,-1.110837352
"tree_4246782",31.89295635,-17.5860249
"tree_4224557",29.36064735,-20.11501497
"tree_797600",31.57745863,-1.347113212
"tree_1798510",34.68769878,-9.524637853
"tree_528034",32.52949753,-5.84221412
"tree_3668661",25.24300366,-11.48226086
"tree_217602",23.60194884,-33.81314303
"tree_3157",27.87643163,-25.41574933
"tree_3095530",27.39913153,-16.2857554
"tree_3876693",29.03520331,-15.88973867
"tree_1869927",39.81938768,-10.70105906
"tree_3557893",24.10796703,-13.77416374
"tree_2928397",29.31249444,-10.63361494
"tree_3169457",30.59798584,-11.12104095
"tree_4433511",31.42248109,-19.83348521
"tree_4046567",25.77748322,-13.43421858
"tree_2185899",33.0191449,-12.28898832
"tree_85893",27.34159167,-32.08844645
"tree_1370723",37.87023655,-5.683464868
"tree_1300164",36.45457336,-7.198569172
"tree_1854696",32.61549745,-6.835636469
"tree_1986363",30.56727513,-4.107511193
"tree_4113756",27.95091925,-12.84366415
"tree_1868843",31.17297056,-7.001146763
"tree_1825819",33.13501266,-6.480636723
"tree_4152323",25.83861849,-18.56186854
"tree_1872813",38.38398237,-7.471444802
"tree_851529",35.30700635,-6.477391423
"tree_2134470",30.38001121,-10.22407613
"tree_114811",31.77869898,-28.08600009
"tree_1752349",38.37262389,-7.686986802
"tree_366937",30.75937767,-5.155652903
"tree_1702688",34.99473831,-9.332624278
"tree_442506",32.70744704,-6.014124866
"tree_59407",31.77617487,-28.40854684
"tree_499338",34.43339504,-9.353538432
"tree_204484",29.62293245,-25.1833498
"tree_325536",30.61324993,-5.549686396
"tree_2960009",23.02458444,-13.30602924
"tree_2355353",28.5626545,-15.63705602
"tree_1617271",39.24010523,-8.377153908
"tree_2995868",26.62594361,-14.51039608
"tree_3578991",28.15113499,-14.02152771
"tree_767575",37.17998355,-9.248516923
"tree_3453338",25.5566239,-16.38239322
"tree_3890494",27.08596202,-12.83131399
"tree_3052004",25.1634943,-16.72062558
"tree_2209499",29.13499566,-9.456382415
"tree_2139700",26.82805242,-12.7580243
"tree_251371",27.43200874,-24.73883386
"tree_3316087",22.81138759,-14.25464842
"tree_3420220",29.16699773,-10.12428316
"tree_290385",31.33048993,-27.91670361
"tree_547238",37.08857484,-9.128440827
"tree_1825536",31.37291585,-1.526325882
"tree_4521049",30.92712535,-16.96301747
"tree_31776",19.32512224,-33.57317114
"tree_1075821",37.15086618,-4.006636455
"tree_52191",29.68937052,-30.65213081
"tree_4997393",34.99141903,-16.66202814
"tree_47145",28.22881481,-31.13135343
"tree_2370468",33.33898526,-10.46657215
"tree_1786457",35.11670674,-8.49344382
"tree_29817",30.64276128,-27.70503794
"tree_281375",28.34140795,-31.02669251
"tree_1769372",35.92018394,-10.31036101
"tree_1310087",35.36569182,-10.6719415
"tree_196902",30.7307444,-27.07517933
"tree_1200586",38.8722167,-7.914338087
"tree_2450573",27.10894942,-15.46226056
"tree_4308117",30.80110036,-17.9491379
"tree_3774544",30.69552453,-9.783075935
"tree_2428012",30.36180159,-13.17279165
"tree_4434912",30.72835203,-19.31063134
"tree_1411720",37.04142813,-4.522909576
"tree_2673114",25.46999295,-16.36409333
"tree_3064636",29.12030175,-14.44305611
"tree_3503735",31.33186982,-10.64875968
"tree_3263949",31.1326457,-12.58358943
"tree_3936757",28.10822518,-12.73593823
"tree_741293",36.1268001,-6.480005692
"tree_3357643",25.9737325,-12.19676771
"tree_51473",31.79844109,-24.732794
"tree_873511",33.80399105,-2.08677114
"tree_280566",30.09430918,-29.2832453
"tree_2387708",33.26957233,-10.21127522
"tree_2223208",27.8550032,-12.84294298
"tree_4239972",32.61782541,-18.22399676
"tree_3398315",26.37118914,-15.25032445
"tree_3995337",25.02872504,-11.35659564
"tree_3710233",31.78458636,-13.61613567
"tree_1074754",37.52614674,-8.899827481
"tree_138846",30.70198762,-29.47643079
"tree_943002",39.40732729,-10.12177303
"tree_4467616",32.79072665,-18.2859279
"tree_4525059",31.36163211,-18.73179605
"tree_4367898",30.58835431,-16.81499574
"tree_4944073",33.05678219,-13.29196452
"tree_4726858",33.62082966,-14.48172751
"tree_3882897",23.54608289,-14.27213698
"tree_3550885",26.10597766,-13.88567585
"tree_4170368",32.96074319,-18.20695894
"tree_93806",26.30292219,-32.51322014
"tree_2246671",26.28879509,-16.23085575
"tree_4210906",30.27157905,-19.76380141
"tree_4736986",34.19803853,-13.02206375
"tree_4383828",32.83904524,-18.12492497
"tree_326477",39.83164763,-4.957960053
"tree_4500171",30.33819741,-18.78750703
"tree_4159197",25.70384928,-18.17838227
"tree_253483",28.09539779,-31.25151967
"tree_4440934",30.8201213,-17.18856581
"tree_4608636",32.88610178,-19.91362608
"tree_2101261",30.32934879,-8.65407217
"tree_64748",31.02840857,-25.63029971
"tree_98304",30.45291248,-27.55286944
"tree_3197955",24.17079926,-13.4838897
"tree_727823",33.32927872,-2.593128067
"tree_664549",34.69382875,-9.770018582
"tree_3579956",32.5871621,-13.3949144
"tree_3639307",32.1480577,-13.25067885
"tree_1270913",31.00196234,-2.549496814
"tree_2308994",30.168437,-8.374435497
"tree_288294",30.05275159,-24.2950391
"tree_3957681",29.96335334,-9.772528711
"tree_124972",29.58164529,-31.41811173
"tree_2505093",33.06340691,-11.00583281
"tree_3482168",27.038004,-16.87459703
"tree_3576368",25.66380828,-15.60595523
"tree_3912811",24.87781953,-14.56899177
"tree_274362",32.49617601,-27.07148329
"tree_4268109",29.75548959,-19.89938282
"tree_3100163",25.97905116,-17.1479234
"tree_3800778",24.88485097,-14.22859587
"tree_2247971",32.15526944,-10.1633169
"tree_1166173",32.90721205,-1.93865926
"tree_4532663",27.16593748,-18.81004383
"tree_36760",30.31057095,-27.61119469
"tree_2017064",28.95353043,-14.36174332
"tree_4838802",35.55519606,-14.41799343
"tree_507576",32.39373666,-6.633977141
"tree_4244598",31.22668261,-19.52932849
"tree_32229",28.4027978,-25.94599527
"tree_3581132",23.01043142,-13.09183945
"tree_732648",39.62980925,-10.49263869
"tree_3899044",24.48883668,-13.40176558
"tree_2190570",30.19079337,-10.15646571
"tree_3146400",27.35387791,-14.57863752
"tree_1003461",36.84977633,-3.21793844
"tree_2204039",24.28654757,-11.71177568
"tree_1431494",36.2212738,-8.349478712
"tree_3614703",29.05251146,-10.97229804
"tree_936981",33.87881278,-9.129883183
"tree_4233933",32.78820254,-19.59603743
"tree_2582638",30.57553932,-14.81518382
"tree_4285758",31.31349381,-18.0008824
"tree_127979",31.92239271,-28.13305694
"tree_216967",25.52684984,-30.07942553
"tree_1307815",37.80145464,-4.06739568
"tree_1103938",38.75484574,-7.3872473
"tree_477482",32.48956256,-7.015660465
"tree_3100136",26.59457257,-14.33316665
"tree_4580333",31.24011445,-17.44846024
"tree_1226993",32.7288118,-6.913343372
"tree_4775811",33.15008395,-13.09941006
"tree_138608",18.99230088,-33.30137727
"tree_2314996",27.31511484,-13.49777237
"tree_3579882",26.66876327,-14.50138136
"tree_205625",29.05545941,-31.5291731
"tree_108324",25.3139235,-33.9211394
"tree_4056678",24.74791819,-14.7057451
"tree_4038380",24.16647222,-11.48830072
"tree_1997426",30.54825419,-4.254992042
"tree_1198728",37.0612604,-10.80815395
"tree_1299348",38.16880229,-9.183430631
"tree_4244254",30.62270018,-20.81410665
"tree_2162260",23.79930486,-14.8792785
"tree_835108",30.6531849,-4.683191331
"tree_2128922",27.87817089,-13.45549333
"tree_3274655",28.51235266,-15.64516927
"tree_4836624",34.21561713,-12.74531179
"tree_506876",35.72880258,-11.4775872
"tree_4243178",31.85635682,-17.79967381
"tree_4661857",34.16387296,-12.91100238
"tree_233855",30.24891065,-30.91572128
"tree_3638677",30.05981027,-10.21713479
"tree_4196844",31.06739351,-18.93138199
"tree_224585",26.12596435,-32.72236169
"tree_3353979",30.51505091,-10.18675518
"tree_495759",39.08288945,-11.13728145
"tree_1131828",37.97102051,-9.214801863
"tree_126515",29.88444783,-29.45695899
"tree_3984329",30.03258598,-9.632259639
"tree_1442869",36.95786218,-9.345605477
"tree_2146313",31.36396203,-9.226056272
"tree_286726",29.49528482,-31.42045556
"tree_2671964",22.91559713,-14.47623028
"tree_424967",38.11868075,-9.623799794
"tree_2789783",33.09396663,-10.93858298
"tree_43316",29.24738159,-31.18805603
"tree_2020153",22.45530827,-13.18685462
"tree_146127",29.4424589,-29.91382509
"tree_2590776",24.88971889,-14.73242868
"tree_2826547",26.57212605,-15.60965126
"tree_4309075",29.5652802,-21.70160602
"tree_4547833",32.80325703,-18.67599492
"tree_3597556",22.47577156,-14.19100448
"tree_2767301",28.22586657,-13.81689353
"tree_750226",33.83391974,-6.957064773
"tree_4332835",31.88213876,-18.26654625
"tree_1313767",31.45738328,-3.892510076
"tree_2647679",26.14762542,-14.07768943
"tree_2752808",27.9440681,-13.68915492
"tree_201026",30.71893519,-28.62462972
"tree_20395",27.11415172,-25.82132166
"tree_3025044",31.13706288,-12.92074003
"tree_213427",25.43868644,-33.31525994
"tree_3051874",28.26850594,-15.7072807
"tree_571801",35.64586765,-7.997453823
"tree_4818402",34.86927035,-13.58079621
"tree_2751717",30.59068396,-8.67543706
"tree_2335698",26.38651407,-17.15630709
"tree_4286196",30.67805021,-17.22128925
"tree_4705797",33.93255671,-13.57430561
"tree_2321703",24.92478594,-14.35660492
"tree_1322953",39.62539206,-9.754783702
"tree_4604606",29.68598654,-19.51968274
"tree_4248230",29.98743687,-20.71224029
"tree_4238479",30.9218067,-18.40329958
"tree_3189538",27.33449637,-16.59820566
"tree_573838",34.00105165,-9.061822033
"tree_1362824",38.43996345,-7.968787007
"tree_4600972",31.40949997,-20.99692521
"tree_200541",29.6576389,-31.37790607
"tree_2404341",25.35595743,-14.74036163
"tree_2654642",31.4606894,-9.550135523
"tree_210136",27.37737988,-26.00080477
"tree_269201",28.7519357,-24.69664496
"tree_4447822",31.64171769,-17.72962942
"tree_2254986",25.24453615,-13.90532795
"tree_4498237",31.66326274,-17.8015669
"tree_155270",30.23998614,-30.15632111
"tree_3469807",26.05928169,-13.4886675
"tree_4323972",30.20234644,-17.99069576
"tree_1898861",38.75989396,-7.187120475
"tree_2003104",35.35171909,-9.978078363
"tree_3165326",27.71698866,-12.54338377
"tree_2907546",27.098853,-11.90018336
"tree_2625999",29.53677933,-11.11346859
"tree_1290813",35.58727232,-10.24130824
"tree_4589967",29.78271388,-18.74937475
"tree_2320860",27.22568935,-12.06713601
"tree_149345",32.00496702,-27.81393578
"tree_3316454",25.37182324,-15.74631445
"tree_260776",28.80575324,-23.7245875
"tree_47774",31.67322742,-28.63670945
"tree_89523",28.4014456,-25.95681293
"tree_3344869",25.23588207,-16.19705054
"tree_538482",30.4992144,-6.404011587
"tree_4138965",32.75547932,-19.10076861
"tree_5040167",26.45573999,-21.57810083
"tree_3768362",25.01637495,-11.83311383
"tree_4613096",31.85121846,-18.54609278
"tree_3975375",24.03458765,-16.3504811
"tree_3633150",26.11949966,-13.43602153
"tree_2634001",31.73473526,-12.45197449
"tree_430482",32.0171039,-5.822652174
"tree_1997598",30.79426443,-6.935790029
"tree_5019897",22.32413816,-22.01233998
"tree_4132290",31.62558145,-18.18694626
"tree_1214251",33.83527194,-6.848347227
"tree_787818",37.6823709,-8.265281209
"tree_3763421",26.58871303,-12.02098064
"tree_4327597",29.74214789,-17.11266185
"tree_2786941",25.56356519,-16.32289606
"tree_1644534",38.03259068,-5.63803067
"tree_3400192",27.3673999,-13.8305959
"tree_481788",33.81093234,-8.483617773
"tree_2992611",31.51288432,-8.727361858
"tree_175809",22.64549309,-33.89634892
"tree_2990510",29.19764759,-14.08318841
"tree_227753",28.26595522,-32.66475762
"tree_2504923",27.09037921,-13.91677664
"tree_437972",34.65813067,-9.276101972
"tree_3091620",22.29908411,-16.53140657
"tree_2540331",23.67102616,-15.07075119
"tree_4980638",33.32217387,-12.92533578
"tree_3494127",25.02511918,-16.75001358
"tree_4594929",31.11417961,-21.692411
"tree_2208350",33.10325174,-10.39138937
"tree_3094653",27.41436632,-16.56052412
"tree_70108",30.95566024,-26.24573477
"tree_2976488",32.01536182,-13.43908653
"tree_3280518",24.90504382,-12.48929544
"tree_2138796",30.48602369,-10.86087608
"tree_4445133",32.72230536,-17.91226768
"tree_3417544",29.5148737,-8.61161283
"tree_3351965",25.06559503,-16.60911348
"tree_2653457",28.94776104,-14.44864523
"tree_4180500",31.34207029,-19.43557538
"tree_276869",25.16382936,-33.24990321
"tree_1343577",39.18223107,-7.586112064
"tree_1411024",30.70925613,-4.356948547
"tree_4604036",29.92974303,-19.77948702
"tree_4625352",34.60315749,-16.24049975
"tree_4946467",34.50507796,-16.02017995
"tree_1232167",39.09785379,-7.712498465
"tree_1159939",32.16440355,-5.808408913
"tree_1608532",37.91260548,-7.096973256
"tree_2392892",28.12003439,-15.58441004
"tree_4283611",31.73096286,-18.96446602
"tree_3741303",25.31241659,-16.43053184
"tree_232257",29.52981098,-29.87407017
"tree_3387289",29.69832215,-14.20921422
"tree_4395032",31.48278918,-19.83420638
"tree_2898494",22.24166068,-16.26574272
"tree_369532",30.55708856,-4.857355757
"tree_2071113",29.35991158,-15.27349228
"tree_3922636",32.47213495,-13.3282956
"tree_262381",29.91158196,-31.22438536
"tree_178668",32.54783003,-27.42008258
"tree_4408815",31.44727141,-20.31072458
"tree_4421042",29.07587414,-16.28961775
"tree_3742247",26.14969879,-12.06461189
"tree_4358201",32.31826816,-21.33741125
"tree_744539",33.65461803,-3.918021739
"tree_3674491",33.07025806,-11.09417708
"tree_2443711",31.59446705,-11.90045381
"tree_4867839",34.31459813,-11.68409873
"tree_3946481",26.95425775,-12.48541911
"tree_2371292",31.43175232,-9.038820499
"tree_1706433",38.00094921,-7.418979121
"tree_1522501",36.05522365,-3.754043949
"tree_4805671",35.23102877,-13.92660094
"tree_329884",31.69050255,-4.181882648
"tree_733447",31.57628673,-4.274103253
"tree_4770590",33.78579799,-13.78317672
"tree_4385025",30.93370606,-18.18577434
"tree_5047261",23.04738483,-20.55123386
"tree_2435977",26.84445912,-12.21975525
"tree_3242991",25.94777027,-16.21634204
"tree_2967683",29.28860557,-15.23517972
"tree_3664737",23.44899493,-13.34812799
"tree_4681135",35.16161587,-14.79210439
"tree_3141743",26.69742991,-12.23805514
"tree_844798",29.71322565,-4.547790208
"tree_211089",26.22701873,-24.89118266
"tree_1319340",32.31404701,-7.364440054
"tree_2196589",26.03358989,-14.77173287
"tree_1837925",38.42283559,-7.708351693
"tree_2825060",24.94218425,-14.4724441
"tree_4378931",31.1961229,-20.75433904
"tree_4396316",29.22515696,-19.63435
"tree_4632137",33.95905982,-10.55040731
"tree_197889",23.33754877,-33.77419943
"tree_2435628",30.73464818,-11.56582733
"tree_5028270",25.51884573,-18.50065508
"tree_4616021",33.74748567,-12.31576029
"tree_1679979",32.60197545,-8.575207347
"tree_885369",31.29511929,-1.552829165
"tree_4914314",34.94111721,-16.72179575
"tree_3658654",25.79659431,-13.47406365
"tree_1782269",31.26032267,-6.754053237
"tree_500212",35.41996012,-8.115095943
"tree_3229535",25.6348712,-12.03973126
"tree_1673854",39.61150948,-9.717372607
"tree_3045028",25.64758188,-16.05290514
"tree_2514632",25.92838873,-13.25239164
"tree_2171368",25.5228189,-15.86819349
"tree_4964351",33.98132603,-10.55716835
"tree_826273",38.22280014,-10.75866313
"tree_4374700",31.24326959,-19.53041026
"tree_4467764",31.30889633,-18.16017253
"tree_2506127",25.57510396,-11.97428438
"tree_4552097",31.14266595,-19.76335067
"tree_2761880",29.70932005,-13.75577371
"tree_734386",39.55922441,-10.81374308
"tree_77971",29.14227062,-30.48698111
"tree_3732921",29.47638107,-8.571857906
"tree_3948193",26.53237137,-13.09571578
"tree_2223872",22.72160151,-15.60081684
"tree_2621899",27.88790673,-15.81076971
"tree_1443903",36.96696699,-8.49182117
"tree_4609589",30.82075233,-20.91876757
"tree_1492780",30.35290637,-6.151869816
"tree_4418915",30.98662213,-17.58963079
"tree_4356092",31.3685734,-18.04505454
"tree_4964972",34.87567076,-16.1611702
"tree_3037917",27.41463676,-16.28692732
"tree_4759034",33.05993732,-13.15746487
"tree_27934",29.55604365,-31.44452486
"tree_4019148",25.44989025,-17.01261243
"tree_659462",34.95669642,-9.058216144
"tree_105843",18.71996791,-31.82864216
"tree_2309978",26.85482598,-15.10031948
"tree_4751779",33.74658421,-10.5895312
"tree_1696567",30.42989162,-3.869792977
"tree_81130",32.01524374,-28.39448387
"tree_2010657",32.30404073,-7.25923825
"tree_4361",32.14712826,-27.19092835
"tree_2572807",26.28527937,-16.29125438
"tree_3116401",25.03079842,-14.18253064
"tree_258425",30.52539037,-28.40070403
"tree_4812723",33.25176935,-12.93254756
"tree_47294",31.06176282,-29.61228265
"tree_4366398",29.43880448,-17.25284078
"tree_2139615",25.63613325,-14.09418637
"tree_2414442",25.90062356,-12.83203516
"tree_196342",28.99668381,-31.81322699
"tree_2623110",22.19775926,-13.55104938
"tree_4036107",26.63126226,-15.33623475
"tree_2783347",23.46675382,-14.08940857
"tree_4303568",31.4770198,-19.01224404
"tree_4320680",32.71139761,-18.39816119
"tree_2815029",32.12993822,-12.98023719
"tree_3327862",25.25697639,-13.28394317
"tree_163513",21.64387387,-30.02119043
"tree_2366156",31.85940809,-12.37760303
"tree_3131909",25.06784869,-12.39247733
"tree_4458137",30.61954505,-20.97033178
"tree_1625122",30.19073252,-4.544635056
"tree_1776246",36.36190259,-5.757656029
"tree_5045108",21.64866922,-19.3573241
"tree_3832330",30.84336506,-11.14078319
"tree_2051484",28.98030399,-14.50877343
"tree_238463",30.25900708,-28.00649024
"tree_3499349",24.9961821,-14.87702482
"tree_3791351",30.46294614,-10.16088293
"tree_4277439",30.52678417,-17.6182976
"tree_4328983",28.02178959,-17.88567425
"tree_1390926",31.45431829,-3.735473622
"tree_206269",31.7166781,-25.50598669
"tree_2569356",28.39209702,-15.05840102
"tree_263993",30.49059377,-29.90778523
"tree_4532746",31.63558772,-18.19578069
"tree_424610",38.27616697,-9.149084541
"tree_2290018",27.25029939,-11.97653806
"tree_281260",32.50519067,-27.25168758
"tree_51214",22.40371982,-33.97531788
"tree_3114107",28.88357662,-14.41465973
"tree_5028683",22.04477365,-19.06930374
"tree_3859540",31.52307089,-10.31972233
"tree_2167805",22.62568546,-14.86710862
"tree_4173723",31.30601164,-20.20822719
"tree_148777",28.90455395,-31.41360437
"tree_3224210",24.83454913,-11.71375892
"tree_2496125",28.07279754,-14.80481689
"tree_2607084",25.11003733,-14.48470412
"tree_1929436",33.28231231,-6.252113523
"tree_140076",28.22259469,-30.90562479
"tree_3417989",25.79253771,-13.46072187
"tree_256801",27.62474223,-31.66763923
"tree_201297",27.91789908,-25.80888135
"tree_3605521",31.74384007,-12.97627071
"tree_3393880",29.54903928,-8.938216203
"tree_4302684",32.68841022,-19.42187301
"tree_3251875",26.26247226,-16.28647658
"tree_4416916",31.898275,-18.35389891
"tree_784147",31.60774791,-1.957049293
"tree_292536",28.64330901,-30.61760443
"tree_2554750",31.4606894,-8.961023449
"tree_4485502",31.02790929,-18.27348759
"tree_865689",38.2671523,-8.172519721
"tree_1348085",38.14689665,-6.739178946
"tree_270554",29.92041633,-30.08231024
"tree_1828068",35.26355566,-8.408254698
"tree_4564523",29.69391944,-19.54167866
"tree_4512356",30.84382987,-20.25970126
"tree_2505943",25.49775813,-11.85222504
"tree_1663311",37.38425589,-9.246804126
"tree_217149",18.84337864,-33.48058994
"tree_3258535",25.16998486,-11.76261871
"tree_436206",29.98276417,-6.346317367
"tree_447",31.34698676,-28.26250834
"tree_4757252",33.52067675,-10.89711351
"tree_583256",33.65912536,-6.253646026
"tree_82901",26.92628614,-33.44110546
"tree_188056",30.61905272,-29.12494678
"tree_1072537",35.73565373,-5.958323738
"tree_4520350",30.89268934,-20.81960563
"tree_2694504",29.81902853,-9.022954588
"tree_2444584",24.86934574,-14.28629009
"tree_3106369",27.30258445,-16.16207342
"tree_3768269",26.50875295,-14.71494012
"tree_3341494",25.37651087,-13.66517576
"tree_3879013",28.45637159,-13.44963376
"tree_3323964",25.00168104,-14.46667468
"tree_4559083",31.86699412,-17.54915469
"tree_2031817",23.28853387,-16.65328561
"tree_4180219",29.52750876,-19.07138062
"tree_4631255",34.5681806,-15.54384204
"tree_1030529",33.92280435,-7.312785698
"tree_4762315",33.18019293,-13.69564377
"tree_2661390",22.20271732,-15.0478538
"tree_380829",31.68419228,-5.83184719
"tree_3469566",29.77341432,-10.71826318
"tree_541908",38.89709718,-7.84780944
"tree_2064383",26.25679302,-15.07462752
"tree_3156971",25.04459086,-16.72206794
"tree_526937",32.75567551,-6.783982113
"tree_58460",20.92774904,-34.27208252
"tree_4007207",25.20910851,-15.16261121
"tree_159222",31.29857802,-27.39673445
"tree_579200",31.55338947,-5.841222501
"tree_63243",29.53071245,-27.03975147
"tree_1561148",34.57934249,-5.818415255
"tree_3636197",25.91486673,-12.48190337
"tree_4208985",31.25417733,-16.95346187
"tree_1561424",31.4972281,-1.029524561
"tree_3335196",27.48981907,-12.31972852
"tree_2894612",31.03177158,-10.46999774
"tree_2276765",30.75790602,-10.96220155
"tree_239280",27.55496874,-32.22799434
"tree_469846",31.71682537,-1.535250457
"tree_4505864",30.63730393,-17.32775312
"tree_15007",32.71072499,-26.9934158
"tree_15063",29.54116946,-30.98540508
"tree_288038",26.7870096,-25.25348433
"tree_3632562",25.83707016,-13.07750604
"tree_4559663",33.02691082,-19.8077031
"tree_4188597",27.61117169,-18.86755776
"tree_4712225",35.32514186,-14.74621945
"tree_4192207",31.14771416,-16.5732209
"tree_1579376",32.28393802,-6.914605433
"tree_2877083",28.13968636,-13.88008673
"tree_1357270",34.39463198,-6.707086536
"tree_3983679",30.82722881,-9.236333055
"tree_3730054",29.15906482,-11.07281219
"tree_4598557",31.02502459,-16.63262791
"tree_272727",32.27793102,-27.86820441
"tree_800480",34.87700677,-11.18523977
"tree_2134427",31.12949057,-11.38886834
"tree_142708",29.25297068,-25.63733119
"tree_4519288",30.13536749,-20.85782805
"tree_4067137",27.30051108,-12.25319987
"tree_4696619",33.82257782,-10.40355749
"tree_26562",31.71974308,-28.52231263
"tree_237330",28.92032961,-31.92023174
"tree_167195",28.3707056,-24.24401578
"tree_4524214",31.94947829,-17.36020612
"tree_360834",39.07099009,-10.38175761
"tree_2579689",29.40777946,-12.35227167
"tree_1464659",30.76821204,-1.120212663
"tree_2564401",25.20424059,-16.03812099
"tree_302871",38.95794617,-5.19919401
"tree_3404728",29.20314654,-13.97753587
"tree_2028796",25.61197395,-15.39690383
"tree_161930",20.17610643,-28.41053008
"tree_190903",31.41676026,-28.14585784
"tree_1848536",37.89358453,-7.764333116
"tree_4482107",31.28599909,-19.74982859
"tree_4495957",29.89422526,-16.60305963
"tree_152945",27.20889583,-25.75731714
"tree_2454239",32.42904485,-9.928032663
"tree_103034",30.27730684,-29.23889287
"tree_4051716",23.54139526,-13.65102264
"tree_2081553",28.50973841,-14.9697863
"tree_1079236",38.12526145,-7.397433936
"tree_68111",30.10656912,-30.08321172
"tree_2855712",26.98021999,-12.25256884
"tree_2814803",27.52569744,-12.99583266
"tree_3155203",24.54112175,-17.00720359
"tree_951043",39.24587461,-7.711146257
"tree_134645",32.11314298,-27.11998249
"tree_2623465",28.48873424,-13.01611578
"tree_4375689",28.68283483,-19.88333662
"tree_4831934",33.71593435,-10.59845578
"tree_2506542",27.12625758,-13.14187115
"tree_4370338",31.29934079,-17.42123578
"tree_1333445",39.66289307,-7.943545786
"tree_2866871",25.28185687,-12.46910246
"tree_3785816",30.82858101,-14.75821078
"tree_4574576",31.7927133,-18.23364252
"tree_42801",27.41641337,-25.763357
"tree_4137522",30.3880485,-19.5646662
"tree_856895",36.05567438,-11.04262687
"tree_1283136",36.9882416,-8.303143041
"tree_1129243",35.5176791,-8.079758233
"tree_1086553",38.98895663,-9.219940254
"tree_3638141",26.19035493,-17.38672338
"tree_2467201",27.26418198,-12.43917358
"tree_2841353",30.23280171,-13.67401018
"tree_198506",28.1982551,-25.85007863
"tree_3451499",27.20333298,-12.02161167
"tree_808151",37.52272116,-3.129143429
"tree_4717781",33.71232849,-10.95039052
"tree_485",19.32476165,-34.0425677
"tree_1048733",31.23733527,-3.021147061
"tree_154254",31.01515702,-27.38609708
"tree_189763",29.97693827,-31.20770812
"tree_42421",26.23954911,-33.5858819
"tree_231817",27.54162704,-32.95710505
"tree_1863411",33.30205443,-6.309357007
"tree_4484835",30.98067245,-16.59395476
"tree_1067858",39.21837988,-8.740176757
"tree_1890200",38.2967204,-8.574215727
"tree_4491882",29.90179757,-19.69808408
"tree_4298895",31.40598425,-19.85295701
"tree_493730",31.5715991,-7.146914815
"tree_1432170",35.96399522,-2.315654929
"tree_5025157",22.77514191,-19.52508807
"tree_3407648",30.70462935,-12.91866664
"tree_88989",30.95881537,-27.53655279
"tree_3601189",28.90791622,-13.53536376
"tree_4468014",31.36677047,-22.13350134
"tree_1974989",38.5142443,-5.621082993
"tree_1168722",33.45377126,-9.409249413
"tree_4490204",29.18657421,-17.00836152
"tree_870950",34.8600592,-11.07084295
"tree_347532",38.67704917,-7.436377534
"tree_194196",30.03454197,-30.07032066
"tree_1033117",38.64567814,-6.871334768
"tree_3694385",27.83589211,-12.27456476
"tree_4590484",26.8469987,-18.78786762
"tree_4504662",31.91405067,-17.54239364
"tree_1528923",39.83263924,-5.180533536
"tree_2076941",24.89566857,-14.24374061
"tree_4944314",35.70105331,-15.93165538
"tree_1075274",31.30864128,-1.157263169
"tree_3290466",25.34892599,-13.92786475
"tree_4227169",31.25300542,-21.79121235
"tree_4630025",33.01495415,-13.63650719
"tree_3713426",26.23353519,-14.6213673
"tree_1191835",35.79983815,-5.744224094
"tree_2053475",28.05557953,-13.05767365
"tree_5022727",24.43681534,-21.04875636
"tree_164987",30.66836293,-26.98764638
"tree_1004769",38.50802418,-8.48370792
"tree_4196205",32.68047732,-18.26366154
"tree_1353761",30.18541387,-5.375251528
"tree_2719341",26.5666271,-14.26555623
"tree_3072942",30.11173475,-13.03108022
"tree_3244356",23.03684439,-14.47208351
"tree_1071859",34.28979141,-6.630281105
"tree_724940",30.66247001,-4.866370479
"tree_2202226",22.70411306,-14.67121872
"tree_1848986",39.75024519,-10.52689463
"tree_1563798",38.33701596,-7.992405579
"tree_211786",31.50997187,-28.665827
"tree_4169073",32.78180213,-19.66103358
"tree_231935",29.76906014,-30.19283073
"tree_622511",31.20767702,-3.336391885
"tree_2548118",23.33414808,-14.20921422
"tree_486740",31.62631812,-3.862491053
"tree_1316864",37.15131691,-4.599534712
"tree_416182",35.34522853,-11.13349526
"tree_2391268",27.19693257,-13.85250168
"tree_2285953",31.83119219,-13.07326912
"tree_206289",31.81908467,-24.8219496
"tree_985689",31.50975849,-5.747649688
"tree_28972",30.21104907,-26.99485815
"tree_4121325",28.72455791,-13.18451079
"tree_4488695",30.32188087,-18.04126835
"tree_3695127",30.06594024,-13.03279302
"tree_2545921",24.98824919,-11.43015577
"tree_625448",31.62352358,-4.398686709
"tree_2210333",24.98094731,-11.68112562
"tree_4608365",31.05197844,-17.61874834
"tree_1962575",38.63116452,-6.280600044
"tree_1972641",37.38218252,-2.96219078
"tree_1206549",34.48189395,-9.319192342
"tree_2094297",26.27572382,-15.84773007
"tree_5020411",25.21919822,-17.89594754
"tree_181764",27.01309735,-30.60489367
"tree_198836",30.55027084,-25.69827071
"tree_4190158",31.67930884,-21.23509416
"tree_4115323",26.02322302,-16.0654356
"tree_3497111",25.36533268,-11.92136796
"tree_48380",30.34942415,-26.82727447
"tree_1082429",31.3567796,-5.779201215
"tree_1359248",31.01052627,-7.001327057
"tree_3766232",28.86698963,-11.84555415
"tree_4980465",34.7408114,-16.46127029
"tree_4437186",31.33044138,-17.4693744
"tree_771890",38.80388553,-7.98005541
"tree_287476",24.8484063,-33.93060486
"tree_973585",31.24526818,-3.371008417
"tree_3804462",28.24191268,-12.91542134
"tree_2963465",27.85320027,-15.23121324
"tree_3257695",25.85744331,-15.19055684
"tree_4718477",33.77119424,-12.10445521
"tree_679779",35.35009645,-8.374900227
"tree_4909689",33.24960583,-13.13664087
"tree_3125166",28.50405917,-13.19100139
"tree_1045964",32.21831125,-3.145189634
"tree_1341021",34.45106379,-9.330010008
"tree_4511032",32.04629577,-17.88693631
"tree_2960581",28.72392688,-9.341534859
"tree_1624902",31.25293065,-6.8994607
"tree_3539675",25.18891566,-11.67968327
"tree_1204332",38.6925544,-8.145114967
"tree_3692743",28.00077035,-14.06326587
"tree_4774385",33.42746513,-11.03332596
"tree_180737",26.38693885,-33.66485086
"tree_2470939",27.08623246,-16.32812459
"tree_2641022",31.44220934,-14.53049891
"tree_84646",29.70586735,-29.58100156
"tree_228735",30.03661534,-30.92275276
"tree_3217272",31.15220752,-12.36669522
"tree_4393956",31.50938244,-16.54311173
"tree_2283642",28.60619534,-13.55772027
"tree_1378303",37.82588439,-5.291775204
"tree_4247396",31.07992389,-18.00187402
"tree_419493",35.34919499,-3.230468903
"tree_3075775",28.16546831,-15.69961819
"tree_3513467",25.41500349,-14.82780444
"tree_444672",38.34927591,-9.855207704
"tree_2054089",26.49234625,-12.03107713
"tree_23813",30.41982867,-26.28242469
"tree_3357670",30.07143919,-10.38516921
"tree_4251459",31.31628836,-18.37219879
"tree_2213650",29.91800957,-10.1277989
"tree_86572",30.88931232,-29.59082761
"tree_48279",30.3172418,-28.33534729
"tree_1715932",37.72221573,-8.358042697
"tree_147408",29.55234764,-30.36546266
"tree_1834527",33.97283574,-9.107797114
"tree_621728",36.11616279,-5.992850123
"tree_289685",26.62546683,-27.44956072
"tree_3845532",29.00013625,-15.12691291
"tree_222781",20.05585083,-34.60761047
"tree_1819380",30.93065633,-4.716726096
"tree_511666",31.62983384,-1.942625738
"tree_3799007",27.57852339,-14.89424294
"tree_2327973",29.01672324,-13.85854154
"tree_1541788",39.27499199,-10.95833922
"tree_53425",24.67550506,-34.16516792
"tree_491624",37.779549,-8.368950511
"tree_44961",27.26226263,-31.94439119
"tree_4877311",34.06191712,-13.22345264
"tree_4515443",31.12427603,-17.65183237
"tree_3488599",27.48341866,-12.69735522
"tree_619161",36.32539319,-3.291408423
"tree_2974940",26.18305305,-13.85367359
"tree_550049",37.96660333,-8.203169776
"tree_4211542",32.53299743,-18.51733581
"tree_26861",27.57606305,-31.95953592
"tree_388147",29.65327812,-4.744311145
"tree_4597449",30.81534353,-16.93858757
"tree_292558",29.11495619,-31.18787573
"tree_2629916",25.50451913,-13.07290853
"tree_3199244",28.28978055,-15.64607074
"tree_4397379",31.90070896,-18.55285382
"tree_1164969",33.16151578,-6.094896774
"tree_4588313",31.77342192,-18.11780334
"tree_5011649",33.87351066,-14.45107746
"tree_895456",30.7897571,-6.997721168
"tree_1500887",34.61404895,-9.385720989
"tree_5045785",23.22578508,-19.03441676
"tree_40081",30.12775358,-29.7740969
"tree_3246652",30.14833429,-8.395169358
"tree_1903933",37.22009882,-2.939383534
"tree_687026",32.33162561,-2.599979256
"tree_4008546",25.14618614,-13.08579958
"tree_4764408",35.32622362,-14.69573701
"tree_234687",18.99320234,-34.08701028
"tree_1610789",35.28086382,-10.37625863
"tree_4183472",31.20657991,-18.83113828
"tree_4934915",34.12745372,-12.65318133
"tree_3274321",29.45032869,-12.04450906
"tree_2251241",31.49323235,-10.37876876
"tree_101148",27.0570889,-25.84737421
"tree_4256351",30.79046306,-19.61460776
"tree_4809884",35.31026766,-14.53067745
"tree_1569433",31.09057651,-1.59123188
"tree_62013",30.95061203,-27.69611337
"tree_95009",28.84884333,-30.92897292
"tree_1669414",35.16114905,-3.911891728
"tree_2960978",24.86916545,-14.68077432
"tree_695774",37.97669975,-9.625692885
"tree_3145840",26.9273039,-14.60829596
"tree_4890728",33.84412286,-14.49074224
"tree_3405279",26.59980107,-12.24003838
"tree_217388",24.53199163,-32.02317986
"tree_567816",30.66382221,-4.386606982
"tree_193895",25.78701302,-28.11277381
"tree_1184376",38.40345405,-6.661832632
"tree_47819",30.42830245,-30.59632968
"tree_182129",20.82543261,-33.9585505
"tree_2497293",29.91386282,-8.968956404
"tree_249152",31.88660449,-28.05760371
"tree_2252208",23.31837242,-16.18298757
"tree_4298125",30.13861277,-17.80742647
"tree_2487463",26.70103578,-14.94418449
"tree_216112",29.17003578,-31.3443713
"tree_1174366",34.88511997,-9.392121442
"tree_3105884",27.47341238,-13.58638709
"tree_499862",39.34728961,-7.255902803
"tree_999578",32.0022297,-4.697074002
"tree_4026733",26.04819365,-14.36688171
"tree_106090",28.18166812,-32.7332695
"tree_3484282",23.58529668,-14.86810024
"tree_4382534",29.59899504,-19.47388795
"tree_129530",30.9097756,-27.83178493
"tree_534780",34.4074328,-6.009978094
"tree_124791",30.37295242,-30.08744864
"tree_1232138",31.00547806,-7.014308257
"tree_663501",30.23760879,-4.766487361
"tree_430172",39.26327292,-7.768930624
"tree_3419",28.05717562,-31.18517132
"tree_4278033",29.97310356,-18.39320309
"tree_1073865",38.34413755,-5.997357484
"tree_3404764",30.97344669,-9.823191448
"tree_1232334",37.19774244,-9.346056213
"tree_3890386",30.10722741,-9.706180358
"tree_1199213",34.63532357,-5.575738942
"tree_1669003",30.01116037,-5.868446961
"tree_2496248",30.79135043,-11.2492303
"tree_4559768",30.60557232,-21.38473854
"tree_2348685",23.06722382,-15.85953935
"tree_593427",35.18215322,-8.366877125
"tree_4631413",33.89875172,-10.60260255
"tree_178",30.48608644,-29.02118733
"tree_238666",29.96260496,-28.65014138
"tree_4626302",33.42385927,-13.43791287
"tree_141493",27.77709004,-32.81656553
"tree_2503786",28.94127048,-11.41744501
"tree_323772",37.49549687,-3.178363811
"tree_4346430",30.33612404,-17.9409345
"tree_2101562",28.46827095,-13.01773843
"tree_1406642",31.28511301,-6.89071642
"tree_1727282",38.35315222,-10.21868129
"tree_4503382",31.0490036,-20.23860681
"tree_102354",25.04330332,-33.77149502
"tree_4209052",28.99528306,-17.99556371
"tree_2367198",28.57239034,-13.37985981
"tree_769863",32.06407032,-6.146010247
"tree_3514201",31.06323277,-10.45259933
"tree_2120052",31.46186131,-10.64235922
"tree_3945686",24.94714231,-14.64940309
"tree_665294",37.86572921,-5.728628625
"tree_2919854",31.95379165,-9.822380123
"tree_4729410",35.29539347,-14.25185211
"tree_4790385",35.5554665,-15.98664518
"tree_773548",31.63280868,-1.527497796
"tree_851118",37.2328095,-6.581691755
"tree_4493859",32.754668,-18.77551745
"tree_689194",35.44934793,-8.060827318
"tree_1815382",32.40464441,-6.915326611
"tree_4054372",23.54292775,-14.23643868
"tree_1788870",38.68759633,-6.095167216
"tree_454362",37.48864572,-8.990515583
"tree_257526",30.70126645,-27.50013331
"tree_2819623",27.82696759,-13.04126686
"tree_4085934",25.20784646,-13.69095786
"tree_305546",30.58133801,-5.844287506
"tree_2889462",29.33133509,-13.73098323
"tree_3312081",24.26184739,-13.60667021
"tree_2343987",31.18619282,-13.39121836
"tree_4374938",31.09723204,-18.79525969
"tree_1956631",32.55951637,-8.76307415
"tree_3605421",28.13472829,-12.74432192
"tree_4173168",31.7258245,-17.73098163
"tree_4823710",34.01449999,-13.92759256
"tree_4719326",33.02117427,-13.52057787
"tree_2959182",26.37569647,-15.78661025
"tree_4017341",27.03250505,-14.21858953
"tree_4392848",31.29339111,-17.46712072
"tree_783022",29.96103883,-6.162146599
"tree_4134773",31.61665693,-21.07715623
"tree_224566",30.89210686,-24.86314688
"tree_1838570",36.83147655,-10.27763757
"tree_2209060",24.96724502,-15.0348726
"tree_4356902",25.74144042,-18.35993877
"tree_598580",34.34658381,-9.19803448
"tree_4701805",33.96410803,-13.61270833
"tree_2132280",25.45484832,-13.52652934
"tree_2091626",24.71447378,-11.3561449
"tree_2843290",26.58005896,-12.19631698
"tree_3945039",24.99717371,-11.76757681
"tree_204237",28.77230884,-25.5430372
"tree_1843698",35.18341527,-10.25933768
"tree_4035447",25.47756527,-16.00260299
"tree_1990886",34.19035964,-7.28484006
"tree_2967058",31.06296233,-9.73529791
"tree_4259859",31.54499036,-18.76253625
"tree_4128674",23.50551689,-14.63921645
"tree_898110",32.27699673,-6.339195737
"tree_18490",29.92230941,-30.77121529
"tree_2170001",23.79308474,-14.27772611
"tree_4280185",31.23686918,-20.11952233
"tree_389205",39.98471666,-10.24788899
"tree_3755053",25.42780432,-13.99006633
"tree_2535319",25.60070562,-11.82707397
"tree_553540",32.557443,-6.68878665
"tree_4280558",30.86041685,-17.11383377
"tree_3981811",24.98879007,-13.46730261
"tree_4369572",26.60729881,-18.16062327
"tree_1314873",33.06767311,-6.230297897
"tree_3667575",23.97049337,-15.961586
"tree_4816780",33.92489424,-11.7533318
"tree_1338746",30.946432,-7.179728403
"tree_1227351",35.11832938,-8.973838348
"tree_1512993",31.23778601,-4.114903265
"tree_3730682",30.50720815,-11.60314828
"tree_4040856",30.8679751,-9.300698169
"tree_493677",35.7566579,-11.43494756
"tree_1892901",30.76109046,-3.796232847
"tree_361850",31.28376081,-1.542822823
"tree_2419762",22.6286603,-16.89767472
"tree_2894918",32.79738411,-11.24301014
"tree_3883857",25.63667413,-13.8891916
"tree_60646",28.03986747,-32.5583839
"tree_4127390",31.08423694,-12.2101095
"tree_3360279",30.84489755,-9.305656266
"tree_2130541",25.0218739,-16.34597374
"tree_1545321",38.59366351,-5.480633627
"tree_1294963",34.4168982,-3.214512845
"tree_3730239",26.19648491,-13.93020858
"tree_4481419",30.9753538,-19.90497195
"tree_534313",39.24857901,-7.550503913
"tree_3233772",29.04917604,-11.42682032
"tree_4382644",30.68940869,-19.7479355
"tree_162246",32.19184099,-28.13837562
"tree_2976766",27.5227226,-12.52580506
"tree_1460599",38.76395056,-6.94841064
"tree_946534",37.512174,-4.305113896
"tree_4536829",32.77224659,-18.34010638
"tree_4460002",31.68264426,-17.65147178
"tree_3793347",27.51262618,-13.54609128
"tree_110615",29.64186324,-25.43468024
"tree_3734362",29.00491403,-14.15115941
"tree_2912936",28.51713044,-14.97285131
"tree_233478",29.84442272,-30.32868259
"tree_4963030",35.28719013,-15.27980084
"tree_4286555",31.25552953,-21.40321872
"tree_1909882",37.93667464,-7.945168436
"tree_3753391",28.7908157,-11.91154191
"tree_480532",30.32081416,-4.619547394
"tree_2721008",26.57699397,-15.89307412
"tree_1121093",35.48639821,-8.585934866
"tree_4927887",33.2690775,-13.01043476
"tree_1145250",30.89072136,-1.139684462
"tree_140492",30.26531734,-26.11961881
"tree_249514",25.48177653,-33.4155938
"tree_4699999",33.38798091,-10.89909675
"tree_1751749",30.90848025,-1.499642306
"tree_2108932",30.37820828,-9.515699285
"tree_1557687",36.94956868,-11.33136841
"tree_725",29.110539,-28.77075836
"tree_230025",24.36882623,-29.73740699
"tree_1030328",37.48999792,-4.071001569
"tree_590964",39.47908403,-10.00629444
"tree_4278546",30.30727712,-19.34191242
"tree_2934091",26.03295886,-12.78948568
"tree_4132192",32.93532184,-16.80895587
"tree_4052666",29.51072695,-11.11400947
"tree_791412",38.33196775,-9.187757697
"tree_2284475",29.59907068,-14.1207798
"tree_4244032",25.61135883,-18.02981966
"tree_4196439",28.37633629,-19.69267525
"tree_2562681",29.54435165,-8.455207405
"tree_4658858",33.87044568,-14.44422627
"tree_14466",21.35928096,-34.21961684
"tree_4455992",31.50929229,-17.37994836
"tree_4417124",30.02025025,-21.9159761
"tree_83904",26.55082542,-28.14414504
"tree_399647",31.73106854,-8.527068732
"tree_2483746",26.00167797,-16.28196922
"tree_4032384",24.98572508,-16.90119046
"tree_163419",26.64277499,-33.54089843
"tree_4581871",30.54661642,-16.14979941
"tree_1389885",39.65658281,-9.619923463
"tree_4375981",31.48170742,-18.30359676
"tree_1432437",38.77467801,-7.588095303
"tree_4302103",26.04938131,-18.28998453
"tree_3485478",28.4316714,-14.90560149
"tree_2220348",22.41555359,-14.20777187
"tree_4467306",29.78055036,-15.64200013
"tree_2301466",30.69155808,-11.25445884
"tree_2360954",32.70994185,-10.81760542
"tree_267550",30.38791676,-29.19616309
"tree_4805318",34.43764828,-16.06903974
"tree_146147",29.91690061,-30.17894806
"tree_1256831",39.09388734,-4.928301618
"tree_808444",31.50678365,-1.057920935
"tree_4559494",28.94822651,-20.21003014
"tree_241218",28.99136516,-30.16236097
"tree_946187",34.39959004,-6.843659572
"tree_875825",33.16151578,-6.750627642
"tree_218947",29.51006887,-28.64112666
"tree_2481091",24.03900484,-14.85584022
"tree_11544",18.9608397,-32.45516533
"tree_3662471",23.36687132,-14.28475759
"tree_873070",30.82347195,-4.108412665
"tree_955657",38.40111024,-6.331082487
"tree_1222000",32.26022945,-5.917847637
"tree_1855497",37.30979475,-8.392388788
"tree_86490",31.14577948,-27.49211021
"tree_2192725",25.35316288,-16.54646116
"tree_3593811",28.55436101,-13.4142059
"tree_3867596",23.52201373,-14.20966496
"tree_3909445",28.99274423,-15.15521913
"tree_6935",26.84154831,-33.47968847
"tree_3564395",26.24101736,-15.9974646
"tree_5021731",26.20594359,-24.31848613
"tree_4082995",30.12796115,-13.39545528
"tree_4997017",33.45613176,-12.72538925
"tree_3515359",25.49550446,-15.88369881
"tree_2381578",27.30898487,-14.10563507
"tree_4638683",34.97600396,-16.38158015
"tree_2700169",25.35758007,-13.93174108
"tree_1617184",31.83392589,-5.176296617
"tree_3810708",23.15890297,-14.58035032
"tree_4047902",26.67020562,-14.59937138
"tree_4936491",34.2217471,-13.91632416
"tree_2801596",27.0298908,-13.57908516
"tree_3468997",26.1926086,-12.54049906
"tree_1228547",39.3368326,-10.09103283
"tree_940639",35.32954301,-10.88144364
"tree_112787",29.3231949,-30.5068135
"tree_2610653",24.1600718,-17.18226949
"tree_213779",28.51584168,-32.00055291
"tree_1777554",38.54931135,-10.02342241
"tree_5048551",25.59808464,-18.69347998
"tree_2495438",28.202158,-15.54258173
"tree_3949065",24.72511108,-14.68347874
"tree_674047",35.39390773,-7.33117573
"tree_2800208",28.28644513,-16.12132688
"tree_2610041",25.36136623,-15.7817423
"tree_4590078",31.24182724,-17.51769331
"tree_1891752",39.27481169,-8.957611848
"tree_2805626",23.58250214,-13.6442616
"tree_4121850",30.63431495,-14.76929889
"tree_4210114",31.27337856,-19.1952429
"tree_1322520",38.71382901,-7.546266994
"tree_2730518",25.27725939,-13.82464619
"tree_14032",30.97053443,-28.63094002
"tree_1639817",31.70285264,-3.597007494
"tree_138255",24.30148669,-34.08998514
"tree_2158438",24.97085089,-14.5064296
"tree_770885",30.69474251,-3.972650954
"tree_2122319",29.04115298,-10.1293314
"tree_5035600",23.38642643,-19.64795873
"tree_117956",28.4269571,-32.36483782
"tree_3566861",25.84437204,-12.55510291
"tree_141358",29.37683215,-31.07041391
"tree_37518",27.81260781,-25.25402522
"tree_2742244",28.37433812,-12.73368455
"tree_1999904",37.13581169,-7.605223275
"tree_3834606",29.41030357,-12.35191108
"tree_4541310",30.76819684,-19.76866936
"tree_22780",19.3422501,-34.23863791
"tree_285623",29.80025087,-29.79041355
"tree_795334",34.41392336,-1.290320464
"tree_3452413",23.67661525,-13.82527722
"tree_250340",25.40920849,-30.63932991
"tree_194937",30.578036,-27.76760011
"tree_664093",35.70716738,-8.372105663
"tree_4796519",33.75641019,-14.44107112
"tree_1111907",33.92091127,-7.287905065
"tree_3313424",27.48143543,-13.42024576
"tree_2220058",25.125813,-16.87558865
"tree_181447",26.99173259,-33.10683958
"tree_4540957",31.50766965,-17.92038093
"tree_4067100",26.24967144,-16.63498573
"tree_4377529",31.43501147,-17.96933087
"tree_1568803",33.14718246,-6.613062987
"tree_397005",31.23895791,-4.585742187
"tree_32781",30.07447692,-28.2477242
"tree_2024695",25.40860308,-14.62145745
"tree_4379843",30.52471079,-19.34074051
"tree_1907459",36.45781864,-6.823917331
"tree_41348",28.02346078,-31.22303315
"tree_1813558",37.18205692,-7.564116143
"tree_227960",30.68350756,-25.50283154
"tree_4146267",30.90738324,-19.04857337
"tree_4577862",30.301057,-21.2013791
"tree_1076751",29.96662792,-5.30583817
"tree_223945",31.3298589,-27.34976775
"tree_4319260",30.96949427,-18.58530682
"tree_2189487",32.33943907,-10.23092732
"tree_239158",27.76843596,-31.69089721
"tree_4022660",29.14689502,-13.86358979
"tree_509129",36.6532566,-7.284299176
"tree_1814177",31.85754431,-3.720869772
"tree_2941291",26.19107611,-16.58729785
"tree_229140",29.13532933,-28.59325849
"tree_2237509",27.60709988,-13.73981765
"tree_4378813",31.64316004,-18.08715329
"tree_4997354",34.66256412,-16.23626283
"tree_790661",31.03116986,-7.959591991
"tree_4224268",29.91405752,-20.22400296
"tree_4629184",33.3788761,-14.22066117
"tree_950833",39.03772597,-6.971488328
"tree_4590387",32.09650745,-17.36155832
"tree_156282",27.20240527,-33.14407038
"tree_2260120",24.70627043,-15.3151403
"tree_605118",35.29799168,-8.173691635
"tree_153724",27.00128814,-32.56839024
"tree_530533",37.15221838,-9.249598689
"tree_3936491",28.66587243,-13.47649763
"tree_703629",35.18557879,-3.939206336
"tree_2036625",26.58041954,-12.18793329
"tree_2457534",26.8137191,-15.38112806
"tree_276514",30.44822485,-27.09717525
"tree_4435213",28.91721607,-16.73142927
"tree_3688021",23.22389872,-14.44521964
"tree_4908765",34.49227714,-14.19514951
"tree_145020",31.97215365,-24.7684923
"tree_452269",37.55030604,-11.04010275
"tree_287926",23.01329134,-29.46597371
"tree_4225173",32.57437473,-19.27394142
"tree_902525",36.27319827,-6.845823105
"tree_2678777",26.6437025,-15.29359511
"tree_4505046",30.53579883,-17.58214857
"tree_519486",39.65162474,-9.774255502
"tree_845340",33.82787991,-5.134017571
"tree_703276",35.10859354,-9.571784849
"tree_4264",28.1996073,-32.38575197
"tree_2216200",26.35261893,-14.37454422
"tree_243562",25.49701131,-33.81864201
"tree_2212157",24.93226811,-14.21588512
"tree_3985485",22.81823873,-13.60964507
"tree_287345",30.68936709,-25.02631334
"tree_4994062",33.96194451,-13.35344493
"tree_4963958",33.93219612,-10.5929568
"tree_251851",27.17905729,-25.74622903
"tree_403761",38.19791966,-7.986636157
"tree_279929",19.39615778,-34.58137763
"tree_821121",36.69580583,-7.603961214
"tree_273948",31.33625931,-28.06580711
"tree_3836731",32.15707237,-13.69041698
"tree_205866",31.45317949,-27.79509501
"tree_752373",38.88141166,-6.662012926
"tree_3493093",25.12779622,-13.80021629
"tree_170765",30.48806967,-29.85739293
"tree_4232437",30.91306248,-16.66805577
"tree_2664556",29.10452609,-15.45360643
"tree_2795280",27.23993252,-13.60910419
"tree_153445",26.68938079,-25.86170762
"tree_4388952",31.45259006,-18.16107401
"tree_4267833",30.92883814,-17.49371415
"tree_2225189",22.53761217,-15.91434886
"tree_2728002",30.42977217,-12.20911788
"tree_3631038",29.14887825,-15.7592055
"tree_2275762",22.23138396,-15.87324173
"tree_4299510",30.62964147,-17.38066953
"tree_1882154",38.21504753,-8.120234335
"tree_2738809",32.41083522,-9.916944555
"tree_3274177",26.68571084,-15.48227324
"tree_1737976",39.00446185,-10.66572135
"tree_4294303",29.68517522,-16.07443634
"tree_4783126",34.47614089,-16.21318514
"tree_312961",38.32087971,-8.025669902
"tree_737827",35.04197516,-6.166744107
"tree_847699",37.3582035,-9.512197537
"tree_149917",19.41373638,-34.47157832
"tree_1697552",38.06828876,-7.95670728
"tree_3673979",31.45104371,-10.6852693
"tree_212410",31.46976647,-29.05355019
"tree_954576",37.83841477,-8.435118569
"tree_2134484",23.91216848,-13.4821769
"tree_3965764",30.04196123,-13.50543489
"tree_250913",30.9809013,-25.28395409
"tree_3125799",25.72637006,-13.28899141
"tree_815768",32.73548266,-6.033145929
"tree_2704019",25.02313595,-14.82942709
"tree_4823113",35.12970396,-14.34398256
"tree_3691475",31.13796435,-9.865290199
"tree_2126729",24.0279168,-14.39077072
"tree_2962392",29.16149878,-10.25075971
"tree_4691135",33.23536266,-12.92533578
"tree_1222427",30.97825377,-4.628291675
"tree_723258",37.98301002,-7.228678343
"tree_4489730",32.33133942,-20.95067969
"tree_1416672",39.61159962,-9.255548406
"tree_183079",26.21052189,-25.50986302
"tree_276805",27.19248914,-31.99514408
"tree_4311422",30.83535608,-17.3769735
"tree_1705643",33.33982588,-1.932078513
"tree_2458769",31.45131415,-11.70411316
"tree_4309715",31.9773336,-21.10068466
"tree_1286334",32.5653759,-6.4149194
"tree_3300049",29.32808981,-14.42160107
"tree_1905395",34.89143023,-9.557992324
"tree_4470210",29.33955304,-18.43331861
"tree_4788455",34.12637196,-11.93011049
"tree_267669",22.33241384,-34.01462207
"tree_2474126",31.69245647,-12.30458379
"tree_3041239",25.94407425,-15.9472526
"tree_1725753",38.17754652,-6.873137712
"tree_2525354",25.73781869,-14.56448441
"tree_631043",34.0281858,-6.398602754
"tree_3207707",24.851677,-14.62298995
"tree_1064546",38.73825876,-5.69247959
"tree_4816578",33.05876541,-13.14718809
"tree_2834971",31.21449887,-12.73774117
"tree_2862681",24.84870216,-14.15927266
"tree_1563197",33.24985951,-6.762256633
"tree_162087",24.69362454,-33.87831947
"tree_4352184",31.82137993,-17.84817301
"tree_4855249",33.0136921,-13.44728818
"tree_3096973",29.17709415,-11.05270936
"tree_1983569",31.01133759,-3.577625842
"tree_4405922",29.54986513,-18.58152063
"tree_54727",25.57408668,-32.00334747
"tree_2118523",26.99599566,-14.46820718
"tree_4728306",34.98628067,-14.18541361
"tree_4803279",34.03117712,-11.08480002
"tree_498508",39.00112642,-5.126535352
"tree_429937",33.16331872,-6.597287223
"tree_4173802",30.33558316,-19.47947708
"tree_3265205",32.06584395,-13.71097054
"tree_2030064",26.15195246,-14.22643234
"tree_2236931",32.17465097,-9.373987857
"tree_4235883",27.65660559,-17.98321354
"tree_2742606",22.09886837,-13.53878936
"tree_2476550",26.85671906,-14.68465065
"tree_4599451",32.18241718,-21.12610617
"tree_2800280",29.65964924,-9.909552483
"tree_25118",30.54963981,-24.47145721
"tree_1811251",37.76269158,-6.219930966
"tree_157789",28.14930548,-31.12549386
"tree_1728081",36.07830119,-10.3626464
"tree_158135",30.40252051,-29.26710895
"tree_1192472",37.22848246,-2.861316043
"tree_56179",28.85326052,-31.46111195
"tree_1704075",31.0341447,-6.708348597
"tree_4696092",33.84962181,-14.30089219
"tree_854664",38.49621497,-5.701764754
"tree_77425",21.62584455,-34.33320234
"tree_282391",30.20482895,-29.2882034
"tree_238635",31.12657825,-27.37897545
"tree_1704620",37.81046931,-6.726828777
"tree_3767344",22.94101849,-13.42123738
"tree_450556",35.32819081,-1.805421671
"tree_4609675",30.71032271,-18.25608917
"tree_4898289",35.73071155,-14.74730122
"tree_3005940",31.9388273,-10.46909627
"tree_3706219",26.0508079,-12.68861094
"tree_419105",37.69300821,-4.554190661
"tree_498566",37.71220945,-9.765601369
"tree_3506583",26.811195,-15.19641641
"tree_4816649",33.3065785,-10.90279279
"tree_39038",25.84524774,-33.33581351
"tree_1185253",38.64450623,-5.504793081
"tree_2678684",26.3303527,-14.82609164
"tree_251509",30.49897741,-27.31370887
"tree_4706971",34.14872833,-12.66417929
"tree_4947975",33.71945007,-12.12762305
"tree_2794926",25.1001212,-14.04911276
"tree_2187800",28.49946169,-14.31748103
"tree_4476362",31.137167,-19.65805872
"tree_4078975",31.62060958,-14.36444773
"tree_178361",29.74417967,-29.28748222
"tree_2014981",34.21776423,-7.278259313
"tree_2575673",30.36180159,-10.71646024
"tree_4371309",30.81976071,-17.86169509
"tree_4462304",30.39670258,-20.35642922
"tree_124488",27.77835209,-33.012185
"tree_5016969",33.98051471,-12.46720762
"tree_3290201",22.69861411,-16.96699793
"tree_4487863",29.66092578,-17.09309991
"tree_4450441",31.13157791,-18.92543227
"tree_2132625",29.70373095,-13.86395037
"tree_112803",28.53513306,-31.98017964
"tree_2143565",26.08542422,-17.65815666
"tree_2461712",33.18519505,-11.17684208
"tree_67803",29.17814897,-28.2801772
"tree_3355604",23.75774725,-13.15268882
"tree_4447433",30.47828528,-17.0010596
"tree_3958248",30.18700721,-10.73485027
"tree_4354671",30.91225116,-16.79534364
"tree_99939",30.7694173,-27.28720558
"tree_2218427",25.40048988,-15.53176407
"tree_16545",22.85941104,-27.47092562
"tree_2975345",28.61097311,-14.15224118
"tree_776399",37.32602114,-11.63182909
"tree_2231592",27.32439995,-13.17134929
"tree_4250304",32.30790129,-21.02622306
"tree_2197397",26.29195022,-13.79318481
"tree_4330868",28.98149062,-18.16179518
"tree_593343",33.86934738,-6.933806791
"tree_908184",35.74493883,-8.173150752
"tree_4150048",30.82057203,-18.43169596
"tree_3900804",29.20594108,-14.01242284
"tree_449805",33.92758212,-9.023419318
"tree_793421",39.34251184,-7.169812209
"tree_4472470",30.92252787,-17.05334498
"tree_1054945",37.75881527,-7.382920234
"tree_1456725",31.9942968,-6.164490427
"tree_4454625",30.90774383,-19.135295
"tree_1295249",35.32188055,-8.355518575
"tree_1682784",38.79081426,-5.895761568
"tree_269548",24.2906691,-33.92321279
"tree_4298299",30.8040752,-17.84745183
"tree_3422234",24.17007808,-11.39076143
"tree_3282483",27.58564497,-15.096353
"tree_168358",28.42217933,-30.48788258
"tree_4754665",33.90280832,-14.43385934
"tree_1093011",32.37796099,-7.137900093
"tree_3129314",25.64244352,-14.03405818
"tree_4960834",34.16477443,-12.90297927
"tree_4588719",31.27473076,-17.82058796
"tree_1797475",38.64775151,-8.899466892
"tree_1336369",39.0882081,-7.698345352
"tree_147786",32.15578233,-26.88722238
"tree_839271",31.16548838,-4.341623519
"tree_78044",26.54469545,-25.68790378
"tree_3974622",29.0773018,-14.18135873
"tree_1568758",35.30331033,-8.377965233
"tree_2361268",26.0656821,-15.0119752
"tree_3359848",26.71609027,-16.50093681
"tree_2423192",28.59970478,-15.2000223
"tree_71853",26.38315269,-33.37142166
"tree_2004518",31.64371643,-1.398136538
"tree_4563175",31.11760518,-17.42132593
"tree_2795948",26.36695225,-14.33983754
"tree_963100",36.01366603,-4.243272904
"tree_4121315",30.94577167,-14.03703303
"tree_4731217",34.15657108,-12.42024092
"tree_110401",27.27506345,-30.79564518
"tree_168997",27.71696224,-32.27117486
"tree_211807",31.83377857,-28.54539031
"tree_4412333",30.9794104,-18.99502593
"tree_313037",36.87591886,-6.371197999
"tree_1737509",30.74161878,-7.463962583
"tree_92709",30.67259982,-24.89118266
"tree_3163298",25.84112676,-13.87440745
"tree_1326514",38.74132374,-7.771995629
"tree_395537",37.9943685,-8.167471477
"tree_2809147",28.56283479,-14.2051576
"tree_3824784",27.89160275,-15.9634791
"tree_4214974",31.05333064,-16.57430266
"tree_2502596",28.00536783,-15.33028503
"tree_674037",38.7344726,-8.859621822
"tree_4663858",34.16675765,-12.66958813
"tree_2065688",26.40850986,-14.52950729
"tree_3045652",24.21785581,-11.08994016
"tree_3322973",24.46188283,-14.25825431
"tree_471389",38.45988586,-7.517600178
"tree_197411",28.10080659,-31.74723922
"tree_290993",30.45732966,-26.45604823
"tree_3688828",25.32990504,-17.35309847
"tree_4767998",34.5989206,-16.18082229
"tree_1311373",31.79660517,-3.572397303
"tree_3350597",22.10959582,-13.7009642
"tree_2435985",26.92577141,-12.10986579
"tree_3757027",22.72926398,-14.70141804
"tree_1400291",34.18314791,-7.71168714
"tree_4498002",31.95786193,-17.74261062
"tree_1422205",34.2793344,-5.633974045
"tree_3242830",26.79577992,-12.23417881
"tree_3460703",23.20073102,-17.1026695
"tree_3610897",23.92046198,-17.32353018
"tree_137575",24.37784089,-33.89301347
"tree_1336575",39.21594592,-8.111670349
"tree_3862020",27.65460717,-13.73449897
"tree_2374918",30.6382814,-13.634706
"tree_466390",39.61944238,-9.238600729
"tree_367108",31.61586111,-2.982383757
"tree_4971776",34.35714734,-13.95580864
"tree_657549",37.43969609,-3.5076716
"tree_939970",34.31620438,-2.296273277
"tree_4865306",33.58657394,-12.9360633
"tree_4094863",31.66694497,-12.52400212
"tree_148787",29.72966606,-29.97043755
"tree_4327993",25.83357028,-18.13312837
"tree_1437853",38.25642485,-5.40436908
"tree_4284998",31.81191453,-17.97383823
"tree_1015264",37.80848608,-7.532835058
"tree_3062121",29.08802925,-9.817962909
"tree_1610505",35.80434548,-10.71034422
"tree_4310904",32.69733474,-20.13295427
"tree_3885470",23.05568504,-13.62983805
"tree_3640885",24.92893269,-14.96527894
"tree_101420",18.96687953,-33.9520599
"tree_1441039",37.29095409,-7.238864978
"tree_4125752",25.70401369,-17.73360988
"tree_1427678",39.09073221,-6.970316414
"tree_4525958",32.21333748,-18.76731405
"tree_318620",35.73592417,-10.77912655
"tree_1148446",32.23111208,-3.61332414
"tree_1845637",36.04729074,-10.97095983
"tree_1573626",37.3232266,-2.955339592
"tree_1224473",36.12734097,-6.384269346
"tree_215902",31.60651891,-27.97665151
"tree_4386490",32.94298431,-19.71485147
"tree_34840",26.51909381,-32.38602242
"tree_2298503",25.13672074,-15.06624383
"tree_3954505",28.01212883,-12.76244151
"tree_2611406",32.98290594,-13.14078939
"tree_4047201",28.64531899,-15.5889174
"tree_3679045",27.69472244,-12.60594594
"tree_2882783",31.91394682,-10.41924486
"tree_1720814",37.88285708,-8.2996273
"tree_185347",27.79890553,-32.24043466
"tree_11094",23.18880683,-33.4915879
"tree_4911825",33.16513844,-13.21182365
"tree_153497",20.30573729,-31.65411715
"tree_91204",30.89499156,-28.4098089
"tree_5011775",35.2691608,-15.82167577
"tree_4615550",25.82212166,-18.26591522
"tree_422237",37.37028316,-8.050009651
"tree_528037",39.30023305,-6.835636469
"tree_3039658",26.6274761,-12.55302952
"tree_4234375",25.84267509,-18.16071342
"tree_865843",39.03529201,-9.424303999
"tree_4427910",25.8196877,-18.06975487
"tree_4529132",29.85059429,-20.2340093
"tree_269930",31.80006373,-28.27179351
"tree_2748407",28.19909301,-13.05974704
"tree_111792",29.71010424,-29.85820426
"tree_1487621",31.7551377,-5.743412769
"tree_4438395",31.12337457,-19.81797988
"tree_4956261",34.79544026,-16.23310768
"tree_2050890",29.20612138,-14.00421945
"tree_3743094",28.65793952,-15.39555162
"tree_4028350",29.34116108,-11.23399542
"tree_711813",37.2015286,-8.101213271
"tree_225417",30.62022463,-26.46118662
"tree_251723",30.58659993,-27.18533923
"tree_3564372",26.69337331,-15.23617134
"tree_4982206",33.8364604,-12.71655483
"tree_5033215",22.95759876,-19.20831075
"tree_4800795",35.04253217,-16.3620182
"tree_536879",34.94119119,-9.932013134
"tree_500539",38.52920865,-9.079130299
"tree_3266777",33.08125595,-14.01143122
"tree_4169329",30.6702976,-17.22480499
"tree_4330995",32.82561339,-19.18316317
"tree_2376511",25.63243724,-12.27312241
"tree_21074",31.59281662,-28.7255946
"tree_2017768",27.96651462,-13.2439178
"tree_3676193",25.01168732,-17.00765433
"tree_2927456",25.55806624,-15.64120279
"tree_1947950",31.26005223,-1.227037117
"tree_805045",31.30449454,-4.224071546
"tree_4146389",30.09678474,-20.66193814
"tree_4500592",31.07758008,-16.02954302
"tree_2097417",26.73502107,-14.9407589
"tree_937408",34.80786428,-5.444394445
"tree_4196404",32.71797832,-19.42638037
"tree_3828447",27.34441251,-13.52445595
"tree_2038615",23.47432614,-14.66508871
"tree_2190615",22.33045514,-15.58044356
"tree_4045252",26.78433129,-17.58937433
"tree_975264",38.51920237,-6.277625186
"tree_3326512",32.35602605,-10.45232889
"tree_4362812",29.58961979,-21.96474575
"tree_486389",34.76684755,-5.650380839
"tree_1837247",39.57184494,-10.19226815
"tree_736521",32.60440941,-6.545452573
"tree_3910739",23.3040391,-14.4480142
"tree_3086517",30.52713057,-9.316473932
"tree_3721711",30.74997312,-11.17621105
"tree_2282887",27.34919028,-13.59179592
"tree_3646329",24.70059119,-14.88748189
"tree_3936727",23.70636365,-14.72756073
"tree_4507466",30.4456522,-19.12781278
"tree_3167145",27.48981907,-12.65714956
"tree_1667590",35.6229704,-6.920104413
"tree_193825",25.47402392,-33.94890474
"tree_3303686",26.62720566,-15.4222352
"tree_140135",29.39729543,-30.9619668
"tree_2332470",22.59188047,-16.08806255
"tree_687940",30.41862329,-5.107874878
"tree_265061",20.64856492,-34.10197472
"tree_1690343",36.51226722,-6.296105366
"tree_3189644",28.98246751,-11.94065947
"tree_4400047",30.03782884,-19.74550152
"tree_2279509",27.93361109,-12.91109427
"tree_4318500",31.43203663,-19.01278493
"tree_2504168",30.86545099,-12.76190063
"tree_10291",30.32346192,-29.72785138
"tree_1116937",34.91964614,-3.763238965
"tree_302971",38.44753577,-9.840874296
"tree_2595138",25.24120073,-15.04064202
"tree_1888339",38.84048507,-5.338651757
"tree_2020282",25.57591528,-11.79038405
"tree_4386419",32.7906365,-18.71430749
"tree_2096154",27.48972893,-12.62100052
"tree_4511293",30.84410031,-17.16188224
"tree_471371",33.86042286,-6.976175983
"tree_1461126",38.46772862,-8.369040658
"tree_4354991",32.69697415,-18.3347877
"tree_2781259",32.3049129,-10.25797148
"tree_47778",19.30276587,-34.03138945
"tree_1142330",39.52731249,-9.524728
"tree_4511583",31.36343504,-17.21858484
"tree_2901096",29.98994661,-13.38896468
"tree_4723146",35.21029505,-15.81825018
"tree_5024232",21.7883064,-23.79635344
"tree_2834006",27.22749228,-15.22012513
"tree_94244",27.13182046,-30.95745944
"tree_5023235",25.74484341,-24.93933002
"tree_1014745",31.97563644,-5.697527835
"tree_4833834",33.14593721,-13.1972198
"tree_2490672",28.4478978,-15.14458176
"tree_4443169",30.89368095,-17.52463464
"tree_2165945",29.88095929,-9.439795327
"tree_3689642",25.30051723,-16.07102473
"tree_524721",38.71004285,-5.885124196
"tree_58934",30.57515131,-24.82122842
"tree_3110674",29.81569311,-9.95147094
"tree_4367650",29.55401187,-16.7383706
"tree_3926399",30.63269231,-8.720871259
"tree_3878763",27.30141255,-13.62785481
"tree_4324615",26.27177305,-18.57737386
"tree_160664",29.4556203,-30.0707714
"tree_2711450",24.00556042,-14.39221308
"tree_4532508",32.14635853,-18.45504409
"tree_1546116",37.05251617,-8.485871453
"tree_4766054",34.81319914,-16.16793124
"tree_4039085",25.20685485,-15.98313119
"tree_1162067",31.31477126,-1.484317279
"tree_1003004",31.69122372,-3.541116218
"tree_4166814",32.33855115,-20.75704346
"tree_2785371",27.12896198,-13.13736379
"tree_999112",31.07056395,-7.954093011
"tree_2640330",28.91945499,-13.76145299
"tree_2584475",26.0156507,-17.64806017
"tree_1721312",30.91370876,-1.07072184
"tree_3253674",24.60485544,-16.73856488
"tree_2218136",27.48612306,-12.24553736
"tree_4704375",34.17982891,-12.82482164
"tree_3049730",25.49874974,-13.70637304
"tree_4341811",31.36379563,-18.88297293
"tree_130986",30.6263546,-28.38204355
"tree_4175305",32.69607269,-18.35678362
"tree_3321124",24.08146391,-11.6154083
"tree_3285006",28.65496468,-15.67690109
"tree_3874708",24.6679581,-16.28359187
"tree_9633",31.88209716,-28.37546281
"tree_3699104",25.97733837,-13.03919347
"tree_259209",30.68485976,-27.59577951
"tree_870972",37.88871661,-6.691130478
"tree_290665",30.00713739,-30.6671854
"tree_1496048",37.48945704,-8.968159073
"tree_351210",39.05692721,-9.195420211
"tree_18380",32.66574182,-27.50509141
"tree_896538",38.06071644,-7.305033037
"tree_3082811",25.89395271,-15.88928793
"tree_4773782",34.18532786,-14.24067385
"tree_869186",34.68111807,-9.356513291
"tree_58766",30.77861226,-29.24240861
"tree_4898203",33.90758609,-10.57709089
"tree_4710633",34.65877796,-16.16189137
"tree_106330",25.84218276,-27.86243499
"tree_2269264",26.86329977,-13.86512229
"tree_291308",28.91456023,-30.52240897
"tree_3982525",25.5363409,-13.21516084
"tree_2094623",26.1101244,-14.14133337
"tree_21556",29.04473196,-30.06355962
"tree_2293639",30.89555998,-9.75603177
"tree_107639",29.83207263,-31.24016112
"tree_4670092",35.58827987,-14.37508335
"tree_4278608",30.31097313,-17.61442127
"tree_267963",26.82910807,-33.29128078
"tree_4706103",34.63443837,-16.22733825
"tree_243685",30.47463782,-26.0728324
"tree_4222919",33.02709111,-19.8077031
"tree_1582080",31.84411246,-6.680222665
"tree_4909422",35.05136654,-16.46379441
"tree_273440",26.39676483,-25.20219056
"tree_4100321",25.31602246,-15.9550954
"tree_1903534",37.38155149,-5.256707936
"tree_3464326",23.14655288,-13.92011209
"tree_2352266",31.62710014,-9.870518737
"tree_3476667",28.40129198,-15.08229003
"tree_4278567",31.10219011,-17.12645438
"tree_1495870",35.44700411,-3.256791891
"tree_4372262",30.833463,-20.77083598
"tree_4782311",35.10563481,-14.3656179
"tree_1612505",36.78856674,-9.50660841
"tree_1116975",38.15870586,-4.527597231
"tree_4241791",30.18729195,-17.39238867
"tree_3635861",28.38272176,-14.34073901
"tree_3915879",27.55274144,-12.85637491
"tree_489246",38.08397428,-5.656330556
"tree_2737317",22.94904154,-13.75144665
"tree_210072",28.74724808,-24.354987
"tree_1105873",38.71761517,-7.757211485
"tree_3765228",25.67615837,-13.02404874
"tree_3687973",33.08801695,-12.44232874
"tree_2676516",31.48178372,-10.74224234
"tree_2454432",29.56075835,-13.78047405
"tree_566624",37.0786587,-2.968501086
"tree_199257",24.08910123,-26.51166906
"tree_179331",29.57930148,-27.03722735
"tree_844994",31.48839373,-6.152681141
"tree_4096184",26.64514485,-12.15827485
"tree_152130",26.18609216,-33.15371613
"tree_2074160",28.82407982,-14.73702619
"tree_378277",31.38229111,-1.245697591
"tree_202891",29.92483352,-29.40269036
"tree_4342024",31.65289588,-18.1192457
"tree_2218695",29.98994661,-13.66508561
"tree_4745527",33.97699899,-10.79677966
"tree_4011002",24.23597529,-13.5487957
"tree_2070781",26.62017422,-12.02449638
"tree_241960",24.55993708,-34.03724902
"tree_295607",37.01303193,-8.341906345
"tree_3871002",25.03548604,-14.43332021
"tree_4674168",34.14061513,-12.65237001
"tree_208364",20.50937853,-33.97820259
"tree_2491555",31.70850258,-13.19253389
"tree_422089",39.0909125,-7.508855898
"tree_2142613",30.42670719,-8.529128125
"tree_781310",38.39579159,-6.503263674
"tree_873917",32.57880776,-5.922715587
"tree_4748312",34.93129123,-16.16378447
"tree_4977434",34.82203351,-16.06985106
"tree_3089898",25.285012,-14.3380346
"tree_4021469",29.16375245,-9.092367946
"tree_2101240",24.65632918,-11.74494985
"tree_1839293",31.7661356,-7.378953756
"tree_1885911",38.33548347,-9.422771496
"tree_183939",20.00473769,-34.79700978
"tree_684327",29.86539322,-4.886202867
"tree_489382",32.71105291,-6.1426748
"tree_1664603",38.20603286,-8.409877348
"tree_2082627",30.59410954,-9.827428367
"tree_4450108",30.44141531,-18.82113194
"tree_177281",28.41181247,-30.95159987
"tree_235920",30.51583483,-25.63336471
"tree_1462676",33.46918634,-8.981050125
"tree_562504",32.29872208,-6.823556742
"tree_830162",35.03656636,-9.424033557
"tree_12059",30.94258898,-25.92417964
"tree_566869",31.35452594,-1.723928586
"tree_2224143",28.7396124,-15.25852785
"tree_4204828",30.58015097,-17.54978572
"tree_900991",38.51631767,-8.656429991
"tree_115598",27.44841542,-32.39071007
"tree_4719602",33.23076519,-13.0836343
"tree_3377401",31.06656819,-11.36624139
"tree_1461200",38.18304546,-6.024491796
"tree_4084313",29.80694888,-10.68644121
"tree_254622",29.02399824,-30.65429435
"tree_2621358",32.01689431,-9.167190138
"tree_3930514",25.76161741,-14.60541125
"tree_1194529",32.03648544,-6.213891103
"tree_121515",31.05319889,-28.34021524
"tree_22735",30.03679563,-30.14442168
"tree_568816",34.05667214,-6.386342732
"tree_4388271",30.56212164,-18.8420461
"tree_4243452",27.23192481,-18.77948393
"tree_773959",38.48287326,-7.430337671
"tree_914763",35.70293049,-3.04647843
"tree_4963163",33.92822967,-10.75630356
"tree_2491758",22.20560202,-13.17793004
"tree_2482883",29.464662,-14.31973471
"tree_512392",39.63485746,-10.52941875
"tree_1175769",35.26896446,-4.686707072
"tree_245748",32.0737489,-28.24745376
"tree_3245644",30.1980051,-12.17405061
"tree_363596",35.29141097,-8.00403457
"tree_1726774",37.58465192,-8.500475303
"tree_2086106",29.82272455,-10.59989988
"tree_181527",18.85013964,-33.88985832
"tree_3104422",28.75286396,-13.71331437
"tree_812768",38.4872003,-8.622354342
"tree_2560107",24.0507239,-15.91362768
"tree_256124",29.44894945,-30.06797684
"tree_4330895",30.307818,-17.52869127
"tree_4878405",33.11222237,-13.39923971
"tree_1515334",39.42229163,-9.162246034
"tree_18114",28.15065768,-26.08482198
"tree_3832045",23.69058799,-13.29683422
"tree_4183220",31.91071524,-20.85187833
"tree_1932998",35.15330629,-8.496508825
"tree_1130878",37.17141962,-8.373908608
"tree_1453467",34.07632411,-4.960213734
"tree_2642539",29.54777723,-11.51164885
"tree_1071727",31.14015717,-1.740515674
"tree_3944421",32.95523092,-12.40987574
"tree_2370274",28.41075737,-14.61722053
"tree_4715150",33.6197479,-14.42457418
"tree_2540834",30.93955155,-13.19749199
"tree_3147005",25.14032661,-14.25798387
"tree_4561745",31.43077458,-20.05164147
"tree_5041415",24.59087598,-24.56251465
"tree_741512",38.65325045,-5.930828836
"tree_2899164",28.67001918,-14.97609661
"tree_4107575",24.27401719,-11.21812951
"tree_4107965",29.1244485,-14.00926769
"tree_3253422",23.3363116,-14.21922056
"tree_4958407",33.0724677,-13.31423089
"tree_2512924",28.91810279,-14.02324051
"tree_126886",30.38845764,-25.163878
"tree_2244974",26.48955171,-12.03215889
"tree_4625649",33.9594204,-10.12040508
"tree_2427228",25.23768501,-11.68770637
"tree_3005950",25.5606805,-16.3296571
"tree_3631658",26.57852646,-12.48316543
"tree_302537",39.41787444,-10.99881532
"tree_983524",39.91566431,-10.24815943
"tree_1012210",33.66714841,-8.372015516
"tree_883498",35.13410505,-8.545729206
"tree_4662380",35.30071212,-17.10690467
"tree_277013",31.30822371,-29.21707724
"tree_2324591",25.79785637,-17.55124206
"tree_1372765",32.24301144,-5.62541006
"tree_149156",29.9012151,-30.06689507
"tree_2155333",26.51722673,-12.17522253
"tree_4714013",35.00232677,-14.905149
"tree_2562323",30.25894425,-12.10022004
"tree_1939595",31.39094519,-7.28808536
"tree_3982860",28.86446553,-14.13944027
"tree_3283404",31.29346734,-10.41888427
"tree_61365",29.3113857,-30.57171949
"tree_2577633",27.47160945,-16.00557785
"tree_2114692",25.05964535,-15.20561143
"tree_2851176",25.72573904,-14.07570619
"tree_4656453",33.83700128,-12.71583365
"tree_203329",29.89616689,-29.9539406
"tree_1639419",30.87422452,-1.958401501
"tree_4941085",34.78426207,-16.28512262
"tree_1625631",34.12851903,-7.524090778
"tree_4893673",34.08021689,-10.88431261
"tree_1621966",30.52175107,-5.633252868
"tree_878438",34.25129878,-3.965529323
"tree_1394022",34.26355873,-5.26824678
"tree_3181112",28.85986805,-14.25023121
"tree_1235673",38.23145422,-5.025119731
"tree_2485939",26.51380116,-14.54429143
"tree_719050",34.76558549,-4.322332015
"tree_421771",37.1800737,-9.227242179
"tree_3084372",27.47197003,-13.01891035
"tree_2786888",25.41680642,-14.2326525
"tree_41786",30.04301575,-25.4523491
"tree_3659330",23.76009106,-13.12131759
"tree_941975",39.76692232,-10.38581423
"tree_3005409",24.59205461,-14.28043052
"tree_4801422",34.52103391,-13.611897
"tree_718929",36.06009156,-10.99575031
"tree_1510386",31.11888256,-7.805079658
"tree_680160",35.0828116,-9.420157227
"tree_2341410",24.36145945,-15.04046172
"tree_2814956",29.13607742,-14.81229911
"tree_121566",31.89003007,-28.77229086
"tree_4598049",30.56753044,-20.43855334
"tree_3859482",28.37857502,-14.86530568
"tree_1082118",33.8728631,-6.9821257
"tree_3007123",26.24435278,-14.61361464
"tree_4142705",30.01799658,-17.89018161
"tree_2160092",32.31582064,-10.31846027
"tree_4351430",32.74024454,-20.20885822
"tree_2103328",32.99570677,-10.34956106
"tree_1309049",32.19460268,-7.059922749
"tree_936622",36.10336196,-11.51400667
"tree_3451913",32.38198829,-11.95373081
"tree_865407",38.72040972,-5.414104979
"tree_264420",26.13822429,-26.61353542
"tree_4002515",28.13896519,-12.52598536
"tree_4148506",29.3700226,-21.9369804
"tree_4285456",30.72213191,-19.67942361
"tree_4023025",27.51145427,-12.95679891
"tree_2255443",23.84392746,-14.51850933
"tree_3833671",26.13500488,-15.72684265
"tree_715146",39.04322492,-8.146286881
"tree_1524509",30.6558893,-6.084259402
"tree_1715465",32.21046849,-6.310348627
"tree_1376108",33.99870784,-7.471264508
"tree_240132",27.51746774,-26.04759118
"tree_130426",31.9681872,-28.17434436
"tree_947747",36.28744145,-7.857455192
"tree_4510810",29.79758807,-20.29936603
"tree_3080322",30.81001079,-11.08200721
"tree_4824804",34.12916651,-12.66778518
"tree_3934751",28.03863195,-14.06101219
"tree_4586516",31.61314121,-18.07516371
"tree_4428160",30.40598768,-16.90829811
"tree_1887288",34.7451222,-9.412494713
"tree_3032318",28.96227466,-10.4857735
"tree_745024",35.34991616,-1.920810111
"tree_4690822",33.05894571,-13.21308571
"tree_3662707",26.31710114,-12.23012218
"tree_2018875",30.52343455,-12.04856569
"tree_4497517",27.85501832,-19.25960801
"tree_4662592",35.14313581,-16.6634705
"tree_2397635",27.80911855,-12.61180551
"tree_924628",30.80183675,-3.369746356
"tree_2504713",23.18585682,-15.24022796
"tree_1402755",35.88051941,-3.355142506
"tree_836307",31.1353794,-4.599174123
"tree_2265759",27.48927819,-12.29890451
"tree_3432714",28.36379096,-14.85710228
"tree_3796119",26.51298984,-12.010794
"tree_1555088",31.86628854,-8.02314578
"tree_30520",21.97543318,-33.96891743
"tree_1126503",33.42816961,-5.30583817
"tree_4190092",30.89404154,-18.27456935
"tree_4250555",31.80497324,-18.33352564
"tree_3531146",22.83716953,-13.34713637
"tree_3939009",27.52479598,-16.49093047
"tree_170885",26.41812958,-33.32688894
"tree_4203221",30.84283825,-16.83284489
"tree_4268468",32.69291755,-18.4172724
"tree_4763364",35.10103733,-14.40825753
"tree_52364",30.28010139,-25.84061317
"tree_2065517",26.41409895,-14.22201513
"tree_2631014",26.20279517,-14.58873401
"tree_41625",27.05790022,-24.85187847
"tree_644119",29.81923813,-4.664621004
"tree_2808929",31.14995386,-14.08246723
"tree_599180",31.67806231,-7.421773685
"tree_2009",29.64087163,-30.65510567
"tree_1017154",37.98039577,-7.228047312
"tree_4190718",31.64883928,-18.08733358
"tree_4278813",31.45394226,-21.07850844
"tree_4195324",28.87637965,-16.07299398
"tree_760571",34.16448755,-9.383737751
"tree_4181642",30.38245941,-19.7395518
"tree_4253532",30.32359366,-17.52896171
"tree_570678",35.58393689,-2.085689374
"tree_279055",29.77816495,-30.51447601
"tree_4555228",30.95182553,-16.97383514
"tree_912955",33.39418432,-8.74558559
"tree_5041176",25.38966556,-20.20371633
"tree_4395349",31.94406949,-18.63732176
"tree_3511",26.83505775,-25.65409857
"tree_3677608",30.99327896,-14.12916349
"tree_1003933",33.84816291,-8.934353866
"tree_108659",31.33779181,-29.01163173
"tree_4546205",30.43176962,-16.13276159
"tree_4720424",33.35615915,-9.97806262
"tree_4601393",30.45376539,-20.46694971
"tree_1402987",37.85581308,-7.693747843
"tree_4315355",29.59845416,-20.09410081
"tree_161662",26.44950061,-25.76425847
"tree_811697",31.4257418,-4.20063327
"tree_1518966",35.13113021,-8.084626183
"tree_4588847",31.77657705,-18.20398408
"tree_203204",29.38359315,-31.25458467
"tree_109690",31.05274816,-27.64067283
"tree_1355846",29.94472228,-6.13717582
"tree_4465848",27.22543426,-19.02252083
"tree_1360989",30.50020602,-2.653526704
"tree_1171458",30.67202555,-4.391114342
"tree_1373443",33.45160774,-6.517326641
"tree_4904334",34.15341595,-12.72448778
"tree_3853323",30.72653498,-13.09688769
"tree_1931011",34.45566127,-2.250748931
"tree_261635",28.76608873,-30.96106533
"tree_110797",31.56847703,-28.76652144
"tree_5030618",24.67390106,-17.99790404
"tree_4408267",31.9721051,-17.18108359
"tree_790515",39.59131662,-10.04460701
"tree_3630950",24.87980276,-16.53077554
"tree_2614842",27.28491571,-14.63236527
"tree_2836319",31.23153659,-11.59719856
"tree_4338015",29.99609095,-18.4012262
"tree_265845",19.18719789,-33.99199511
"tree_874780",32.25851667,-6.129873895
"tree_4173560",32.41175021,-19.42124198
"tree_2429345",28.32737171,-15.0121555
"tree_4947142",33.42385927,-10.04720554
"tree_2986901",24.36632737,-13.52274315
"tree_86403",28.44859229,-30.95926239
"tree_1081682",32.90162296,-6.834103967
"tree_4418353",29.35893456,-16.1371788
"tree_4821786",33.85629266,-11.95426995
"tree_892888",31.64569966,-1.834268781
"tree_4206430",29.51398677,-19.87351057
"tree_2952329",28.25137808,-13.14737013
"tree_3135355",29.10191184,-11.82464
"tree_3109006",25.18639156,-14.3947372
"tree_4612030",31.8155204,-18.72791972
"tree_1231648",38.27310198,-8.601169746
"tree_4826881",34.74360594,-15.2470774
"tree_4764628",33.71620479,-10.69779801
"tree_3153340",25.18098276,-11.75135031
"tree_269678",29.16769197,-30.74903907
"tree_271978",29.01227917,-31.52998443
"tree_2934167",32.21864254,-10.15880954
"tree_5015218",33.69691341,-13.30494572
"tree_4274190",30.76558259,-18.3168484
"tree_665336",33.17918453,-6.474596859
"tree_4232329",28.07795094,-19.67473595
"tree_240773",29.83964495,-31.25837086
"tree_5029527",25.26922962,-22.46776373
"tree_3180068",28.27346401,-14.30612248
"tree_3993099",25.89196948,-12.44286962
"tree_2115835",23.37804951,-13.70610259
"tree_4220271",29.48883586,-19.6085679
"tree_21597",26.15354922,-33.62212108
"tree_103258",24.98362625,-26.2561017
"tree_4193746",31.69526479,-18.03261422
"tree_225071",30.68855577,-26.63472002
"tree_841787",35.81876895,-10.67924343
"tree_272485",28.99154545,-31.07789613
"tree_196550",22.86121397,-29.54277914
"tree_4425459",31.52669059,-19.1839745
"tree_5011773",34.35840939,-14.18090625
"tree_4451684",25.97293697,-18.7756076
"tree_195354",31.43587134,-24.68744995
"tree_3975894",32.19141825,-9.398147312
"tree_724283",39.03321864,-6.647228783
"tree_178993",27.57101484,-33.08484365
"tree_2190143",29.93044981,-12.23147439
"tree_12171",25.69875947,-26.89326224
"tree_4563853",31.31187117,-19.70349292
"tree_1091124",31.62947326,-5.79037947
"tree_1434396",30.94282613,-4.702933572
"tree_4686486",33.01747826,-13.23886781
"tree_1882115",34.79758756,-4.118419006
"tree_4222990",31.09200354,-20.07057239
"tree_3436270",23.55509755,-13.62938731
"tree_5031228",26.48954499,-24.07202363
"tree_583280",34.96354756,-9.436744315
"tree_59821",26.83208291,-32.76527176
"tree_50966",25.98100857,-33.30480287
"tree_3084021",27.5499469,-16.11690966
"tree_116785",17.20298041,-29.59650688
"tree_4900578",33.10365844,-13.16485694
"tree_4219759",32.72275609,-20.12493116
"tree_3769279",24.1397888,-11.54175802
"tree_3019399",22.94047761,-13.72809852
"tree_4627415",34.60829585,-15.2730398
"tree_516314",39.05891044,-6.7633384
"tree_2814343",26.13518518,-14.54293922
"tree_3969005",27.23163903,-12.20965877
"tree_2484826",29.40083817,-11.67977341
"tree_4306905",30.36244686,-18.35606244
"tree_1301686",32.14520231,-7.116174614
"tree_4737093",34.78498325,-14.44134156
"tree_46634",27.38242809,-25.98079209
"tree_4451649",25.60450769,-18.02657436
"tree_4235424",25.45576575,-18.11563981
"tree_4180739",30.68598311,-16.57394208
"tree_1164389",36.33657138,-10.63984909
"tree_4356610",30.40824135,-17.62740247
"tree_1451116",35.80290314,-2.901251261
"tree_2220966",31.17285111,-10.44466637
"tree_3600780",27.3783978,-12.64993778
"tree_4270790",30.70770845,-19.63065396
"tree_3083734",27.78054206,-12.67472827
"tree_4412506",32.01681782,-17.43917508
"tree_4107590",22.68914871,-15.75803358
"tree_1321081",32.21037835,-6.027106066
"tree_208706",31.82809933,-28.22726078
"tree_1781961",35.24696867,-8.055148043
"tree_970873",31.30665806,-4.071181864
"tree_491167",30.09923366,-6.160073213
"tree_211310",22.36775132,-34.01489251
"tree_4642440",34.98682155,-14.62235717
"tree_2546451",28.02294643,-15.08084768
"tree_2652186",27.21009398,-14.14034175
"tree_3689892",27.29762639,-15.95103878
"tree_1874098",38.58086268,-10.50399724
"tree_3043112",29.24091799,-12.3624583
"tree_3433242",22.42952633,-15.36237744
"tree_2334083",22.43457454,-14.14791411
"tree_161350",29.49771878,-30.89273374
"tree_4791444",34.06209741,-10.97950807
"tree_4544923",30.52263742,-17.7496421
"tree_2832680",25.08822184,-15.98691737
"tree_28888",19.35072388,-33.00362101
"tree_4655968",34.18199243,-13.27943406
"tree_3681953",22.89206885,-16.51148404
"tree_4243921",31.66452479,-21.13025295
"tree_2136527",27.66767844,-12.49109838
"tree_2459080",27.88727571,-12.83113369
"tree_17228",27.69541719,-26.12394588
"tree_122938",29.82125504,-29.64500609
"tree_268170",29.73092811,-29.78094809
"tree_3870528",24.51894567,-17.11177437
"tree_912660",35.44943807,-3.266798232
"tree_13902",22.45339062,-33.88111404
"tree_639133",31.76874985,-1.211171206
"tree_4198145",31.76927518,-21.35778453
"tree_4114482",28.96317612,-14.30576189
"tree_3942782",26.80236062,-14.78660716
"tree_1005796",39.39488705,-6.94354269
"tree_4916950",35.09427634,-14.35083375
"tree_456871",37.41301267,-8.507596933
"tree_4290747",29.49262202,-20.33704757
"tree_3231296",23.94903847,-16.96104822
"tree_132276",30.11630496,-25.82402608
"tree_217414",29.67314412,-28.04074618
"tree_3741979",29.48395339,-12.06839807
"tree_3229650",24.23840925,-14.90190545
"tree_195137",23.6190767,-33.39206538
"tree_4396599",32.06468568,-18.71097204
"tree_117172",19.83066454,-34.426685
"tree_3589585",26.22947859,-14.13177776
"tree_86633",23.80955653,-29.22401858
"tree_2634406",28.95722644,-11.92650635
"tree_3806682",28.20143682,-13.04144715
"tree_2410266",27.39020701,-13.73071279
"tree_1910551",35.37921382,-10.37093994
"tree_1502629",30.91307773,-2.643340068
"tree_114776",27.58805256,-32.30056285
"tree_3389717",29.00554505,-14.15521604
"tree_114484",28.01678993,-31.44948296
"tree_75124",31.38583996,-28.86370014
"tree_3525407",27.31727836,-13.28538553
"tree_181896",30.04563,-24.13340514
"tree_4162246",32.48143356,-20.92237346
"tree_1788422",30.64570273,-4.362537674
"tree_3263818",23.96652692,-14.27150595
"tree_531031",34.08461761,-4.85239766
"tree_93372",29.57533503,-28.25782069
"tree_1380870",30.8948681,-3.5903366
"tree_1405030",31.37183409,-5.392920383
"tree_2342439",24.80128501,-12.9443586
"tree_845316",37.46421598,-11.10059153
"tree_2324697",23.80597571,-13.26555314
"tree_875411",38.78955221,-7.944447258
"tree_2446066",26.28014101,-15.02486626
"tree_81107",25.42859002,-33.94755254
"tree_4505528",30.99888207,-17.56375854
"tree_4031012",23.87818319,-14.35543301
"tree_671413",30.79074871,-3.736465241
"tree_774823",30.01134067,-5.111841355
"tree_224474",26.01923074,-33.5646973
"tree_1370000",32.3265774,-5.791641531
"tree_3264493",28.83904417,-13.87323554
"tree_154281",29.15128528,-31.05085196
"tree_2770175",30.04773062,-9.363260338
"tree_119268",27.98505832,-31.94862811
"tree_4283407",29.76062795,-19.80977649
"tree_1857433",35.89494288,-10.59883211
"tree_3328853",30.94577167,-12.75595091
"tree_3945992",25.66696341,-16.99791843
"tree_1337704",31.78389449,-1.266431451
"tree_4372762",32.71482319,-19.91101181
"tree_4463426",31.93424351,-17.85610597
"tree_335183",32.04369717,-6.207039914
"tree_3029553",30.10749785,-10.54905685
"tree_4417733",30.11896081,-20.75073316
"tree_4740265",34.57349925,-15.81157928
"tree_191699",28.32292789,-30.83035186
"tree_2650334",24.21154555,-11.72692041
"tree_3787197",30.39767996,-10.79957597
"tree_3594531",24.93082577,-14.73657545
"tree_4402976",32.76088811,-18.35849641
"tree_136246",30.53404445,-26.51157892
"tree_608502",37.08487882,-9.334877958
"tree_1729845",35.02935463,-9.969514377
"tree_2132335",30.04700944,-13.48262764
"tree_3726930",31.75294488,-12.22759806
"tree_4418158",29.89846215,-17.53464098
"tree_4987917",34.62416166,-15.19091568
"tree_20130",26.42173545,-25.08247506
"tree_3557090",28.05278498,-15.12204496
"tree_418536",31.04712582,-5.422308376
"tree_3580305",27.51496999,-13.91623576
"tree_607071",37.47070654,-8.492632495
"tree_3635444",24.00700277,-13.91091708
"tree_2072116",23.80038662,-15.01585153
"tree_74289",25.88031478,-32.65258774
"tree_226880",29.78952342,-25.73478033
"tree_1028982",38.91593783,-5.087411459
"tree_93748",29.41216963,-25.96402471
"tree_91993",19.50649726,-34.59517015
"tree_238414",28.83478046,-32.06807318
"tree_4418939",30.84139591,-16.76784874
"tree_54210",25.18276016,-33.69964768
"tree_1071701",36.26553581,-10.60189712
"tree_3883323",26.60160401,-12.04198494
"tree_2645918",31.76637673,-10.035398
"tree_4411411",28.77316176,-21.63994532
"tree_135621",28.06267457,-31.7204655
"tree_226253",32.48923472,-27.15802462
"tree_78441",28.20258214,-31.10286691
"tree_2145845",24.85329964,-14.54411114
"tree_3253678",29.54669547,-10.45818846
"tree_1765263",31.25031639,-8.126274198
"tree_4902899",34.13196105,-12.69852538
"tree_2748138",31.34494109,-12.02656976
"tree_3993977",28.10705327,-12.88702497
"tree_509736",32.94570467,-6.169178082
"tree_1984137",38.05125104,-9.726477476
"tree_72854",24.22801719,-33.95422343
"tree_2508645",24.92667902,-13.16981679
"tree_4800256",34.23049132,-14.0431613
"tree_1554670",37.04782854,-11.37734349
"tree_1680752",38.22126765,-10.71818703
"tree_2481043",23.82535725,-14.52229551
"tree_4147872",29.86249364,-19.73423312
"tree_3290506",32.10514789,-10.42176898
"tree_3336856",29.1095743,-14.35606404
"tree_2313648",23.63235324,-13.88279114
"tree_4034729",22.54752831,-15.68672713
"tree_1769126",38.83525657,-10.41493178
"tree_2836731",29.67713769,-9.144022303
"tree_4645723",34.13818117,-12.41438135
"tree_2719902",28.27039902,-13.63497644
"tree_239166",20.39038497,-34.00578764
"tree_89861",30.03968032,-22.9194827
"tree_152726",29.47671462,-25.13908751
"tree_705269",37.0894763,-10.35191888
"tree_76394",25.37855864,-32.61571753
"tree_2663980",27.29519243,-12.32396544
"tree_268540",30.3976526,-30.30263005
"tree_4366640",30.87249649,-18.59423139
"tree_810153",31.60531395,-2.10687397
"tree_3085642",23.39535767,-14.58648033
"tree_3201182",24.2978159,-11.68941917
"tree_4289598",29.1627755,-15.87277701
"tree_192551",27.92150494,-32.15849084
"tree_560899",37.14049931,-9.458109206
"tree_2467223",25.61954627,-15.84637786
"tree_2170066",28.81876117,-15.6763602
"tree_4887094",34.16504487,-12.60801758
"tree_667746",38.43608714,-8.170806924
"tree_1491158",37.4636751,-3.006723506
"tree_1573681",31.56402678,-7.259057955
"tree_3242853",24.19973634,-12.77289859
"tree_2095323",24.54671084,-14.9586982
"tree_901298",37.07856856,-10.64688058
"tree_2062820",24.41248246,-13.2633896
"tree_1871598",39.30888713,-9.327305592
"tree_4852628",34.70799802,-16.24095048
"tree_1742511",39.49494984,-10.34912431
"tree_1557808",32.40716851,-6.888552887
"tree_1627226",35.59917168,-11.2927854
"tree_2575738",30.58473428,-9.527688865
"tree_3754338",23.47162174,-14.3720201
"tree_4649292",35.06371663,-16.65121048
"tree_237126",29.79862823,-30.9944198
"tree_1619033",37.85986968,-8.164767061
"tree_4323629",31.25733246,-17.69167744
"tree_1229373",30.86169413,-1.183856599
"tree_1736832",39.49449911,-9.395366742
"tree_804579",33.95237245,-6.415640578
"tree_3207314",26.3964302,-15.22183793
"tree_2005741",33.74719865,-7.145111871
"tree_1737650",34.47945999,-8.532026829
"tree_3749",31.29993022,-29.24709626
"tree_3977371",29.70048567,-9.974728922
"tree_3477391",23.1782845,-14.5827843
"tree_4990932",33.38734988,-10.92181385
"tree_89695",29.54216107,-30.14081579
"tree_1808055",35.01204647,-8.368680069
"tree_2615445",30.98453473,-12.89234365
"tree_2220461",26.1560992,-14.27871773
"tree_53699",24.68073357,-33.65439378
"tree_4499536",30.27202979,-17.8710704
"tree_4673202",33.30342337,-13.57782135
"tree_2441042",26.59340066,-12.97563968
"tree_1023976",37.31610501,-9.526260503
"tree_4585576",28.09183352,-18.61280172
"tree_4337433",31.29681668,-19.7994997
"tree_3055987",26.89575257,-14.31099043
"tree_3269017",29.02745069,-13.92065297
"tree_4953911",33.18433967,-12.95832967
"tree_3832491",26.1304074,-16.50030578
"tree_250493",23.94459618,-33.19013561
"tree_1314783",39.01005094,-9.724223795
"tree_3441703",28.63513242,-15.57332193
"tree_3496078",31.1622138,-9.113372248
"tree_1038992",33.46413813,-8.380128766
"tree_1784634",32.84347836,-6.556180092
"tree_1177841",39.36973613,-5.985367904
"tree_2957872",30.33232363,-9.855464152
"tree_1162450",35.14050546,-8.780202122
"tree_199434",30.04797381,-29.52375808
"tree_4859966",34.46937989,-16.14296046
"tree_500334",38.51523591,-6.365518724
"tree_2731152",30.55723955,-8.71402007
"tree_3824022",26.04846409,-12.93002519
"tree_1714357",32.45386448,-5.999881606
"tree_4465529",30.85726171,-16.7887629
"tree_123740",30.40333183,-26.66744346
"tree_2892301",27.09037921,-15.13646851
"tree_3071799",30.52100059,-10.19640093
"tree_178992",27.41397941,-24.84033963
"tree_3354724",31.76646688,-9.130590367
"tree_3817106",31.46564747,-8.755938527
"tree_3865737",24.93542325,-14.66824386
"tree_1288860",38.29924451,-8.164406472
"tree_4503053",32.33124927,-21.24798521
"tree_3787250",23.09381708,-13.21561158
"tree_3798144",31.87293009,-9.930646932
"tree_4183926",31.69445347,-18.17108035
"tree_1263580",39.55183239,-10.08337031
"tree_3352911",26.00158782,-16.48308766
"tree_3621282",27.27220503,-13.80932116
"tree_1900499",31.9699572,-6.260136626
"tree_3038009",28.37704252,-15.31306691
"tree_647161",32.74684114,-2.883041522
"tree_4268168",31.02466401,-20.34597214
"tree_3855877",26.55743214,-14.56259132
"tree_768888",29.94859859,-5.750534399
"tree_3292453",22.59846117,-14.24698591
"tree_113376",30.52962726,-28.81916742
"tree_15004",30.30128585,-25.92417964
"tree_2751886",28.79297922,-11.32576529
"tree_4294639",30.0897533,-16.23913531
"tree_3420432",26.05883095,-12.3091813
"tree_1991664",31.86033886,-6.339015442
"tree_772368",35.3650608,-3.05909904
"tree_2031373",25.61810392,-14.92056592
"tree_1197011",39.93062866,-10.09166386
"tree_1290314",34.24634072,-7.804358481
"tree_3596907",25.86961311,-11.84456253
"tree_3254228",26.20252473,-15.04740306
"tree_684567",34.41203028,-9.521031965
"tree_3391918",27.32980875,-12.62280347
"tree_3019703",29.88988381,-13.88540541
"tree_4145799",29.03485743,-18.40185723
"tree_2557035",24.95002701,-13.23012528
"tree_4317505",29.63225915,-21.79571971
"tree_2847647",24.64506085,-14.9130837
"tree_1329672",38.68462149,-6.083628372
"tree_3388752",31.61420917,-13.54203466
"tree_4422139",30.86717784,-20.11447409
"tree_1056874",35.77072078,-10.1016702
"tree_2684026",31.22802087,-9.040353001
"tree_1806459",38.66154395,-5.979418187
"tree_65275",31.55594665,-25.44108069
"tree_505966",31.00755143,-1.630265625
"tree_4408841",32.64640189,-20.16964418
"tree_199288",29.68648583,-30.83458878
"tree_2944836",24.29709473,-17.35463097
"tree_4810142",34.1709044,-13.35362522
"tree_590715",38.60015407,-6.407076592
"tree_2110966",28.80262492,-14.13150732
"tree_119219",27.59868986,-26.69160291
"tree_2764737",29.02564776,-14.37445407
"tree_3110994",28.03935313,-14.37192995
"tree_47905",18.96823173,-33.82260849
"tree_4380590",30.81949028,-18.0528072
"tree_236850",30.59318064,-29.03624192
"tree_4805394",34.76965832,-16.18109273
"tree_41006",30.38440104,-30.60498382
"tree_1596",30.06915827,-25.063454
"tree_265349",28.55812045,-30.34517953
"tree_4458201",28.52111178,-20.35093024
"tree_3506173",28.70139021,-15.19118787
"tree_4149517",31.69706772,-17.74585592
"tree_206902",32.66168523,-27.5541315
"tree_445696",39.72238987,-9.747752219
"tree_3740456",25.12824696,-14.75667828
"tree_2685977",31.13102306,-11.07506587
"tree_2313255",23.38607256,-14.30783528
"tree_1624393",34.63956046,-9.725576004
"tree_3605283",23.47522761,-14.32379134
"tree_293833",36.82471556,-11.2280597
"tree_3046971",23.76297576,-13.39248042
"tree_263434",30.93880282,-25.72432326
"tree_102716",30.60949718,-27.18569982
"tree_3378349",30.62457911,-14.15341309
"tree_3612539",31.54218199,-11.16935986
"tree_750483",33.78686318,-7.205240066
"tree_5021319",29.27471627,-22.11420634
"tree_3181976",25.67480617,-14.31153131
"tree_335968",30.78777387,-5.242104086
"tree_2075664",25.90720427,-15.50877652
"tree_3000988",22.33333984,-13.75901901
"tree_4298114",30.30998152,-19.7267509
"tree_1881354",31.22146946,-3.338194829
"tree_2756576",29.13724933,-10.24877647
"tree_4243485",30.40490592,-16.29439555
"tree_103994",30.35537383,-24.80779648
"tree_1390111",35.85852363,-3.023310595
"tree_397821",34.9721115,-8.388242016
"tree_32850",20.70508686,-28.75263877
"tree_4805699",34.28205519,-13.36534436
"tree_10965",19.462686,-30.16353289
"tree_3906223",28.53669226,-10.99429396
"tree_4136665",30.4429478,-18.31459472
"tree_3318515",28.80641108,-13.62524054
"tree_2603469",26.16853944,-15.88784558
"tree_1011720",35.85086116,-3.823277012
"tree_184057",32.18273618,-27.68565629
"tree_2502111",24.03612014,-15.35381346
"tree_489446",39.23442599,-8.189918135
"tree_2171687",26.45989345,-14.15016779
"tree_4271514",30.74493901,-17.38265277
"tree_189716",28.10459275,-31.48004287
"tree_187493",18.9020641,-34.21213462
"tree_1548979",31.74558216,-1.186921604
"tree_4354764",32.8722192,-17.57655944
"tree_3170286",23.8550155,-13.03071963
"tree_4729057",35.01260349,-16.39041457
"tree_3128081",30.12174103,-13.66760973
"tree_3870706",23.13339147,-15.98159869
"tree_803957",30.9315578,-6.888733181
"tree_2722092",29.19800818,-13.9231771
"tree_4003435",28.02871582,-13.02431918
"tree_1784554",35.47738354,-8.960767001
"tree_4387511",30.1539377,-17.97221558
"tree_4517901",29.10291813,-21.17803097
"tree_116891",24.78295985,-27.67799378
"tree_3755185",25.42627182,-14.65832766
"tree_2641971",26.81453042,-14.8290665
"tree_410654",38.61809326,-6.918571911
"tree_5019950",22.04982186,-18.38535679
"tree_3817387",26.62026437,-12.08732899
"tree_2007735",32.92596255,-6.420418381
"tree_4547598",33.03060683,-19.86891306
"tree_3777029",25.92631536,-12.77055476
"tree_3471508",25.09958032,-16.19290377
"tree_825041",36.76341582,-3.039627241
"tree_28952",23.55831787,-33.68747781
"tree_2452459",24.79659739,-14.15124956
"tree_9328",32.07843652,-28.32020256
"tree_3331712",28.84724751,-14.67455416
"tree_4930155",34.59134828,-16.12231675
"tree_4562732",31.39570754,-18.89956002
"tree_683236",40.10127629,-10.27114697
"tree_4244431",31.0248443,-17.57944415
"tree_1599717",34.17800955,-8.434397391
"tree_4569027",29.90964033,-17.32901518
"tree_1779711",35.82661171,-2.172861734
"tree_87342",28.82711799,-30.93807779
"tree_4456625",30.67886153,-18.81364972
"tree_2777118",28.04169694,-16.78895718
"tree_4083592",24.12040727,-16.9371592
"tree_811371",33.26987207,-7.264286494
"tree_1121096",35.65614437,-2.008072619
"tree_129753",29.7753704,-31.00054981
"tree_2482988",29.77503696,-13.69438346
"tree_4783606",34.79625157,-15.33136505
"tree_1808989",35.10643002,-11.47190792
"tree_1427575",30.01774108,-5.058474202
"tree_2179267",29.4039933,-10.5539248
"tree_2519407",23.55491726,-14.58044047
"tree_4417028",32.03917419,-18.75189888
"tree_3266800",27.70698238,-13.88585615
"tree_170024",27.60355778,-32.91572747
"tree_4450109",30.09056462,-21.12177911
"tree_1387910",30.7652372,-3.700406354
"tree_4423192",31.5317388,-18.79751337
"tree_210199",31.30434741,-29.09168246
"tree_1642161",29.68744371,-4.484506861
"tree_1339162",38.92549338,-7.152143354
"tree_146062",29.2416122,-30.81601846
"tree_4296335",32.97101991,-18.19037185
"tree_3014208",27.41283382,-14.04767041
"tree_2769880",24.91486981,-13.77641743
"tree_2006897",29.97816669,-4.79731771
"tree_2812743",24.16286635,-11.71709436
"tree_1782110",32.3333384,-7.241028512
"tree_4998457",34.14503231,-12.41185723
"tree_4056893",28.79469201,-15.17694461
"tree_3278154",23.00339998,-15.70033936
"tree_4709999",33.96546023,-10.57231308
"tree_185678",26.51783176,-29.07374316
"tree_279475",22.86752424,-33.89148097
"tree_1370675",38.76620422,-6.0097978
"tree_4605589",31.70608239,-18.15927106
"tree_4920723",33.87729682,-12.52066492
"tree_548687",30.24274715,-4.397244353
"tree_1399788",31.93110399,-6.099043546
"tree_4069439",24.17593762,-15.18631992
"tree_172751",25.31230086,-31.92212483
"tree_3375408",30.54398799,-13.08300502
"tree_1151368",31.125914,-1.371362814
"tree_904449",38.52722542,-7.144841429
"tree_3932233",24.22894385,-14.83086944
"tree_255262",26.44553416,-28.1261156
"tree_68925",26.85795499,-28.15135682
"tree_1150998",39.10704875,-10.55411909
"tree_4787041",34.81139621,-16.32866373
"tree_4828793",34.05479554,-11.09570784
"tree_2813468",30.97002112,-9.819585559
"tree_1513795",39.01978678,-6.947689462
"tree_2309411",25.03467472,-14.83961372
"tree_997479",31.56573957,-2.354328085
"tree_9722",31.23790934,-24.65130091
"tree_2159289",30.5884303,-9.700410936
"tree_2798252",30.70156436,-8.659120414
"tree_2422070",30.58365252,-14.75839108
"tree_4549059",30.70040658,-18.45513423
"tree_2148625",27.89746228,-13.0333339
"tree_4994815",34.48380335,-16.15882637
"tree_518954",37.38831249,-3.169078647
"tree_495487",38.90836551,-7.881794941
"tree_1182720",31.74323834,-1.104977783
"tree_3472261",31.93927803,-10.72268039
"tree_3476981",31.74843755,-10.06884262
"tree_4556721",31.84364615,-17.17991168
"tree_260190",28.60445582,-25.73613254
"tree_3396330",25.53021093,-15.80977809
"tree_4705863",34.54780746,-16.17775728
"tree_1193829",36.93189994,-6.399864815
"tree_244754",28.31760924,-32.67665705
"tree_3080217",27.38425733,-13.02648271
"tree_171881",32.55540235,-27.43757114
"tree_4177115",30.2343485,-19.56277311
"tree_3554775",22.6137861,-16.52365391
"tree_2742330",25.39868694,-16.98295399
"tree_1943293",35.16178007,-10.79553334
"tree_4547256",31.97390803,-17.38905323
"tree_2509117",27.63414388,-16.32199458
"tree_216057",27.43615548,-30.65303229
"tree_277130",25.31779981,-33.88634257
"tree_1791950",36.93514522,-5.9968166
"tree_3895912",28.55904863,-10.91180926
"tree_843912",37.24597091,-10.61298522
"tree_184975",27.14885817,-25.63516766
"tree_1574058",35.76918829,-10.66797503
"tree_2556935",27.90440357,-13.80526453
"tree_3853733",30.73960625,-12.63957085
"tree_198722",30.3452774,-29.8244892
"tree_3657963",26.02574713,-12.19036726
"tree_140626",29.08313443,-25.61127864
"tree_4436231",29.56023199,-22.1446796
"tree_46035",29.58128471,-30.77590294
"tree_2281814",27.37632442,-12.29629024
"tree_4247351",28.25635112,-19.50327594
"tree_4953689",33.21120337,-13.12483158
"tree_3765043",30.64621431,-10.92623281
"tree_3078046",30.02861952,-9.019348699
"tree_2314098",29.64198049,-9.89702202
"tree_44691",28.36583769,-31.53620459
"tree_1949292",37.30032935,-9.586839434
"tree_468623",35.50559944,-11.00656798
"tree_2675198",30.67992916,-13.03594817
"tree_2135924",28.28653527,-14.48335191
"tree_3438693",26.90684061,-17.19119407
"tree_2559785",22.97004571,-14.32072633
"tree_21947",22.90232084,-29.58983599
"tree_2472361",28.92864995,-10.45602492
"tree_407336",34.27203252,-9.56006571
"tree_3295075",31.16230395,-9.536793734
"tree_3975132",30.54795445,-13.84519975
"tree_56551",31.17534758,-28.62679325
"tree_153977",26.82613323,-25.71062088
"tree_47965",18.9623722,-33.94899489
"tree_2385238",26.14573234,-13.88711821
"tree_618518",38.76160674,-6.156827913
"tree_2048488",30.58653722,-11.72106084
"tree_4148",27.30093554,-26.47497914
"tree_3904357",25.33477296,-14.22526043
"tree_1170502",31.18883637,-5.679047655
"tree_3144648",30.58392296,-9.524443565
"tree_975340",34.83662106,-5.558520823
"tree_34705",30.97332898,-28.32525081
"tree_1153579",30.80300866,-6.678870456
"tree_620026",38.42040163,-7.524811956
"tree_4295691",29.82364045,-20.96420177
"tree_4566007",30.12518093,-16.82941929
"tree_3644139",27.79902212,-13.43656241
"tree_804327",36.07703914,-4.376149904
"tree_4571119",27.11500463,-18.8273521
"tree_3427163",27.43167447,-17.29486337
"tree_4307159",28.12356514,-19.41457108
"tree_170909",28.13380026,-25.82889403
"tree_5032794",21.49019138,-21.83682335
"tree_1989189",38.07270595,-9.305940701
"tree_1831896",31.99411651,-3.73358053
"tree_8900",29.48059092,-25.15044606
"tree_4606380",30.20018292,-19.4592841
"tree_4110824",27.33864312,-16.37635336
"tree_3952891",25.26698267,-14.80869323
"tree_2472017",23.12969545,-16.66464416
"tree_375897",31.18937725,-4.302679921
"tree_4808786",33.01170887,-13.75162519
"tree_3860770",24.50389117,-14.82897635
"tree_4903545",35.55907236,-16.02567893
"tree_4871131",34.28223549,-13.85881023
"tree_4006091",26.32818918,-16.24122268
"tree_3015734",24.4046397,-16.11014862
"tree_3807330",25.15727418,-13.19974567
"tree_4468736",32.80974759,-18.38076278
"tree_1617441",31.54960331,-1.083703039
"tree_103807",30.61869213,-27.38086854
"tree_1472645",34.92839037,-5.65263452
"tree_1125149",38.8573425,-7.302869503
"tree_898834",34.19333448,-7.183965322
"tree_2635691",22.13059999,-15.22282955
"tree_4870078",34.33740522,-13.51778331
"tree_3936683",26.63739223,-14.97690794
"tree_2648538",30.66334217,-12.5149874
"tree_140720",31.00199561,-25.71350559
"tree_4458672",32.76242061,-18.19469892
"tree_18985",29.53359714,-30.98883067
"tree_3094343",25.18521965,-13.74225163
"tree_216945",25.83596264,-27.2185134
"tree_3737184",26.12959608,-15.56007029
"tree_4296483",28.11139534,-18.64218971
"tree_3947662",29.03998108,-13.58251076
"tree_573470",39.18006755,-7.372913892
"tree_2893485",31.90294893,-12.32964471
"tree_1829184",38.61331548,-6.486315997
"tree_3217076",26.04440749,-12.05577746
"tree_2532634",22.3479436,-13.74513634
"tree_2877464",29.43942094,-10.11292461
"tree_2566409",32.10965523,-9.682291345
"tree_2268813",31.37523037,-9.176114713
"tree_2670424",23.77821054,-14.26618726
"tree_2604458",30.03808492,-13.59188607
"tree_196602",26.8711164,-32.3688043
"tree_4158551",30.91856142,-20.68735966
"tree_1457575",31.43511705,-4.22136713
"tree_2948519",28.32160233,-15.94851466
"tree_3098646",25.28798684,-12.34055253
"tree_2468286",29.6012342,-13.92479975
"tree_3033127",29.4891819,-12.15304631
"tree_1440756",37.70607947,-6.72800069
"tree_1172516",36.46629243,-4.08425321
"tree_579902",30.33253322,-5.433126042
"tree_2770391",32.36278705,-13.97248763
"tree_2749059",25.09624489,-16.93896215
"tree_219079",26.85867617,-32.04355313
"tree_766217",31.79831795,-6.660480424
"tree_4469902",31.20910401,-19.48335341
"tree_125064",22.08622339,-33.98081686
"tree_4324938",30.17151629,-17.08669945
"tree_3898946",30.09839304,-13.28754906
"tree_2378157",28.94947383,-10.44142107
"tree_2490242",28.68741748,-13.45107611
"tree_109106",29.93907668,-30.43902279
"tree_161768",30.72695824,-26.28305572
"tree_4443488",31.46629235,-19.105907
"tree_1468905",38.81281005,-6.585117349
"tree_2382771",26.78351997,-15.08021665
"tree_4433060",31.47882273,-20.12601293
"tree_4428286",32.2688678,-18.32063458
"tree_248293",18.6117018,-31.22213168
"tree_3003543",27.32259701,-12.51084062
"tree_931563",35.49775668,-8.542664201
"tree_158996",28.23936196,-30.80078358
"tree_217648",28.03671234,-31.24520936
"tree_30007",30.43235905,-27.27503571
"tree_3065059",26.10886235,-14.46045452
"tree_4456892",31.0648694,-18.85033964
"tree_1825263",31.73846057,-1.046472238
"tree_1532650",38.38136812,-10.16134766
"tree_4861640",33.77642274,-10.64560277
"tree_237914",31.29839773,-27.67835437
"tree_1143185",32.30530278,-6.112024746
"tree_4341236",30.49126639,-17.81058162
"tree_102196",29.69874577,-31.01163792
"tree_86781",29.24242352,-29.75778026
"tree_114041",30.7721217,-28.66303243
"tree_1919103",32.51931096,-6.566637169
"tree_4135291",31.12184207,-18.80220102
"tree_1165723",35.0219626,-9.558803649
"tree_1180098",34.22813109,-7.423125893
"tree_2330555",27.49081069,-14.14322646
"tree_4242692",29.23985087,-22.03460984
"tree_261748",24.72373351,-33.99163453
"tree_4848863",35.22850467,-17.03929425
"tree_1493890",38.84183727,-4.887194486
"tree_4461482",32.28040657,-18.45783865
"tree_1572472",38.42463852,-5.399050394
"tree_1103340",35.85158233,-10.46793835
"tree_4396975",31.32331979,-17.10292595
"tree_3777468",24.68589729,-11.5636638
"tree_418544",37.16474877,-7.532925205
"tree_3772006",23.53517514,-17.55737207
"tree_3255006",25.59980415,-11.90405969
"tree_3938602",32.94783889,-11.04721038
"tree_4984305",34.47244488,-16.12475072
"tree_1543238",34.01574556,-8.955087726
"tree_4470009",31.42157962,-19.03460055
"tree_2887568",27.16583197,-14.32325045
"tree_4511117",30.76161614,-18.64804928
"tree_202220",32.58677338,-27.47687533
"tree_3531443",27.17178165,-16.77895083
"tree_3287376",28.40958547,-12.92804195
"tree_275449",29.80620055,-30.69873692
"tree_1355859",39.24199831,-7.886753038
"tree_3877003",31.77187568,-13.02981816
"tree_4154561",29.19585931,-18.33442711
"tree_159018",30.92266657,-25.50769949
"tree_1827203",38.97020612,-7.210108016
"tree_1153093",32.08218979,-6.080653514
"tree_4458312",32.35558886,-18.32270797
"tree_36348",19.37019555,-34.4073935
"tree_31950",30.46418081,-25.83980184
"tree_2733765",32.09198648,-12.67220414
"tree_4325173",31.37028619,-19.52518172
"tree_1159007",31.45810445,-5.622525349
"tree_156091",29.27848217,-28.51951806
"tree_3435582",24.56870662,-15.39915751
"tree_3891063",28.6167425,-13.36958303
"tree_4013582",30.52289367,-12.04550068
"tree_2527070",25.22912107,-15.39474029
"tree_1765271",30.97978626,-3.673452335
"tree_2347051",27.11742321,-11.92046649
"tree_154944",29.22187009,-25.42160889
"tree_1508351",37.78315487,-3.95948946
"tree_2913662",27.26301007,-13.22480659
"tree_4429553",30.86889063,-20.90019724
"tree_3431167",30.74654754,-13.09490445
"tree_4492710",27.3072874,-18.56709708
"tree_838181",39.85968324,-10.83438679
"tree_1972509",35.49667493,-8.276549612
"tree_30813",23.09271052,-29.42423555
"tree_1105838",38.32367426,-6.740801595
"tree_325221",32.34406585,-6.111934598
"tree_18231",24.14751625,-33.21600786
"tree_637909",38.34377696,-5.998799839
"tree_96186",28.54414772,-31.21266622
"tree_1660529",31.5486117,-7.167558528
"tree_4113012",31.37649242,-9.174311768
"tree_104564",27.70803772,-31.75931895
"tree_272528",30.3359923,-28.07887846
"tree_2730964",26.21676791,-13.14989426
"tree_4262343",31.04052981,-16.70474569
"tree_1055607",38.42022133,-8.139435692
"tree_3544397",23.03873747,-13.29710466
"tree_4853199",33.64039148,-10.64533233
"tree_3796376",28.12481216,-14.9552726
"tree_3816332",29.74348563,-8.860869889
"tree_1208067",32.8922477,-8.269067393
"tree_2966713",29.00166875,-14.08652386
"tree_960379",38.93549965,-7.121944036
"tree_2902845",23.5511311,-16.71674925
"tree_267277",27.42434627,-25.78967999
"tree_1956122",39.22694381,-8.937599166
"tree_166933",29.42073356,-30.24700921
"tree_4429555",29.40671228,-19.98042517
"tree_155384",29.81043744,-26.226894
"tree_3327676",27.29780668,-14.07192001
"tree_3921136",27.9496572,-12.95598759
"tree_4150286",26.06281316,-18.77623863
"tree_1190311",38.03502464,-7.259688986
"tree_1282366",39.22982851,-8.107072841
"tree_3680685",28.08613924,-12.52616565
"tree_4938599",33.99818345,-10.52723948
"tree_2042710",28.92702731,-13.25798077
"tree_1756101",34.58961921,-9.655892204
"tree_4219790",31.49775352,-17.50994065
"tree_4008811",25.21577937,-14.72476616
"tree_3408322",32.93242381,-10.74269308
"tree_3047378",27.11246514,-14.81004543
"tree_3779775",24.07731717,-11.44295667
"tree_4794090",33.38987399,-11.79759408
"tree_3536849",25.86699886,-16.68032978
"tree_370977",37.84779003,-8.058122901
"tree_4945846",34.10816234,-10.84906505
"tree_4881550",33.96401788,-10.52913257
"tree_1844943",38.85319575,-5.255536022
"tree_2760893",29.10064978,-8.944346213
"tree_2890675",29.29942317,-11.0548729
"tree_209207",22.90962272,-27.50995936
"tree_1319641",30.02269915,-6.198025192
"tree_152751",23.11632894,-28.49671082
"tree_4996455",34.79057234,-16.25627551
"tree_158056",25.47681846,-26.12737147
"tree_1143312",34.24453778,-5.673638822
"tree_133719",29.79448149,-27.91607258
"tree_792575",39.30681376,-8.110949171
"tree_4541777",28.84428745,-20.51220361
"tree_178363",29.93610185,-30.68034689
"tree_3438813",25.06379209,-16.93742965
"tree_2082217",26.49856637,-14.48993266
"tree_2140805",28.82993935,-14.0722806
"tree_4567555",30.44466058,-18.66193195
"tree_84171",28.40054414,-32.54603373
"tree_4439766",28.58331295,-19.62263086
"tree_193678",30.24882051,-26.09960613
"tree_2571856",25.8199423,-15.72467911
"tree_1109397",38.4425777,-5.91514322
"tree_252598",30.56036726,-25.03965513
"tree_4611156",30.10769248,-19.45748116
"tree_1957840",32.36254591,-3.797585055
"tree_4911005",33.75280432,-10.52714933
"tree_3397210",28.30862121,-14.9651888
"tree_1241827",37.66803758,-4.409414228
"tree_4723088",33.97402416,-10.76640005
"tree_4244196",31.29294038,-20.12646367
"tree_607018",36.90837166,-11.26060284
"tree_4126439",25.45331582,-13.17657783
"tree_2479086",28.90340888,-14.31288352
"tree_221674",22.45609502,-33.46706786
"tree_2412401",26.2627427,-14.85412742
"tree_2758457",27.05071468,-11.90009322
"tree_2971431",25.39778548,-12.10887418
"tree_3064096",24.46026019,-13.96761968
"tree_591660",38.84436138,-5.138164343
"tree_1536109",38.27508521,-7.726741725
"tree_1214111",31.23625351,-3.831029673
"tree_3036968",27.9794056,-13.41673002
"tree_4397364",31.40255868,-20.02766231
"tree_3452946",30.56877833,-9.06243907
"tree_861824",35.75755937,-10.32893134
"tree_2901969",24.98698714,-14.24031501
"tree_2628",29.32292446,-31.305608
"tree_249548",30.28947664,-28.93726027
"tree_126742",19.47305286,-34.51647163
"tree_4338368",29.8769171,-19.29124969
"tree_2237542",22.48857239,-16.17703786
"tree_4566894",28.9499393,-17.92867448
"tree_756525",35.66966637,-2.17493512
"tree_1751241",37.57356388,-8.300528772
"tree_2080706",26.20567987,-12.75468885
"tree_902699",31.28466227,-1.865189277
"tree_4750012",33.86476644,-10.6546175
"tree_2612242",29.44464945,-10.516694
"tree_4857432",35.00917792,-16.41529521
"tree_174750",28.17707064,-25.7748057
"tree_35684",29.12370041,-26.19930895
"tree_4608999",31.46187517,-18.25672021
"tree_4341650",31.38696332,-18.67869934
"tree_4997870",33.79192796,-12.3738151
"tree_2720008",31.11569813,-8.75647941
"tree_3744691",31.78287357,-12.17810724
"tree_4873900",34.71980723,-15.07940357
"tree_4483624",32.3825427,-17.47397191
"tree_4316691",30.2877153,-19.24103769
"tree_260609",24.74239386,-34.15507143
"tree_2164359",26.36532961,-14.866117
"tree_4273945",30.45944463,-17.33162945
"tree_4901011",33.77858626,-11.6721993
"tree_4953481",33.69529077,-13.04982909
"tree_4542581",31.27319827,-17.82879136
"tree_1776553",36.52578922,-8.060466729
"tree_2558802",25.38832008,-15.30233939
"tree_185809",30.99225977,-26.06751372
"tree_115780",25.7889061,-33.5242212
"tree_3848658",28.41607603,-15.0008871
"tree_4252277",30.92955931,-17.07984827
"tree_881550",32.4467429,-6.055412292
"tree_3357608",26.02132994,-15.49300076
"tree_261436",20.55625477,-34.42893868
"tree_3437607",29.97597387,-9.802728029
"tree_985872",39.53939215,-10.22562263
"tree_83711",21.43806912,-34.2987661
"tree_4060833",27.9981561,-14.00322783
"tree_4770999",34.17000293,-10.5167824
"tree_821148",34.20162797,-7.570516596
"tree_1572457",35.43366241,-8.366516536
"tree_583485",31.72845429,-1.015912331
"tree_3379176",26.32476361,-14.6942964
"tree_4025336",23.24156746,-17.01811141
"tree_237835",30.06798637,-28.24096316
"tree_3719870",31.6188968,-12.89441704
"tree_3087541",31.45302694,-9.105078704
"tree_1894523",30.93525381,-1.937487346
"tree_3818741",28.19909301,-13.59738505
"tree_4153842",30.32873202,-17.69924981
"tree_3322208",29.22766643,-14.40780854
"tree_4969125",34.58224347,-13.67256608
"tree_3188976",29.48386324,-14.44485905
"tree_537058",36.60025037,-6.534815201
"tree_287161",29.223042,-25.42133845
"tree_3343643",24.80236677,-16.97006294
"tree_4696719",33.06038805,-13.23436045
"tree_3453106",26.19152684,-15.72233529
"tree_1194057",35.74980675,-1.990674205
"tree_1739589",35.38660585,-1.916122456
"tree_1256871",38.5155965,-6.269962673
"tree_4853863",34.18244317,-12.66859651
"tree_3777244",25.05784241,-11.50407649
"tree_980047",31.88909564,-8.047215088
"tree_4874564",34.13466545,-13.19478582
"tree_47447",29.1694949,-28.94393117
"tree_247003",28.24684413,-31.4791414
"tree_1938717",35.23155359,-8.179280763
"tree_1926988",37.44411327,-10.57773766
"tree_1352371",40.00572083,-10.28881583
"tree_3505370",27.04530588,-11.60504137
"tree_3799128",29.66613979,-9.46269272
"tree_347600",38.53380613,-9.92534224
"tree_4204695",30.51028733,-17.77127743
"tree_2339991",24.27699203,-17.47353515
"tree_1064081",32.10454617,-5.748731455
"tree_4982415",33.74090497,-13.17026578
"tree_844928",33.07407352,-7.10139047
"tree_3746742",30.61718708,-12.99339868
"tree_241762",25.9253881,-33.67765176
"tree_3058658",29.43157818,-13.78101493
"tree_3419264",29.36730361,-14.07714855
"tree_96399",30.06789622,-25.51040391
"tree_2507216",23.67977039,-14.68636345
"tree_4158611",30.89575432,-20.8498951
"tree_3257113",25.02656152,-16.25285167
"tree_1951950",37.60908166,-8.336858101
"tree_150850",32.17741753,-28.24456905
"tree_3437778",28.78324338,-13.87323554
"tree_427544",37.83643155,-6.099674577
"tree_692469",36.04188194,-2.594931012
"tree_3376943",27.77260915,-12.43827211
"tree_1932431",30.97374643,-7.837622804
"tree_563846",38.19782952,-7.504618979
"tree_3926749",22.14331067,-15.17685447
"tree_3111494",23.86862764,-14.60405904
"tree_2691073",26.52038186,-14.92363093
"tree_2529229",23.27744583,-14.16477164
"tree_3210841",27.98084794,-15.80698352
"tree_2187710",25.24895334,-15.20723408
"tree_2858543",29.04989721,-11.84744724
"tree_688621",31.68103715,-5.804893172
"tree_2537781",26.1033634,-15.59928433
"tree_1065926",35.21803159,-8.297463766
"tree_77455",24.39523919,-34.07357835
"tree_4767750",34.06020434,-11.25292459
"tree_3245774",29.98363634,-14.4399911
"tree_4210168",32.05116369,-17.59531006
"tree_4563556",29.07154711,-17.79579748
"tree_3749691",29.75565543,-9.599716493
"tree_1821954",36.60448726,-3.354601623
"tree_785225",37.59015087,-11.13205291
"tree_4050001",25.56491739,-16.91318004
"tree_2221072",26.35324995,-15.34975683
"tree_2754150",25.14537482,-11.65516322
"tree_115593",24.78395146,-34.10125354
"tree_1848973",38.58212474,-7.749008088
"tree_421432",34.32152303,-9.663374423
"tree_4772591",33.46559716,-10.88223922
"tree_5014123",33.48939587,-13.10409772
"tree_3651602",26.4748578,-14.72783117
"tree_730722",29.92335752,-6.167014549
"tree_75044",28.79628785,-32.13847815
"tree_2481597",28.02357746,-14.36039111
"tree_568275",39.36919525,-6.051175373
"tree_903522",32.93795206,-7.466937441
"tree_2278776",22.79002283,-16.98728106
"tree_3268639",26.12508875,-14.10996213
"tree_3835343",29.19692642,-15.22472264
"tree_926575",31.00295395,-1.953803993
"tree_412121",38.63738464,-7.667064267
"tree_48658",30.58732111,-29.25962673
"tree_3831283",29.03853873,-10.44863285
"tree_41180",29.60129726,-31.406032
"tree_254563",30.80836064,-24.83195594
"tree_291812",31.0168698,-24.61704497
"tree_139044",30.80980299,-27.17217773
"tree_4442496",31.35586273,-21.00008036
"tree_194133",30.66205266,-25.48867843
"tree_4542186",32.72329697,-18.7124144
"tree_3384942",31.83533893,-9.374168152
"tree_475211",37.43437743,-6.089938677
"tree_1751192",33.05604419,-5.850417517
"tree_4892663",33.48921558,-10.939663
"tree_4147222",31.76864415,-18.05172543
"tree_2113413",31.91908518,-12.91578193
"tree_3303111",25.35108951,-16.97556192
"tree_4520850",28.26031758,-20.0039536
"tree_4368212",32.68155908,-20.35606863
"tree_1599294",34.75071129,-7.213623757
"tree_2102258",24.96976913,-11.84762754
"tree_664397",38.97985181,-9.31504557
"tree_724575",38.91701959,-8.765508125
"tree_3068360",31.24262463,-11.47901556
"tree_2198642",30.7153568,-14.71250614
"tree_4948670",33.15720554,-13.19974392
"tree_436107",38.81308049,-5.894769949
"tree_2589373",23.57808495,-13.61298052
"tree_4279651",29.68887123,-20.1708161
"tree_2066783",28.99445701,-10.502
"tree_2762217",29.04998736,-12.19766919
"tree_4467475",30.78343162,-17.44242038
"tree_216186",22.25705126,-33.88021256
"tree_2004787",32.68175525,-3.344414987
"tree_2934883",26.89863726,-15.39446985
"tree_4305487",30.34504856,-18.18451228
"tree_279265",31.85667581,-28.13801503
"tree_4162651",30.75142957,-20.83871684
"tree_2315900",23.38661344,-14.15133971
"tree_3564449",31.27201244,-12.26275548
"tree_3708264",26.29321228,-17.47254353
"tree_1324304",37.39173806,-7.088860007
"tree_4114213",24.66534385,-17.13782691
"tree_121289",30.45363365,-26.75849215
"tree_786312",32.53607824,-6.352537525
"tree_619130",38.26742274,-6.183962226
"tree_4696642",33.7560496,-13.32243428
"tree_198439",27.26199219,-33.23187377
"tree_4568811",30.23597113,-20.67690258
"tree_2295509",26.10868206,-14.28538862
"tree_3957467",28.96002099,-14.29683732
"tree_4842723",33.47812754,-10.88584511
"tree_1910658",32.23390663,-5.919199845
"tree_1600602",35.03341123,-10.41520223
"tree_51883",30.51123735,-28.97872799
"tree_5024308",24.09425802,-18.98546682
"tree_1772583",31.61919654,-1.205041195
"tree_5026438",23.64956454,-18.48055225
"tree_1247646",38.03808963,-8.172519721
"tree_223842",29.47806682,-28.99279096
"tree_4269978",29.29186547,-16.50137356
"tree_2728702",27.17800177,-16.09211918
"tree_4772990",34.8397924,-14.30927588
"tree_3026382",30.48521237,-10.47847158
"tree_1841709",37.69634363,-9.045144797
"tree_4973976",34.78949058,-16.25176815
"tree_2694517",24.49947399,-13.47081835
"tree_4575678",29.26464119,-19.81888136
"tree_2574810",27.49847315,-16.59478007
"tree_4562990",31.62873658,-17.99547357
"tree_4418531",30.32674879,-18.59269889
"tree_2572673",25.77495911,-13.41700046
"tree_4792560",34.95094319,-16.26060258
"tree_31061",27.12136345,-24.65562798
"tree_4160837",26.21714419,-18.85115096
"tree_3724181",29.84679371,-13.7368428
"tree_4598372",31.92567958,-18.57827533
"tree_699816",36.49730288,-9.716651429
"tree_4235657",30.22073635,-18.57791475
"tree_4012137",23.36146252,-14.2891748
"tree_66509",31.6161646,-27.99368934
"tree_3045182",27.96849785,-16.03559687
"tree_3903346",30.00932814,-10.58132956
"tree_2801169",27.33873327,-11.89874101
"tree_2538750",30.13300936,-13.30846321
"tree_548929",32.68554141,-3.854017214
"tree_2406056",24.15439256,-14.73756707
"tree_2147040",24.45764594,-13.46297555
"tree_2129909",26.65983875,-14.4741569
"tree_1623859",31.23174618,-5.336217782
"tree_605646",39.64639623,-9.657244412
"tree_3282101",27.81948542,-12.42114414
"tree_73815",28.75247658,-31.34842793
"tree_2635744",28.18439911,-14.82482958
"tree_3295821",25.09813797,-12.73674955
"tree_2084063",26.25922698,-14.05172703
"tree_4132942",28.83193736,-20.41286138
"tree_3513140",31.62088002,-10.65020203
"tree_2789400",26.95515922,-15.17333872
"tree_3428732",26.60061239,-15.27114846
"tree_4072010",28.25480365,-15.47659397
"tree_4265192",27.94128865,-18.15449326
"tree_4237896",30.78307104,-19.52211671
"tree_4487123",31.85590609,-18.7593811
"tree_269455",26.87445183,-29.8390029
"tree_3376667",22.76730587,-15.58179577
"tree_1647792",40.07459288,-10.65625589
"tree_116933",28.09368501,-31.12170767
"tree_8873",21.95677283,-34.03084857
"tree_2950727",31.49918203,-10.45124712
"tree_78994",30.03535329,-29.16623421
"tree_4306501",30.76197672,-18.61568643
"tree_1704121",34.35009953,-8.995563827
"tree_3585774",26.31484747,-15.66139577
"tree_3076931",33.19871705,-12.01683387
"tree_673871",35.33954929,-11.20561304
"tree_4550103",27.62189914,-17.91569328
"tree_3959507",25.28005394,-17.33948624
"tree_1545223",31.55239786,-4.39444979
"tree_4914865",34.22030475,-11.12410421
"tree_3185745",27.94992764,-12.64074277
"tree_4858181",34.74225374,-16.25303021
"tree_3141339",31.30798096,-11.36038182
"tree_1078754",38.64198212,-6.030171071
"tree_457463",38.4008398,-6.163048071
"tree_1754222",36.71500707,-11.64138469
"tree_4832399",33.9795231,-10.58024604
"tree_4305624",31.56869892,-21.32758521
"tree_2935076",28.85202529,-13.9879028
"tree_578562",38.4616888,-5.321794227
"tree_271480",29.2924549,-22.1949695
"tree_4514665",31.08659474,-20.27493614
"tree_1032423",32.08615625,-6.078219539
"tree_3957699",27.37118606,-13.749824
"tree_219668",21.67533505,-32.31399479
"tree_563780",35.96660948,-5.365695923
"tree_259988",30.99207948,-27.12061352
"tree_161515",30.93204182,-25.25718037
"tree_2582855",26.24336117,-13.67049444
"tree_3917204",29.11985102,-14.24833811
"tree_1862057",38.99517675,-9.216965396
"tree_263095",31.60895287,-28.2962234
"tree_4231490",32.95966143,-19.96816515
"tree_182191",31.51592155,-29.1406324
"tree_965006",40.00436863,-10.73170911
"tree_4241206",30.47476956,-18.01954287
"tree_2756380",31.65315253,-13.23165778
"tree_3847822",28.89241099,-10.12103786
"tree_4278588",30.90864529,-17.09183785
"tree_4915022",34.12808475,-13.24788253
"tree_3126212",25.03395355,-13.72764778
"tree_161142",18.96453572,-34.07808571
"tree_4506587",31.21766794,-20.17288948
"tree_4413489",29.37128465,-16.65002633
"tree_1711119",29.84420875,-4.629283294
"tree_3743352",23.52634077,-17.41575079
"tree_1412989",31.00331454,-6.723853918
"tree_259237",31.33130125,-24.93292082
"tree_160455",31.48554213,-27.98954256
"tree_2530282",27.36514624,-14.19055375
"tree_1117199",35.34649059,-3.777752667
"tree_4158694",31.04179187,-17.76622919
"tree_3628488",25.99275345,-15.23959693
"tree_4036774",29.40219037,-15.23590089
"tree_1281970",31.62667871,-1.753496873
"tree_1903097",30.95490578,-5.257969997
"tree_2745079",30.56751627,-11.09543914
"tree_1122139",31.23192647,-6.846093547
"tree_3830456",27.57131165,-13.81977824
"tree_4368745",30.51010704,-17.77425229
"tree_3921100",25.68264893,-15.92561726
"tree_4239660",31.6281957,-21.16405815
"tree_4584517",29.35586958,-22.00395979
"tree_233402",29.00867331,-31.19634957
"tree_503276",30.96193722,-2.522272354
"tree_2316096",25.13581928,-14.81121735
"tree_87127",30.48870069,-25.74848271
"tree_4538476",30.99365357,-19.96266617
"tree_2147654",25.0286349,-14.24310958
"tree_750799",32.22759636,-5.686349579
"tree_2937588",27.14392633,-13.86602376
"tree_254884",30.53314298,-28.91165846
"tree_4086689",25.10039164,-15.16143929
"tree_1140735",39.22523103,-8.412762059
"tree_4176707",30.84103532,-17.46847293
"tree_4245238",31.29537434,-16.93921861
"tree_2045414",24.90215913,-12.10238358
"tree_1832950",37.31547399,-5.043329469
"tree_764891",31.26969793,-3.050264613
"tree_3037745",25.49757783,-12.01908755
"tree_4482597",31.07271216,-16.97275337
"tree_3512659",24.95714859,-11.73160807
"tree_1160012",36.3049299,-11.0529938
"tree_1335315",30.69257899,-4.003751744
"tree_4407616",31.37749792,-17.36291053
"tree_1483903",35.40481548,-3.438438536
"tree_618939",34.53147461,-9.840694002
"tree_4201456",31.73267564,-18.88432514
"tree_66915",28.91519125,-31.92546028
"tree_72290",26.93025259,-32.37439342
"tree_1879347",31.61126363,-3.798666822
"tree_1093808",39.63720127,-10.44756508
"tree_3761112",29.70950034,-14.30756484
"tree_979039",38.24155065,-5.801647872
"tree_2589882",26.47900455,-14.98988913
"tree_791882",38.33917948,-8.888378784
"tree_1273636",39.39876335,-11.00936254
"tree_3814740",30.65838411,-9.136179495
"tree_1058984",36.45691717,-4.103093979
"tree_2606608",28.29464847,-15.30089704
"tree_417801",38.18899514,-5.838698379
"tree_2592490",25.19811062,-15.30729749
"tree_59541",30.99739813,-28.29081457
"tree_4763506",34.18280375,-13.34704447
"tree_513471",38.50829462,-8.147639089
"tree_2879654",26.66605887,-12.85213799
"tree_1577737",29.76010192,-4.529219881
"tree_584599",37.66605436,-8.973838348
"tree_268086",27.37485577,-29.03281633
"tree_4060124",24.91577127,-14.51544432
"tree_4715463",34.11834891,-10.84690151
"tree_329335",38.73221893,-6.481718489
"tree_4226729",30.51560598,-16.21082908
"tree_2353498",30.28220209,-10.15258938
"tree_4777916",35.1232134,-16.6877201
"tree_3618645",31.28228916,-10.30493818
"tree_201123",27.19104679,-28.00288435
"tree_2249097",25.53444782,-12.00313149
"tree_1421390",38.77125244,-8.574756611
"tree_4934745",34.73657451,-15.96284632
"tree_3843245",30.34431314,-8.544272857
"tree_4931082",34.10338457,-13.48154412
"tree_1397597",32.48469464,-6.057034942
"tree_103472",30.50240298,-26.82907742
"tree_123167",31.86118314,-28.23005534
"tree_2890385",26.29186008,-16.19110082
"tree_4550799",31.21721721,-17.21786366
"tree_3415718",29.82443733,-9.391837007
"tree_3678022",31.23622421,-10.41464735
"tree_216758",29.58002265,-25.34813891
"tree_874314",32.30854806,-6.113376954
"tree_147438",24.06746604,-33.56758201
"tree_1959759",30.01070964,-4.673906167
"tree_3734889",24.11481818,-13.75965004
"tree_2154260",29.50162214,-14.15792045
"tree_42846",19.50911151,-33.51304294
"tree_4370720",31.15222149,-16.75468725
"tree_582723",39.38731473,-7.101120028
"tree_86661",28.68693998,-30.95574665
"tree_840978",31.11284273,-8.168913833
"tree_1952008",30.9962831,-1.597361891
"tree_1627112",37.18322883,-9.417542958
"tree_1878762",36.87168197,-9.996197954
"tree_808490",30.99114474,-2.838869385
"tree_4139771",30.47494985,-18.18559405
"tree_4523307",31.63684978,-17.56592207
"tree_4012388",26.27013473,-16.29341792
"tree_2468759",28.21640117,-14.64038837
"tree_3127995",27.89574949,-13.70907745
"tree_4403013",32.65902242,-18.57088326
"tree_4538472",32.17845073,-17.2230922
"tree_229463",28.31274132,-32.20230238
"tree_4393511",31.83102562,-18.86097701
"tree_4306700",29.26103532,-15.9378633
"tree_275174",25.60617888,-31.67809631
"tree_1428874",38.68155651,-5.949849899
"tree_4561757",31.38642244,-17.673648
"tree_4508486",29.47657592,-22.09627054
"tree_2873289",31.94180214,-11.28601036
"tree_79333",28.92970486,-31.97044374
"tree_4372397",32.58537262,-19.39618105
"tree_3414292",25.6012465,-17.51401126
"tree_4019692",27.08677334,-12.2668121
